article_url,player_name,team,position,resolution_method,headline,date_published
https://www.nbcsports.com/nfl/profootballtalk/rumor-mill/news/a-j-bouye-ruled-out-for-week-eight,aj bouye,JAX,DB,unique,A.J. Bouye ruled out for Week Eight,2018-10-25T16:51:49Z
https://www.nbcsports.com/nfl/profootballtalk/rumor-mill/news/a-j-bouye-ruled-out-for-week-eight,tyler patmon,JAX,DB,unique,A.J. Bouye ruled out for Week Eight,2018-10-25T16:51:49Z
https://www.nbcsports.com/nfl/profootballtalk/rumor-mill/news/a-j-bouye-ruled-out-for-week-eight,dj hayden,JAX,DB,unique,A.J. Bouye ruled out for Week Eight,2018-10-25T16:51:49Z
https://www.nbcsports.com/nfl/profootballtalk/rumor-mill/news/a-j-bouye-ruled-out-for-week-eight,tre herndon,JAX,DB,unique,A.J. Bouye ruled out for Week Eight,2018-10-25T16:51:49Z
https://www.nbcsports.com/nfl/profootballtalk/rumor-mill/news/a-j-bouye-ruled-out-for-week-eight,quenton meeks,JAX,DB,unique,A.J. Bouye ruled out for Week Eight,2018-10-25T16:51:49Z
https://www.nbcsports.com/nfl/profootballtalk/rumor-mill/news/a-j-bouye-ruled-out-for-week-eight,dee delaney,JAX,DB,unique,A.J. Bouye ruled out for Week Eight,2018-10-25T16:51:49Z
https://www.nbcsports.com/nfl/profootballtalk/rumor-mill/news/a-j-bouye-ruled-out-for-week-eight,jalen ramsey,JAX,DB,unique,A.J. Bouye ruled out for Week Eight,2018-10-25T16:51:49Z
https://www.nbcsports.com/nfl/profootballtalk/rumor-mill/news/a-j-brown-julio-jones-bud-dupree-out-for-week-four,aj brown,TEN,WR,unique,"A.J. Brown, Julio Jones, Bud Dupree out for Week Four",2021-10-01T14:22:15Z
https://www.nbcsports.com/nfl/profootballtalk/rumor-mill/news/a-j-brown-julio-jones-bud-dupree-out-for-week-four,julio jones,TEN,WR,unique,"A.J. Brown, Julio Jones, Bud Dupree out for Week Four",2021-10-01T14:22:15Z
https://www.nbcsports.com/nfl/profootballtalk/rumor-mill/news/a-j-brown-julio-jones-bud-dupree-out-for-week-four,bud dupree,TEN,LB,unique,"A.J. Brown, Julio Jones, Bud Dupree out for Week Four",2021-10-01T14:22:15Z
https://www.nbcsports.com/nfl/profootballtalk/rumor-mill/news/a-j-brown-julio-jones-bud-dupree-out-for-week-four,marcus johnson,TEN,WR,unique,"A.J. Brown, Julio Jones, Bud Dupree out for Week Four",2021-10-01T14:22:15Z
https://www.nbcsports.com/nfl/profootballtalk/rumor-mill/news/a-j-brown-julio-jones-bud-dupree-out-for-week-four,josh reynolds,TEN,WR,unique,"A.J. Brown, Julio Jones, Bud Dupree out for Week Four",2021-10-01T14:22:15Z
https://www.nbcsports.com/nfl/profootballtalk/rumor-mill/news/a-j-brown-julio-jones-bud-dupree-out-for-week-four,nick westbrookikhine,TEN,WR,unique,"A.J. Brown, Julio Jones, Bud Dupree out for Week Four",2021-10-01T14:22:15Z
https://www.nbcsports.com/nfl/profootballtalk/rumor-mill/news/a-j-brown-julio-jones-bud-dupree-out-for-week-four,chester rogers,TEN,WR,unique,"A.J. Brown, Julio Jones, Bud Dupree out for Week Four",2021-10-01T14:22:15Z
https://www.nbcsports.com/nfl/profootballtalk/rumor-mill/news/a-j-brown-julio-jones-bud-dupree-out-for-week-four,cameron batson,TEN,WR,unique,"A.J. Brown, Julio Jones, Bud Dupree out for Week Four",2021-10-01T14:22:15Z
https://www.nbcsports.com/nfl/profootballtalk/rumor-mill/news/a-j-brown-julio-jones-bud-dupree-out-for-week-four,racey mcmath,TEN,WR,unique,"A.J. Brown, Julio Jones, Bud Dupree out for Week Four",2021-10-01T14:22:15Z
https://www.nbcsports.com/nfl/profootballtalk/rumor-mill/news/a-j-brown-julio-jones-bud-dupree-out-for-week-four,caleb farley,TEN,DB,unique,"A.J. Brown, Julio Jones, Bud Dupree out for Week Four",2021-10-01T14:22:15Z
https://www.nbcsports.com/nfl/profootballtalk/rumor-mill/news/a-j-brown-julio-jones-bud-dupree-out-for-week-four,brett kern,TEN,P,unique,"A.J. Brown, Julio Jones, Bud Dupree out for Week Four",2021-10-01T14:22:15Z
https://www.nbcsports.com/nfl/profootballtalk/rumor-mill/news/aaron-rodgers-hopes-getting-his-toe-stepped-on-again-wont-be-a-major-setback,aaron rodgers,GB,QB,unique,Aaron Rodgers hopes getting his toe stepped on (again) won’t be a “major setback”,"December 26, 2021"
https://www.nbcsports.com/nfl/profootballtalk/rumor-mill/news/alex-smith-taken-to-hospital-by-ambulance-after-ankle-injury,alex smith,WAS,QB,unique,Alex Smith taken to hospital by ambulance after ankle injury,2018-11-18T15:16:02Z
https://www.nbcsports.com/nfl/profootballtalk/rumor-mill/news/alvin-kamara-is-inactive-for-vikings-saints,alvin kamara,NO,RB,unique,Alvin Kamara is inactive for Vikings-Saints,"October 2, 2022"
https://www.nbcsports.com/nfl/profootballtalk/rumor-mill/news/alvin-kamara-is-inactive-for-vikings-saints,jameis winston,NO,QB,unique,Alvin Kamara is inactive for Vikings-Saints,"October 2, 2022"
https://www.nbcsports.com/nfl/profootballtalk/rumor-mill/news/alvin-kamara-is-inactive-for-vikings-saints,michael thomas,,DB,ambiguous,Alvin Kamara is inactive for Vikings-Saints,"October 2, 2022"
https://www.nbcsports.com/nfl/profootballtalk/rumor-mill/news/alvin-kamara-is-inactive-for-vikings-saints,tony jones,NO,RB,unique,Alvin Kamara is inactive for Vikings-Saints,"October 2, 2022"
https://www.nbcsports.com/nfl/profootballtalk/rumor-mill/news/alvin-kamara-is-inactive-for-vikings-saints,marcus maye,NO,DB,unique,Alvin Kamara is inactive for Vikings-Saints,"October 2, 2022"
https://www.nbcsports.com/nfl/profootballtalk/rumor-mill/news/alvin-kamara-is-inactive-for-vikings-saints,andrus peat,NO,OL,unique,Alvin Kamara is inactive for Vikings-Saints,"October 2, 2022"
https://www.nbcsports.com/nfl/profootballtalk/rumor-mill/news/alvin-kamara-is-inactive-for-vikings-saints,nick vannett,NO,TE,unique,Alvin Kamara is inactive for Vikings-Saints,"October 2, 2022"
https://www.nbcsports.com/nfl/profootballtalk/rumor-mill/news/alvin-kamara-is-inactive-for-vikings-saints,latavius murray,NO,RB,unique,Alvin Kamara is inactive for Vikings-Saints,"October 2, 2022"
https://www.nbcsports.com/nfl/profootballtalk/rumor-mill/news/alvin-kamara-is-inactive-for-vikings-saints,mark ingram,NO,RB,unique,Alvin Kamara is inactive for Vikings-Saints,"October 2, 2022"
https://www.nbcsports.com/nfl/profootballtalk/rumor-mill/news/amari-cooper-lael-collins-zack-martin-miss-practice,amari cooper,DAL,WR,unique,"Amari Cooper, La’el Collins, Zack Martin miss practice",2019-11-13T17:20:27Z
https://www.nbcsports.com/nfl/profootballtalk/rumor-mill/news/amari-cooper-lael-collins-zack-martin-miss-practice,lael collins,DAL,OL,unique,"Amari Cooper, La’el Collins, Zack Martin miss practice",2019-11-13T17:20:27Z
https://www.nbcsports.com/nfl/profootballtalk/rumor-mill/news/amari-cooper-lael-collins-zack-martin-miss-practice,zack martin,DAL,OL,unique,"Amari Cooper, La’el Collins, Zack Martin miss practice",2019-11-13T17:20:27Z
https://www.nbcsports.com/nfl/profootballtalk/rumor-mill/news/amari-cooper-lael-collins-zack-martin-miss-practice,michael bennett,DAL,DL,tag_disambiguated,"Amari Cooper, La’el Collins, Zack Martin miss practice",2019-11-13T17:20:27Z
https://www.nbcsports.com/nfl/profootballtalk/rumor-mill/news/amari-cooper-lael-collins-zack-martin-miss-practice,connor williams,DAL,OL,unique,"Amari Cooper, La’el Collins, Zack Martin miss practice",2019-11-13T17:20:27Z
https://www.nbcsports.com/nfl/profootballtalk/rumor-mill/news/amari-cooper-lael-collins-zack-martin-miss-practice,cameron fleming,DAL,OL,unique,"Amari Cooper, La’el Collins, Zack Martin miss practice",2019-11-13T17:20:27Z
https://www.nbcsports.com/nfl/profootballtalk/rumor-mill/news/amari-cooper-lael-collins-zack-martin-miss-practice,jeff heath,DAL,DB,unique,"Amari Cooper, La’el Collins, Zack Martin miss practice",2019-11-13T17:20:27Z
https://www.nbcsports.com/nfl/profootballtalk/rumor-mill/news/amari-cooper-lael-collins-zack-martin-miss-practice,demarcus lawrence,DAL,DL,unique,"Amari Cooper, La’el Collins, Zack Martin miss practice",2019-11-13T17:20:27Z
https://www.nbcsports.com/nfl/profootballtalk/rumor-mill/news/amari-cooper-lael-collins-zack-martin-miss-practice,antwaun woods,DAL,DL,unique,"Amari Cooper, La’el Collins, Zack Martin miss practice",2019-11-13T17:20:27Z
https://www.nbcsports.com/nfl/profootballtalk/rumor-mill/news/amari-cooper-lael-collins-zack-martin-miss-practice,michael gallup,DAL,WR,unique,"Amari Cooper, La’el Collins, Zack Martin miss practice",2019-11-13T17:20:27Z
https://www.nbcsports.com/nfl/profootballtalk/rumor-mill/news/amari-cooper-lael-collins-zack-martin-miss-practice,sean lee,DAL,LB,unique,"Amari Cooper, La’el Collins, Zack Martin miss practice",2019-11-13T17:20:27Z
https://www.nbcsports.com/nfl/profootballtalk/rumor-mill/news/amari-cooper-lael-collins-zack-martin-miss-practice,tyron smith,DAL,OL,unique,"Amari Cooper, La’el Collins, Zack Martin miss practice",2019-11-13T17:20:27Z
https://www.nbcsports.com/nfl/profootballtalk/rumor-mill/news/andrew-luck-turns-up-on-colts-injury-report,andrew luck,IND,QB,unique,Andrew Luck turns up on Colts injury report,2018-09-26T16:51:38Z
https://www.nbcsports.com/nfl/profootballtalk/rumor-mill/news/bears-nickel-bryce-callahan-has-broken-bone-in-foot,bryce callahan,CHI,DB,unique,Bears nickel Bryce Callahan has broken bone in foot,2018-12-11T14:59:49Z
https://www.nbcsports.com/nfl/profootballtalk/rumor-mill/news/bengals-activate-samaje-perine-off-covid-19-list,samaje perine,CIN,RB,unique,Bengals activate Samaje Perine off COVID-19 list,2021-10-21T09:53:47Z
https://www.nbcsports.com/nfl/profootballtalk/rumor-mill/news/bengals-activate-samaje-perine-off-covid-19-list,joe mixon,CIN,RB,unique,Bengals activate Samaje Perine off COVID-19 list,2021-10-21T09:53:47Z
https://www.nbcsports.com/nfl/profootballtalk/rumor-mill/news/broncos-will-list-drew-lock-as-questionable,drew lock,DEN,QB,unique,Broncos will list Drew Lock as questionable,2020-11-20T13:09:56Z
https://www.nbcsports.com/nfl/profootballtalk/rumor-mill/news/broncos-will-list-drew-lock-as-questionable,brett rypien,DEN,QB,unique,Broncos will list Drew Lock as questionable,2020-11-20T13:09:56Z
https://www.nbcsports.com/nfl/profootballtalk/rumor-mill/news/cardinals-activate-jalen-thompson-from-injured-reserve,jalen thompson,ARI,DB,unique,Cardinals activate Jalen Thompson from injured reserve,2020-11-04T10:53:18Z
https://www.nbcsports.com/nfl/profootballtalk/rumor-mill/news/cardinals-activate-jalen-thompson-from-injured-reserve,deionte thompson,ARI,DB,unique,Cardinals activate Jalen Thompson from injured reserve,2020-11-04T10:53:18Z
https://www.nbcsports.com/nfl/profootballtalk/rumor-mill/news/cardinals-activate-jalen-thompson-from-injured-reserve,chris banjo,ARI,DB,unique,Cardinals activate Jalen Thompson from injured reserve,2020-11-04T10:53:18Z
https://www.nbcsports.com/nfl/profootballtalk/rumor-mill/news/cardinals-activate-jalen-thompson-from-injured-reserve,budda baker,ARI,DB,unique,Cardinals activate Jalen Thompson from injured reserve,2020-11-04T10:53:18Z
https://www.nbcsports.com/nfl/profootballtalk/rumor-mill/news/cardinals-activate-jalen-thompson-from-injured-reserve,devon kennard,ARI,LB,unique,Cardinals activate Jalen Thompson from injured reserve,2020-11-04T10:53:18Z
https://www.nbcsports.com/nfl/profootballtalk/rumor-mill/news/cardinals-activate-jalen-thompson-from-injured-reserve,byron murphy,ARI,DB,unique,Cardinals activate Jalen Thompson from injured reserve,2020-11-04T10:53:18Z
https://www.nbcsports.com/nfl/profootballtalk/rumor-mill/news/cardinals-designate-zach-allen-for-return-from-ir,zach allen,ARI,DL,unique,Cardinals designate Zach Allen for return from IR,2020-11-24T12:56:06Z
https://www.nbcsports.com/nfl/profootballtalk/rumor-mill/news/cardinals-designate-zach-allen-for-return-from-ir,domata peko,ARI,DL,unique,Cardinals designate Zach Allen for return from IR,2020-11-24T12:56:06Z
https://www.nbcsports.com/nfl/profootballtalk/rumor-mill/news/cardinals-designate-zach-allen-for-return-from-ir,corey peters,ARI,DL,unique,Cardinals designate Zach Allen for return from IR,2020-11-24T12:56:06Z
https://www.nbcsports.com/nfl/profootballtalk/rumor-mill/news/cardinals-designate-zach-allen-for-return-from-ir,jordan phillips,ARI,DL,unique,Cardinals designate Zach Allen for return from IR,2020-11-24T12:56:06Z
https://www.nbcsports.com/nfl/profootballtalk/rumor-mill/news/cardinals-designate-zach-allen-for-return-from-ir,michael dogbe,ARI,DL,unique,Cardinals designate Zach Allen for return from IR,2020-11-24T12:56:06Z
https://www.nbcsports.com/nfl/profootballtalk/rumor-mill/news/cardinals-place-justin-murray-on-injured-reserve,justin murray,ARI,OL,unique,Cardinals place Justin Murray on injured reserve,2021-10-08T17:08:28Z
https://www.nbcsports.com/nfl/profootballtalk/rumor-mill/news/cardinals-place-justin-murray-on-injured-reserve,kelvin beachum,ARI,OL,unique,Cardinals place Justin Murray on injured reserve,2021-10-08T17:08:28Z
https://www.nbcsports.com/nfl/profootballtalk/rumor-mill/news/cardinals-place-justin-murray-on-injured-reserve,josh jones,ARI,OL,unique,Cardinals place Justin Murray on injured reserve,2021-10-08T17:08:28Z
https://www.nbcsports.com/nfl/profootballtalk/rumor-mill/news/cardinals-place-justin-murray-on-injured-reserve,max garcia,ARI,OL,unique,Cardinals place Justin Murray on injured reserve,2021-10-08T17:08:28Z
https://www.nbcsports.com/nfl/profootballtalk/rumor-mill/news/cardinals-place-justin-murray-on-injured-reserve,byron murphy,ARI,DB,unique,Cardinals place Justin Murray on injured reserve,2021-10-08T17:08:28Z
https://www.nbcsports.com/nfl/profootballtalk/rumor-mill/news/cardinals-place-justin-murray-on-injured-reserve,chase edmonds,ARI,RB,unique,Cardinals place Justin Murray on injured reserve,2021-10-08T17:08:28Z
https://www.nbcsports.com/nfl/profootballtalk/rumor-mill/news/cardinals-place-justin-murray-on-injured-reserve,marco wilson,ARI,DB,unique,Cardinals place Justin Murray on injured reserve,2021-10-08T17:08:28Z
https://www.nbcsports.com/nfl/profootballtalk/rumor-mill/news/cardinals-place-justin-murray-on-injured-reserve,maxx williams,ARI,TE,unique,Cardinals place Justin Murray on injured reserve,2021-10-08T17:08:28Z
https://www.nbcsports.com/nfl/profootballtalk/rumor-mill/news/cardinals-place-kyler-murray-rondale-moore-on-injured-reserve,kyler murray,ARI,QB,unique,"Cardinals place Kyler Murray, Rondale Moore on injured reserve","December 14, 2022"
https://www.nbcsports.com/nfl/profootballtalk/rumor-mill/news/cardinals-place-kyler-murray-rondale-moore-on-injured-reserve,rondale moore,ARI,WR,unique,"Cardinals place Kyler Murray, Rondale Moore on injured reserve","December 14, 2022"
https://www.nbcsports.com/nfl/profootballtalk/rumor-mill/news/cardinals-place-kyler-murray-rondale-moore-on-injured-reserve,david blough,ARI,QB,unique,"Cardinals place Kyler Murray, Rondale Moore on injured reserve","December 14, 2022"
https://www.nbcsports.com/nfl/profootballtalk/rumor-mill/news/cardinals-place-kyler-murray-rondale-moore-on-injured-reserve,colt mccoy,ARI,QB,unique,"Cardinals place Kyler Murray, Rondale Moore on injured reserve","December 14, 2022"
https://www.nbcsports.com/nfl/profootballtalk/rumor-mill/news/cardinals-place-kyler-murray-rondale-moore-on-injured-reserve,trace mcsorley,ARI,QB,unique,"Cardinals place Kyler Murray, Rondale Moore on injured reserve","December 14, 2022"
https://www.nbcsports.com/nfl/profootballtalk/rumor-mill/news/cardinals-place-kyler-murray-rondale-moore-on-injured-reserve,carson strong,ARI,QB,unique,"Cardinals place Kyler Murray, Rondale Moore on injured reserve","December 14, 2022"
https://www.nbcsports.com/nfl/profootballtalk/rumor-mill/news/cardinals-place-kyler-murray-rondale-moore-on-injured-reserve,maxx williams,ARI,TE,unique,"Cardinals place Kyler Murray, Rondale Moore on injured reserve","December 14, 2022"
https://www.nbcsports.com/nfl/profootballtalk/rumor-mill/news/cardinals-place-kyler-murray-rondale-moore-on-injured-reserve,jace whittaker,ARI,DB,unique,"Cardinals place Kyler Murray, Rondale Moore on injured reserve","December 14, 2022"
https://www.nbcsports.com/nfl/profootballtalk/rumor-mill/news/cardinals-place-kyler-murray-rondale-moore-on-injured-reserve,trayvon mullen,DAL,DB,unique,"Cardinals place Kyler Murray, Rondale Moore on injured reserve","December 14, 2022"
https://www.nbcsports.com/nfl/profootballtalk/rumor-mill/news/cardinals-place-kyler-murray-rondale-moore-on-injured-reserve,will hernandez,ARI,OL,unique,"Cardinals place Kyler Murray, Rondale Moore on injured reserve","December 14, 2022"
https://www.nbcsports.com/nfl/profootballtalk/rumor-mill/news/cassius-marsh-disagrees-with-being-ruled-out-for-a-concussion,cassius marsh,ARI,LB,unique,Cassius Marsh disagrees with being ruled out for a concussion,2019-10-27T13:51:53Z
https://www.nbcsports.com/nfl/profootballtalk/rumor-mill/news/cassius-marsh-disagrees-with-being-ruled-out-for-a-concussion,michael thomas,NO,WR,tag_disambiguated,Cassius Marsh disagrees with being ruled out for a concussion,2019-10-27T13:51:53Z
https://www.nbcsports.com/nfl/profootballtalk/rumor-mill/news/ceedee-lamb-limited-in-wednesdays-practice-dak-prescott-full-participant,ceedee lamb,DAL,WR,unique,CeeDee Lamb limited in Wednesday’s practice; Dak Prescott full participant,"October 19, 2022"
https://www.nbcsports.com/nfl/profootballtalk/rumor-mill/news/ceedee-lamb-limited-in-wednesdays-practice-dak-prescott-full-participant,dak prescott,DAL,QB,unique,CeeDee Lamb limited in Wednesday’s practice; Dak Prescott full participant,"October 19, 2022"
https://www.nbcsports.com/nfl/profootballtalk/rumor-mill/news/ceedee-lamb-limited-in-wednesdays-practice-dak-prescott-full-participant,quinton bohanna,DAL,DL,unique,CeeDee Lamb limited in Wednesday’s practice; Dak Prescott full participant,"October 19, 2022"
https://www.nbcsports.com/nfl/profootballtalk/rumor-mill/news/ceedee-lamb-limited-in-wednesdays-practice-dak-prescott-full-participant,neville gallimore,DAL,DL,unique,CeeDee Lamb limited in Wednesday’s practice; Dak Prescott full participant,"October 19, 2022"
https://www.nbcsports.com/nfl/profootballtalk/rumor-mill/news/ceedee-lamb-limited-in-wednesdays-practice-dak-prescott-full-participant,devin harper,DAL,LB,unique,CeeDee Lamb limited in Wednesday’s practice; Dak Prescott full participant,"October 19, 2022"
https://www.nbcsports.com/nfl/profootballtalk/rumor-mill/news/ceedee-lamb-limited-in-wednesdays-practice-dak-prescott-full-participant,jason peters,DAL,OL,unique,CeeDee Lamb limited in Wednesday’s practice; Dak Prescott full participant,"October 19, 2022"
https://www.nbcsports.com/nfl/profootballtalk/rumor-mill/news/ceedee-lamb-limited-in-wednesdays-practice-dak-prescott-full-participant,dalton schultz,DAL,TE,unique,CeeDee Lamb limited in Wednesday’s practice; Dak Prescott full participant,"October 19, 2022"
https://www.nbcsports.com/nfl/profootballtalk/rumor-mill/news/chiefs-place-willie-gay-on-covid-19-reserve-list-rule-out-ljarius-sneed,willie gay,KC,LB,unique,"Chiefs place Willie Gay on COVID-19 reserve list, rule out L’Jarius Sneed","December 15, 2021"
https://www.nbcsports.com/nfl/profootballtalk/rumor-mill/news/chiefs-place-willie-gay-on-covid-19-reserve-list-rule-out-ljarius-sneed,ljarius sneed,KC,DB,unique,"Chiefs place Willie Gay on COVID-19 reserve list, rule out L’Jarius Sneed","December 15, 2021"
https://www.nbcsports.com/nfl/profootballtalk/rumor-mill/news/chiefs-place-willie-gay-on-covid-19-reserve-list-rule-out-ljarius-sneed,chris jones,,DL,ambiguous,"Chiefs place Willie Gay on COVID-19 reserve list, rule out L’Jarius Sneed","December 15, 2021"
https://www.nbcsports.com/nfl/profootballtalk/rumor-mill/news/chiefs-place-willie-gay-on-covid-19-reserve-list-rule-out-ljarius-sneed,josh gordon,KC,WR,unique,"Chiefs place Willie Gay on COVID-19 reserve list, rule out L’Jarius Sneed","December 15, 2021"
https://www.nbcsports.com/nfl/profootballtalk/rumor-mill/news/chiefs-place-willie-gay-on-covid-19-reserve-list-rule-out-ljarius-sneed,andrew wylie,KC,OL,unique,"Chiefs place Willie Gay on COVID-19 reserve list, rule out L’Jarius Sneed","December 15, 2021"
https://www.nbcsports.com/nfl/profootballtalk/rumor-mill/news/christian-barmore-placed-on-injured-reserve,christian barmore,NE,DL,unique,Christian Barmore placed on injured reserve,"November 18, 2022"
https://www.nbcsports.com/nfl/profootballtalk/rumor-mill/news/christian-barmore-placed-on-injured-reserve,kody russey,NE,OL,unique,Christian Barmore placed on injured reserve,"November 18, 2022"
https://www.nbcsports.com/nfl/profootballtalk/rumor-mill/news/christian-barmore-placed-on-injured-reserve,david andrews,NE,OL,unique,Christian Barmore placed on injured reserve,"November 18, 2022"
https://www.nbcsports.com/nfl/profootballtalk/rumor-mill/news/colt-mccoy-kyler-murray-injury-unfortunate-ill-focus-on-finishing-strong,colt mccoy,ARI,QB,unique,"Colt McCoy: Kyler Murray injury unfortunate, I’ll focus on finishing strong","December 13, 2022"
https://www.nbcsports.com/nfl/profootballtalk/rumor-mill/news/colt-mccoy-kyler-murray-injury-unfortunate-ill-focus-on-finishing-strong,kyler murray,ARI,QB,unique,"Colt McCoy: Kyler Murray injury unfortunate, I’ll focus on finishing strong","December 13, 2022"
https://www.nbcsports.com/nfl/profootballtalk/rumor-mill/news/colts-put-jihad-ward-on-ir-promote-steve-ishmael,jihad ward,IND,DL,unique,"Colts put Jihad Ward on IR, promote Steve Ishmael",2018-10-26T14:55:02Z
https://www.nbcsports.com/nfl/profootballtalk/rumor-mill/news/colts-put-jihad-ward-on-ir-promote-steve-ishmael,steve ishmael,IND,WR,unique,"Colts put Jihad Ward on IR, promote Steve Ishmael",2018-10-26T14:55:02Z
https://www.nbcsports.com/nfl/profootballtalk/rumor-mill/news/colts-put-jihad-ward-on-ir-promote-steve-ishmael,ryan grant,IND,WR,unique,"Colts put Jihad Ward on IR, promote Steve Ishmael",2018-10-26T14:55:02Z
https://www.nbcsports.com/nfl/profootballtalk/rumor-mill/news/colts-put-jihad-ward-on-ir-promote-steve-ishmael,ty hilton,IND,WR,unique,"Colts put Jihad Ward on IR, promote Steve Ishmael",2018-10-26T14:55:02Z
https://www.nbcsports.com/nfl/profootballtalk/rumor-mill/news/colts-put-jihad-ward-on-ir-promote-steve-ishmael,chester rogers,IND,WR,unique,"Colts put Jihad Ward on IR, promote Steve Ishmael",2018-10-26T14:55:02Z
https://www.nbcsports.com/nfl/profootballtalk/rumor-mill/news/colts-put-jihad-ward-on-ir-promote-steve-ishmael,zach pascal,IND,WR,unique,"Colts put Jihad Ward on IR, promote Steve Ishmael",2018-10-26T14:55:02Z
https://www.nbcsports.com/nfl/profootballtalk/rumor-mill/news/colts-put-jihad-ward-on-ir-promote-steve-ishmael,dontrelle inman,IND,WR,unique,"Colts put Jihad Ward on IR, promote Steve Ishmael",2018-10-26T14:55:02Z
https://www.nbcsports.com/nfl/profootballtalk/rumor-mill/news/commanders-place-j-d-mckissic-on-injured-reserve,jd mckissic,WAS,RB,unique,Commanders place J.D. McKissic on injured reserve,2022-11-19T11:35:15Z
https://www.nbcsports.com/nfl/profootballtalk/rumor-mill/news/commanders-place-j-d-mckissic-on-injured-reserve,chase young,WAS,DL,unique,Commanders place J.D. McKissic on injured reserve,2022-11-19T11:35:15Z
https://www.nbcsports.com/nfl/profootballtalk/rumor-mill/news/commanders-place-j-d-mckissic-on-injured-reserve,brian robinson,WAS,RB,unique,Commanders place J.D. McKissic on injured reserve,2022-11-19T11:35:15Z
https://www.nbcsports.com/nfl/profootballtalk/rumor-mill/news/commanders-place-j-d-mckissic-on-injured-reserve,antonio gibson,WAS,RB,unique,Commanders place J.D. McKissic on injured reserve,2022-11-19T11:35:15Z
https://www.nbcsports.com/nfl/profootballtalk/rumor-mill/news/dandre-swift-plans-to-play-but-ankle-injury-could-limit-him,dandre swift,DET,RB,unique,"D’Andre Swift plans to play, but ankle injury could limit him","September 18, 2022"
https://www.nbcsports.com/nfl/profootballtalk/rumor-mill/news/dandre-swift-plans-to-play-but-ankle-injury-could-limit-him,jamaal williams,DET,RB,unique,"D’Andre Swift plans to play, but ankle injury could limit him","September 18, 2022"
https://www.nbcsports.com/nfl/profootballtalk/rumor-mill/news/david-montgomery-questionable-for-bears,david montgomery,CHI,RB,unique,David Montgomery questionable for Bears,2019-11-15T14:28:26Z
https://www.nbcsports.com/nfl/profootballtalk/rumor-mill/news/david-montgomery-questionable-for-bears,adam shaheen,CHI,TE,unique,David Montgomery questionable for Bears,2019-11-15T14:28:26Z
https://www.nbcsports.com/nfl/profootballtalk/rumor-mill/news/david-montgomery-questionable-for-bears,trey burton,CHI,TE,unique,David Montgomery questionable for Bears,2019-11-15T14:28:26Z
https://www.nbcsports.com/nfl/profootballtalk/rumor-mill/news/david-montgomery-questionable-for-bears,danny trevathan,CHI,LB,unique,David Montgomery questionable for Bears,2019-11-15T14:28:26Z
https://www.nbcsports.com/nfl/profootballtalk/rumor-mill/news/davon-house-needs-shoulder-surgery-headed-to-ir,davon house,GB,DB,unique,"Davon House needs shoulder surgery, headed to IR",2018-09-25T17:38:39Z
https://www.nbcsports.com/nfl/profootballtalk/rumor-mill/news/davon-house-needs-shoulder-surgery-headed-to-ir,bashaud breeland,GB,DB,unique,"Davon House needs shoulder surgery, headed to IR",2018-09-25T17:38:39Z
https://www.nbcsports.com/nfl/profootballtalk/rumor-mill/news/davon-house-needs-shoulder-surgery-headed-to-ir,david amerson,KC,DB,unique,"Davon House needs shoulder surgery, headed to IR",2018-09-25T17:38:39Z
https://www.nbcsports.com/nfl/profootballtalk/rumor-mill/news/deandre-hopkins-back-to-full-participation-in-practice-for-cardinals,deandre hopkins,ARI,WR,unique,DeAndre Hopkins back to full participation in practice for Cardinals,2021-09-30T22:53:39Z
https://www.nbcsports.com/nfl/profootballtalk/rumor-mill/news/deandre-hopkins-back-to-full-participation-in-practice-for-cardinals,kelvin beachum,ARI,OL,unique,DeAndre Hopkins back to full participation in practice for Cardinals,2021-09-30T22:53:39Z
https://www.nbcsports.com/nfl/profootballtalk/rumor-mill/news/deandre-hopkins-back-to-full-participation-in-practice-for-cardinals,justin murray,ARI,OL,unique,DeAndre Hopkins back to full participation in practice for Cardinals,2021-09-30T22:53:39Z
https://www.nbcsports.com/nfl/profootballtalk/rumor-mill/news/deandre-hopkins-back-to-full-participation-in-practice-for-cardinals,justin pugh,ARI,OL,unique,DeAndre Hopkins back to full participation in practice for Cardinals,2021-09-30T22:53:39Z
https://www.nbcsports.com/nfl/profootballtalk/rumor-mill/news/deandre-hopkins-back-to-full-participation-in-practice-for-cardinals,eno benjamin,ARI,RB,unique,DeAndre Hopkins back to full participation in practice for Cardinals,2021-09-30T22:53:39Z
https://www.nbcsports.com/nfl/profootballtalk/rumor-mill/news/diontae-johnson-questionable-for-sunday,diontae johnson,PIT,WR,unique,Diontae Johnson questionable for Sunday,"December 9, 2022"
https://www.nbcsports.com/nfl/profootballtalk/rumor-mill/news/diontae-johnson-questionable-for-sunday,tj watt,PIT,LB,unique,Diontae Johnson questionable for Sunday,"December 9, 2022"
https://www.nbcsports.com/nfl/profootballtalk/rumor-mill/news/diontae-johnson-questionable-for-sunday,malik reed,PIT,LB,unique,Diontae Johnson questionable for Sunday,"December 9, 2022"
https://www.nbcsports.com/nfl/profootballtalk/rumor-mill/news/diontae-johnson-questionable-for-sunday,najee harris,PIT,RB,unique,Diontae Johnson questionable for Sunday,"December 9, 2022"
https://www.nbcsports.com/nfl/profootballtalk/rumor-mill/news/doug-pederson-kamu-grugier-hill-lying-about-concussion-is-very-disappointing,kamu grugierhill,PHI,LB,unique,Doug Pederson: Kamu Grugier-Hill lying about concussion is “very disappointing”,2019-12-13T10:42:26Z
https://www.nbcsports.com/nfl/profootballtalk/rumor-mill/news/drew-brees-michael-thomas-pop-up-on-injury-report,drew brees,NO,QB,unique,"Drew Brees, Michael Thomas pop up on injury report",2019-12-25T18:53:54Z
https://www.nbcsports.com/nfl/profootballtalk/rumor-mill/news/drew-brees-michael-thomas-pop-up-on-injury-report,michael thomas,NO,WR,tag_disambiguated,"Drew Brees, Michael Thomas pop up on injury report",2019-12-25T18:53:54Z
https://www.nbcsports.com/nfl/profootballtalk/rumor-mill/news/drew-brees-michael-thomas-pop-up-on-injury-report,kiko alonso,NO,LB,unique,"Drew Brees, Michael Thomas pop up on injury report",2019-12-25T18:53:54Z
https://www.nbcsports.com/nfl/profootballtalk/rumor-mill/news/drew-brees-michael-thomas-pop-up-on-injury-report,vonn bell,NO,DB,unique,"Drew Brees, Michael Thomas pop up on injury report",2019-12-25T18:53:54Z
https://www.nbcsports.com/nfl/profootballtalk/rumor-mill/news/drew-brees-michael-thomas-pop-up-on-injury-report,chauncey gardnerjohnson,NO,DB,unique,"Drew Brees, Michael Thomas pop up on injury report",2019-12-25T18:53:54Z
https://www.nbcsports.com/nfl/profootballtalk/rumor-mill/news/drew-brees-michael-thomas-pop-up-on-injury-report,andrus peat,NO,OL,unique,"Drew Brees, Michael Thomas pop up on injury report",2019-12-25T18:53:54Z
https://www.nbcsports.com/nfl/profootballtalk/rumor-mill/news/drew-brees-michael-thomas-pop-up-on-injury-report,larry warford,NO,OL,unique,"Drew Brees, Michael Thomas pop up on injury report",2019-12-25T18:53:54Z
https://www.nbcsports.com/nfl/profootballtalk/rumor-mill/news/drew-brees-michael-thomas-pop-up-on-injury-report,eli apple,NO,DB,unique,"Drew Brees, Michael Thomas pop up on injury report",2019-12-25T18:53:54Z
https://www.nbcsports.com/nfl/profootballtalk/rumor-mill/news/drew-brees-michael-thomas-pop-up-on-injury-report,krishawn hogan,NO,WR,unique,"Drew Brees, Michael Thomas pop up on injury report",2019-12-25T18:53:54Z
https://www.nbcsports.com/nfl/profootballtalk/rumor-mill/news/drew-brees-michael-thomas-pop-up-on-injury-report,marcus williams,NO,DB,unique,"Drew Brees, Michael Thomas pop up on injury report",2019-12-25T18:53:54Z
https://www.nbcsports.com/nfl/profootballtalk/rumor-mill/news/eagles-activate-zach-ertz-off-covid-19-list,zach ertz,PHI,TE,unique,Eagles activate Zach Ertz off COVID-19 list,2021-09-25T12:15:19Z
https://www.nbcsports.com/nfl/profootballtalk/rumor-mill/news/emmanuel-ogbah-tore-his-pectoral-sunday,emmanuel ogbah,KC,DL,unique,Emmanuel Ogbah tore his pectoral Sunday,2019-11-10T18:49:22Z
https://www.nbcsports.com/nfl/profootballtalk/rumor-mill/news/emmanuel-ogbah-tore-his-pectoral-sunday,ryan tannehill,TEN,QB,unique,Emmanuel Ogbah tore his pectoral Sunday,2019-11-10T18:49:22Z
https://www.nbcsports.com/nfl/profootballtalk/rumor-mill/news/emmanuel-ogbah-tore-his-pectoral-sunday,frank clark,KC,DL,unique,Emmanuel Ogbah tore his pectoral Sunday,2019-11-10T18:49:22Z
https://www.nbcsports.com/nfl/profootballtalk/rumor-mill/news/eric-weddle-out-of-concussion-protocol-set-to-play-sunday,eric weddle,LA,DB,unique,"Eric Weddle out of concussion protocol, set to play Sunday",2019-09-13T16:05:42Z
https://www.nbcsports.com/nfl/profootballtalk/rumor-mill/news/eric-weddle-out-of-concussion-protocol-set-to-play-sunday,michael brockers,LA,DL,unique,"Eric Weddle out of concussion protocol, set to play Sunday",2019-09-13T16:05:42Z
https://www.nbcsports.com/nfl/profootballtalk/rumor-mill/news/eric-weddle-out-of-concussion-protocol-set-to-play-sunday,clay matthews,LA,LB,unique,"Eric Weddle out of concussion protocol, set to play Sunday",2019-09-13T16:05:42Z
https://www.nbcsports.com/nfl/profootballtalk/rumor-mill/news/evan-engram-ruled-out-for-week-one,evan engram,NYG,TE,unique,Evan Engram ruled out for Week One,2021-09-10T15:30:39Z
https://www.nbcsports.com/nfl/profootballtalk/rumor-mill/news/evan-engram-ruled-out-for-week-one,saquon barkley,NYG,RB,unique,Evan Engram ruled out for Week One,2021-09-10T15:30:39Z
https://www.nbcsports.com/nfl/profootballtalk/rumor-mill/news/evan-engram-ruled-out-for-week-one,kyle rudolph,NYG,TE,unique,Evan Engram ruled out for Week One,2021-09-10T15:30:39Z
https://www.nbcsports.com/nfl/profootballtalk/rumor-mill/news/evan-engram-ruled-out-for-week-one,kaden smith,NYG,TE,unique,Evan Engram ruled out for Week One,2021-09-10T15:30:39Z
https://www.nbcsports.com/nfl/profootballtalk/rumor-mill/news/evan-engram-ruled-out-for-week-one,adoree jackson,NYG,DB,unique,Evan Engram ruled out for Week One,2021-09-10T15:30:39Z
https://www.nbcsports.com/nfl/profootballtalk/rumor-mill/news/falcons-remove-john-cominsky-from-covid-19-list,john cominsky,ATL,DL,unique,Falcons remove John Cominsky from COVID-19 list,2020-10-30T15:02:15Z
https://www.nbcsports.com/nfl/profootballtalk/rumor-mill/news/golden-tate-cleared-from-concussion-protocol,golden tate,NYG,WR,unique,Golden Tate cleared from concussion protocol,2019-12-06T17:01:15Z
https://www.nbcsports.com/nfl/profootballtalk/rumor-mill/news/hunter-henry-runs-in-a-knee-brace,hunter henry,LAC,TE,unique,Hunter Henry runs in a knee brace,2018-09-15T10:28:42Z
https://www.nbcsports.com/nfl/profootballtalk/rumor-mill/news/hunter-henry-runs-in-a-knee-brace,melvin ingram,LAC,DL,unique,Hunter Henry runs in a knee brace,2018-09-15T10:28:42Z
https://www.nbcsports.com/nfl/profootballtalk/rumor-mill/news/injured-reserve-not-benching-would-be-the-steelers-way-to-get-ben-roethlisberger-off-the-field,ben roethlisberger,PIT,QB,unique,"Injured reserve, not benching, would be the Steelers’ way to get Ben Roethlisberger off the field","October 7, 2021"
https://www.nbcsports.com/nfl/profootballtalk/rumor-mill/news/injured-reserve-not-benching-would-be-the-steelers-way-to-get-ben-roethlisberger-off-the-field,tom brady,TB,QB,unique,"Injured reserve, not benching, would be the Steelers’ way to get Ben Roethlisberger off the field","October 7, 2021"
https://www.nbcsports.com/nfl/profootballtalk/rumor-mill/news/injured-reserve-not-benching-would-be-the-steelers-way-to-get-ben-roethlisberger-off-the-field,mason rudolph,PIT,QB,unique,"Injured reserve, not benching, would be the Steelers’ way to get Ben Roethlisberger off the field","October 7, 2021"
https://www.nbcsports.com/nfl/profootballtalk/rumor-mill/news/injured-reserve-not-benching-would-be-the-steelers-way-to-get-ben-roethlisberger-off-the-field,dwayne haskins,PIT,QB,unique,"Injured reserve, not benching, would be the Steelers’ way to get Ben Roethlisberger off the field","October 7, 2021"
https://www.nbcsports.com/nfl/profootballtalk/rumor-mill/news/ito-smith-out-for-season-with-concussion,ito smith,ATL,RB,unique,Ito Smith out for season with concussion,2019-11-09T14:39:52Z
https://www.nbcsports.com/nfl/profootballtalk/rumor-mill/news/ito-smith-out-for-season-with-concussion,sean harlow,ATL,OL,unique,Ito Smith out for season with concussion,2019-11-09T14:39:52Z
https://www.nbcsports.com/nfl/profootballtalk/rumor-mill/news/ito-smith-out-for-season-with-concussion,wes schweitzer,ATL,OL,unique,Ito Smith out for season with concussion,2019-11-09T14:39:52Z
https://www.nbcsports.com/nfl/profootballtalk/rumor-mill/news/jadeveon-clowney-may-need-surgery-for-knee-injury,jadeveon clowney,TEN,DL,unique,Jadeveon Clowney may need surgery for knee injury,2020-11-07T09:26:52Z
https://www.nbcsports.com/nfl/profootballtalk/rumor-mill/news/jake-fromm-aj-mccarron-among-qbs-working-out-for-giants,daniel jones,NYG,QB,unique,"Jake Fromm, AJ McCarron among QBs working out for Giants","October 4, 2022"
https://www.nbcsports.com/nfl/profootballtalk/rumor-mill/news/jake-fromm-aj-mccarron-among-qbs-working-out-for-giants,tyrod taylor,NYG,QB,unique,"Jake Fromm, AJ McCarron among QBs working out for Giants","October 4, 2022"
https://www.nbcsports.com/nfl/profootballtalk/rumor-mill/news/jake-fromm-aj-mccarron-among-qbs-working-out-for-giants,davis mills,HOU,QB,unique,"Jake Fromm, AJ McCarron among QBs working out for Giants","October 4, 2022"
https://www.nbcsports.com/nfl/profootballtalk/rumor-mill/news/jay-ajayi-will-play-through-small-fracture-in-his-back,jay ajayi,PHI,RB,unique,Jay Ajayi will play through small fracture in his back,2018-09-27T16:28:55Z
https://www.nbcsports.com/nfl/profootballtalk/rumor-mill/news/jay-ajayi-will-play-through-small-fracture-in-his-back,alshon jeffery,PHI,WR,unique,Jay Ajayi will play through small fracture in his back,2018-09-27T16:28:55Z
https://www.nbcsports.com/nfl/profootballtalk/rumor-mill/news/jay-ajayi-will-play-through-small-fracture-in-his-back,michael bennett,PHI,DL,tag_disambiguated,Jay Ajayi will play through small fracture in his back,2018-09-27T16:28:55Z
https://www.nbcsports.com/nfl/profootballtalk/rumor-mill/news/jay-ajayi-will-play-through-small-fracture-in-his-back,darren sproles,PHI,RB,unique,Jay Ajayi will play through small fracture in his back,2018-09-27T16:28:55Z
https://www.nbcsports.com/nfl/profootballtalk/rumor-mill/news/jay-ajayi-will-play-through-small-fracture-in-his-back,rodney mcleod,PHI,DB,unique,Jay Ajayi will play through small fracture in his back,2018-09-27T16:28:55Z
https://www.nbcsports.com/nfl/profootballtalk/rumor-mill/news/jay-ajayi-will-play-through-small-fracture-in-his-back,corey clement,PHI,RB,unique,Jay Ajayi will play through small fracture in his back,2018-09-27T16:28:55Z
https://www.nbcsports.com/nfl/profootballtalk/rumor-mill/news/jay-ajayi-will-play-through-small-fracture-in-his-back,jordan matthews,PHI,WR,unique,Jay Ajayi will play through small fracture in his back,2018-09-27T16:28:55Z
https://www.nbcsports.com/nfl/profootballtalk/rumor-mill/news/jaycee-horn-limited-c-j-henderson-full-at-panthers-practice,jaycee horn,CAR,DB,unique,"Jaycee Horn limited, C.J. Henderson full at Panthers practice","December 20, 2022"
https://www.nbcsports.com/nfl/profootballtalk/rumor-mill/news/jaycee-horn-limited-c-j-henderson-full-at-panthers-practice,cj henderson,CAR,DB,unique,"Jaycee Horn limited, C.J. Henderson full at Panthers practice","December 20, 2022"
https://www.nbcsports.com/nfl/profootballtalk/rumor-mill/news/jaycee-horn-limited-c-j-henderson-full-at-panthers-practice,taylor moton,CAR,OL,unique,"Jaycee Horn limited, C.J. Henderson full at Panthers practice","December 20, 2022"
https://www.nbcsports.com/nfl/profootballtalk/rumor-mill/news/jaycee-horn-limited-c-j-henderson-full-at-panthers-practice,joel iyiegbuniwe,CAR,LB,unique,"Jaycee Horn limited, C.J. Henderson full at Panthers practice","December 20, 2022"
https://www.nbcsports.com/nfl/profootballtalk/rumor-mill/news/jaycee-horn-limited-c-j-henderson-full-at-panthers-practice,ian thomas,CAR,TE,unique,"Jaycee Horn limited, C.J. Henderson full at Panthers practice","December 20, 2022"
https://www.nbcsports.com/nfl/profootballtalk/rumor-mill/news/jaycee-horn-limited-c-j-henderson-full-at-panthers-practice,myles hartsfield,CAR,DB,unique,"Jaycee Horn limited, C.J. Henderson full at Panthers practice","December 20, 2022"
https://www.nbcsports.com/nfl/profootballtalk/rumor-mill/news/jets-kelechi-osemele-at-odds-over-treatment-of-shoulder-injury,kelechi osemele,NYJ,OL,unique,"Jets, Kelechi Osemele at odds over treatment of shoulder injury",2019-10-18T15:30:47Z
https://www.nbcsports.com/nfl/profootballtalk/rumor-mill/news/jets-kelechi-osemele-at-odds-over-treatment-of-shoulder-injury,cordy glenn,CIN,OL,unique,"Jets, Kelechi Osemele at odds over treatment of shoulder injury",2019-10-18T15:30:47Z
https://www.nbcsports.com/nfl/profootballtalk/rumor-mill/news/jets-kelechi-osemele-at-odds-over-treatment-of-shoulder-injury,michael bennett,,DL,ambiguous,"Jets, Kelechi Osemele at odds over treatment of shoulder injury",2019-10-18T15:30:47Z
https://www.nbcsports.com/nfl/profootballtalk/rumor-mill/news/jets-list-jermaine-kearse-as-doubtful-for-monday-night,jermaine kearse,NYJ,WR,unique,Jets list Jermaine Kearse as doubtful for Monday night,2018-09-08T17:28:05Z
https://www.nbcsports.com/nfl/profootballtalk/rumor-mill/news/jets-list-jermaine-kearse-as-doubtful-for-monday-night,sam darnold,NYJ,QB,unique,Jets list Jermaine Kearse as doubtful for Monday night,2018-09-08T17:28:05Z
https://www.nbcsports.com/nfl/profootballtalk/rumor-mill/news/jets-list-jermaine-kearse-as-doubtful-for-monday-night,marcus maye,NYJ,DB,unique,Jets list Jermaine Kearse as doubtful for Monday night,2018-09-08T17:28:05Z
https://www.nbcsports.com/nfl/profootballtalk/rumor-mill/news/jets-list-jermaine-kearse-as-doubtful-for-monday-night,josh martin,NYJ,LB,unique,Jets list Jermaine Kearse as doubtful for Monday night,2018-09-08T17:28:05Z
https://www.nbcsports.com/nfl/profootballtalk/rumor-mill/news/jets-list-jermaine-kearse-as-doubtful-for-monday-night,andrew donnal,DET,OL,unique,Jets list Jermaine Kearse as doubtful for Monday night,2018-09-08T17:28:05Z
https://www.nbcsports.com/nfl/profootballtalk/rumor-mill/news/jimmy-garoppolo-is-expected-to-have-limited-practice-but-49ers-uncertain-who-will-start,jimmy garoppolo,SF,QB,unique,"Jimmy Garoppolo is expected to have limited practice, but 49ers uncertain who will start","January 5, 2022"
https://www.nbcsports.com/nfl/profootballtalk/rumor-mill/news/jimmy-garoppolo-is-expected-to-have-limited-practice-but-49ers-uncertain-who-will-start,trey lance,SF,QB,unique,"Jimmy Garoppolo is expected to have limited practice, but 49ers uncertain who will start","January 5, 2022"
https://www.nbcsports.com/nfl/profootballtalk/rumor-mill/news/john-wolford-returns-to-a-limited-practice,john wolford,LA,QB,unique,John Wolford returns to a limited practice,"December 6, 2022"
https://www.nbcsports.com/nfl/profootballtalk/rumor-mill/news/john-wolford-returns-to-a-limited-practice,baker mayfield,LA,QB,unique,John Wolford returns to a limited practice,"December 6, 2022"
https://www.nbcsports.com/nfl/profootballtalk/rumor-mill/news/john-wolford-returns-to-a-limited-practice,bryce perkins,LA,QB,unique,John Wolford returns to a limited practice,"December 6, 2022"
https://www.nbcsports.com/nfl/profootballtalk/rumor-mill/news/john-wolford-returns-to-a-limited-practice,matthew stafford,LA,QB,unique,John Wolford returns to a limited practice,"December 6, 2022"
https://www.nbcsports.com/nfl/profootballtalk/rumor-mill/news/john-wolford-returns-to-a-limited-practice,aaron donald,LA,DL,unique,John Wolford returns to a limited practice,"December 6, 2022"
https://www.nbcsports.com/nfl/profootballtalk/rumor-mill/news/john-wolford-returns-to-a-limited-practice,travin howard,LA,LB,unique,John Wolford returns to a limited practice,"December 6, 2022"
https://www.nbcsports.com/nfl/profootballtalk/rumor-mill/news/john-wolford-returns-to-a-limited-practice,terrell lewis,LA,LB,unique,John Wolford returns to a limited practice,"December 6, 2022"
https://www.nbcsports.com/nfl/profootballtalk/rumor-mill/news/john-wolford-returns-to-a-limited-practice,david long,,LB,ambiguous,John Wolford returns to a limited practice,"December 6, 2022"
https://www.nbcsports.com/nfl/profootballtalk/rumor-mill/news/john-wolford-returns-to-a-limited-practice,troy hill,LA,DB,unique,John Wolford returns to a limited practice,"December 6, 2022"
https://www.nbcsports.com/nfl/profootballtalk/rumor-mill/news/john-wolford-returns-to-a-limited-practice,ben skowronek,LA,WR,unique,John Wolford returns to a limited practice,"December 6, 2022"
https://www.nbcsports.com/nfl/profootballtalk/rumor-mill/news/jordan-matthews-inactive-in-return-to-49ers,jordan matthews,SF,WR,unique,Jordan Matthews inactive in return to 49ers,2019-12-15T15:09:49Z
https://www.nbcsports.com/nfl/profootballtalk/rumor-mill/news/jordan-matthews-inactive-in-return-to-49ers,dj jones,SF,DL,unique,Jordan Matthews inactive in return to 49ers,2019-12-15T15:09:49Z
https://www.nbcsports.com/nfl/profootballtalk/rumor-mill/news/jordan-matthews-inactive-in-return-to-49ers,dee ford,SF,DL,unique,Jordan Matthews inactive in return to 49ers,2019-12-15T15:09:49Z
https://www.nbcsports.com/nfl/profootballtalk/rumor-mill/news/jordan-matthews-inactive-in-return-to-49ers,richard sherman,SF,DB,unique,Jordan Matthews inactive in return to 49ers,2019-12-15T15:09:49Z
https://www.nbcsports.com/nfl/profootballtalk/rumor-mill/news/jordan-matthews-inactive-in-return-to-49ers,jullian taylor,SF,DL,unique,Jordan Matthews inactive in return to 49ers,2019-12-15T15:09:49Z
https://www.nbcsports.com/nfl/profootballtalk/rumor-mill/news/jordan-matthews-inactive-in-return-to-49ers,kwaun williams,SF,DB,unique,Jordan Matthews inactive in return to 49ers,2019-12-15T15:09:49Z
https://www.nbcsports.com/nfl/profootballtalk/rumor-mill/news/jordan-matthews-inactive-in-return-to-49ers,jaquiski tartt,SF,DB,unique,Jordan Matthews inactive in return to 49ers,2019-12-15T15:09:49Z
https://www.nbcsports.com/nfl/profootballtalk/rumor-mill/news/jordan-matthews-inactive-in-return-to-49ers,cj beathard,SF,QB,unique,Jordan Matthews inactive in return to 49ers,2019-12-15T15:09:49Z
https://www.nbcsports.com/nfl/profootballtalk/rumor-mill/news/jordan-matthews-inactive-in-return-to-49ers,ty sambrailo,ATL,OL,unique,Jordan Matthews inactive in return to 49ers,2019-12-15T15:09:49Z
https://www.nbcsports.com/nfl/profootballtalk/rumor-mill/news/jordan-matthews-inactive-in-return-to-49ers,james carpenter,ATL,OL,unique,Jordan Matthews inactive in return to 49ers,2019-12-15T15:09:49Z
https://www.nbcsports.com/nfl/profootballtalk/rumor-mill/news/jordan-matthews-inactive-in-return-to-49ers,jamon brown,ATL,OL,unique,Jordan Matthews inactive in return to 49ers,2019-12-15T15:09:49Z
https://www.nbcsports.com/nfl/profootballtalk/rumor-mill/news/jordan-matthews-inactive-in-return-to-49ers,brandon powell,ATL,WR,unique,Jordan Matthews inactive in return to 49ers,2019-12-15T15:09:49Z
https://www.nbcsports.com/nfl/profootballtalk/rumor-mill/news/jordan-matthews-inactive-in-return-to-49ers,john cominsky,ATL,DL,unique,Jordan Matthews inactive in return to 49ers,2019-12-15T15:09:49Z
https://www.nbcsports.com/nfl/profootballtalk/rumor-mill/news/jordan-matthews-inactive-in-return-to-49ers,ahmad thomas,ATL,LB,unique,Jordan Matthews inactive in return to 49ers,2019-12-15T15:09:49Z
https://www.nbcsports.com/nfl/profootballtalk/rumor-mill/news/jordan-whitehead-ruled-out-but-bucs-have-everyone-else-available,jordan whitehead,TB,DB,unique,"Jordan Whitehead ruled out, but Bucs have everyone else available",2021-09-08T15:32:28Z
https://www.nbcsports.com/nfl/profootballtalk/rumor-mill/news/jordan-whitehead-ruled-out-but-bucs-have-everyone-else-available,zack martin,DAL,OL,unique,"Jordan Whitehead ruled out, but Bucs have everyone else available",2021-09-08T15:32:28Z
https://www.nbcsports.com/nfl/profootballtalk/rumor-mill/news/jordan-whitehead-ruled-out-but-bucs-have-everyone-else-available,chris godwin,TB,WR,unique,"Jordan Whitehead ruled out, but Bucs have everyone else available",2021-09-08T15:32:28Z
https://www.nbcsports.com/nfl/profootballtalk/rumor-mill/news/jordan-whitehead-ruled-out-but-bucs-have-everyone-else-available,antonio brown,TB,WR,unique,"Jordan Whitehead ruled out, but Bucs have everyone else available",2021-09-08T15:32:28Z
https://www.nbcsports.com/nfl/profootballtalk/rumor-mill/news/jordan-whitehead-ruled-out-but-bucs-have-everyone-else-available,giovani bernard,TB,RB,unique,"Jordan Whitehead ruled out, but Bucs have everyone else available",2021-09-08T15:32:28Z
https://www.nbcsports.com/nfl/profootballtalk/rumor-mill/news/jordan-whitehead-ruled-out-but-bucs-have-everyone-else-available,ty nsekhe,DAL,OL,unique,"Jordan Whitehead ruled out, but Bucs have everyone else available",2021-09-08T15:32:28Z
https://www.nbcsports.com/nfl/profootballtalk/rumor-mill/news/jordan-whitehead-ruled-out-but-bucs-have-everyone-else-available,lael collins,DAL,OL,unique,"Jordan Whitehead ruled out, but Bucs have everyone else available",2021-09-08T15:32:28Z
https://www.nbcsports.com/nfl/profootballtalk/rumor-mill/news/jordan-whitehead-ruled-out-but-bucs-have-everyone-else-available,dak prescott,DAL,QB,unique,"Jordan Whitehead ruled out, but Bucs have everyone else available",2021-09-08T15:32:28Z
https://www.nbcsports.com/nfl/profootballtalk/rumor-mill/news/josh-johnson-fully-practicing-with-ankle-injury,josh johnson,WAS,QB,unique,Josh Johnson fully practicing with ankle injury,2018-12-19T18:55:03Z
https://www.nbcsports.com/nfl/profootballtalk/rumor-mill/news/josh-johnson-fully-practicing-with-ankle-injury,mark sanchez,WAS,QB,unique,Josh Johnson fully practicing with ankle injury,2018-12-19T18:55:03Z
https://www.nbcsports.com/nfl/profootballtalk/rumor-mill/news/josh-johnson-fully-practicing-with-ankle-injury,maurice harris,WAS,WR,unique,Josh Johnson fully practicing with ankle injury,2018-12-19T18:55:03Z
https://www.nbcsports.com/nfl/profootballtalk/rumor-mill/news/josh-johnson-fully-practicing-with-ankle-injury,colt mccoy,WAS,QB,unique,Josh Johnson fully practicing with ankle injury,2018-12-19T18:55:03Z
https://www.nbcsports.com/nfl/profootballtalk/rumor-mill/news/josh-johnson-fully-practicing-with-ankle-injury,ty nsekhe,WAS,OL,unique,Josh Johnson fully practicing with ankle injury,2018-12-19T18:55:03Z
https://www.nbcsports.com/nfl/profootballtalk/rumor-mill/news/josh-johnson-fully-practicing-with-ankle-injury,jordan reed,WAS,TE,unique,Josh Johnson fully practicing with ankle injury,2018-12-19T18:55:03Z
https://www.nbcsports.com/nfl/profootballtalk/rumor-mill/news/josh-johnson-fully-practicing-with-ankle-injury,ryan anderson,WAS,LB,unique,Josh Johnson fully practicing with ankle injury,2018-12-19T18:55:03Z
https://www.nbcsports.com/nfl/profootballtalk/rumor-mill/news/josh-johnson-fully-practicing-with-ankle-injury,tony bergstrom,WAS,OL,unique,Josh Johnson fully practicing with ankle injury,2018-12-19T18:55:03Z
https://www.nbcsports.com/nfl/profootballtalk/rumor-mill/news/josh-johnson-fully-practicing-with-ankle-injury,morgan moses,WAS,OL,unique,Josh Johnson fully practicing with ankle injury,2018-12-19T18:55:03Z
https://www.nbcsports.com/nfl/profootballtalk/rumor-mill/news/josh-johnson-fully-practicing-with-ankle-injury,adrian peterson,WAS,RB,unique,Josh Johnson fully practicing with ankle injury,2018-12-19T18:55:03Z
https://www.nbcsports.com/nfl/profootballtalk/rumor-mill/news/josh-johnson-fully-practicing-with-ankle-injury,tim settle,WAS,DL,unique,Josh Johnson fully practicing with ankle injury,2018-12-19T18:55:03Z
https://www.nbcsports.com/nfl/profootballtalk/rumor-mill/news/josh-johnson-fully-practicing-with-ankle-injury,trent williams,WAS,OL,unique,Josh Johnson fully practicing with ankle injury,2018-12-19T18:55:03Z
https://www.nbcsports.com/nfl/profootballtalk/rumor-mill/news/juju-smith-schuster-expected-to-play-with-injured-toe,juju smithschuster,PIT,WR,unique,JuJu Smith-Schuster expected to play with injured toe,2019-10-03T15:25:17Z
https://www.nbcsports.com/nfl/profootballtalk/rumor-mill/news/julio-jones-out-for-chargers-game,julio jones,ATL,WR,unique,Julio Jones out for Chargers game,2020-12-11T10:16:23Z
https://www.nbcsports.com/nfl/profootballtalk/rumor-mill/news/julio-jones-out-for-chargers-game,todd gurley,ATL,RB,unique,Julio Jones out for Chargers game,2020-12-11T10:16:23Z
https://www.nbcsports.com/nfl/profootballtalk/rumor-mill/news/kadarius-toney-is-expected-to-play-sunday,kadarius toney,KC,WR,unique,Kadarius Toney is expected to play Sunday,"December 18, 2022"
https://www.nbcsports.com/nfl/profootballtalk/rumor-mill/news/kadarius-toney-is-expected-to-play-sunday,mecole hardman,KC,WR,unique,Kadarius Toney is expected to play Sunday,"December 18, 2022"
https://www.nbcsports.com/nfl/profootballtalk/rumor-mill/news/kendrick-bourne-questionable-to-return-with-toe-injury,kendrick bourne,NE,WR,unique,Kendrick Bourne questionable to return with toe injury,"October 16, 2022"
https://www.nbcsports.com/nfl/profootballtalk/rumor-mill/news/kendrick-bourne-questionable-to-return-with-toe-injury,wyatt teller,CLE,OL,unique,Kendrick Bourne questionable to return with toe injury,"October 16, 2022"
https://www.nbcsports.com/nfl/profootballtalk/rumor-mill/news/kendrick-bourne-questionable-to-return-with-toe-injury,hjalte froholdt,CLE,OL,unique,Kendrick Bourne questionable to return with toe injury,"October 16, 2022"
https://www.nbcsports.com/nfl/profootballtalk/rumor-mill/news/krys-barnes-jordan-love-on-packers-covid-19-list,krys barnes,GB,LB,unique,"Krys Barnes, Jordan Love on Packers COVID-19 list",2020-11-06T17:26:10Z
https://www.nbcsports.com/nfl/profootballtalk/rumor-mill/news/krys-barnes-jordan-love-on-packers-covid-19-list,jordan love,GB,QB,unique,"Krys Barnes, Jordan Love on Packers COVID-19 list",2020-11-06T17:26:10Z
https://www.nbcsports.com/nfl/profootballtalk/rumor-mill/news/kyle-shanahan-deebo-samuel-most-likely-has-high-ankle-sprain,deebo samuel,SF,WR,unique,Kyle Shanahan: Deebo Samuel “most likely” has high ankle sprain,"December 11, 2022"
https://www.nbcsports.com/nfl/profootballtalk/rumor-mill/news/lamar-jackson-missed-friday-practice-with-an-illness-but-is-expected-to-play,lamar jackson,,QB,ambiguous,"Lamar Jackson missed Friday practice with an illness, but is expected to play","November 18, 2022"
https://www.nbcsports.com/nfl/profootballtalk/rumor-mill/news/lamar-jackson-missed-friday-practice-with-an-illness-but-is-expected-to-play,mark andrews,BAL,TE,unique,"Lamar Jackson missed Friday practice with an illness, but is expected to play","November 18, 2022"
https://www.nbcsports.com/nfl/profootballtalk/rumor-mill/news/lamar-jackson-missed-friday-practice-with-an-illness-but-is-expected-to-play,gus edwards,BAL,RB,unique,"Lamar Jackson missed Friday practice with an illness, but is expected to play","November 18, 2022"
https://www.nbcsports.com/nfl/profootballtalk/rumor-mill/news/laremy-tunsil-limited-at-texans-practice,laremy tunsil,HOU,OL,unique,Laremy Tunsil limited at Texans practice,2019-09-18T17:19:20Z
https://www.nbcsports.com/nfl/profootballtalk/rumor-mill/news/laremy-tunsil-limited-at-texans-practice,deandre hopkins,HOU,WR,unique,Laremy Tunsil limited at Texans practice,2019-09-18T17:19:20Z
https://www.nbcsports.com/nfl/profootballtalk/rumor-mill/news/laremy-tunsil-limited-at-texans-practice,will fuller,HOU,WR,unique,Laremy Tunsil limited at Texans practice,2019-09-18T17:19:20Z
https://www.nbcsports.com/nfl/profootballtalk/rumor-mill/news/laremy-tunsil-limited-at-texans-practice,taiwan jones,HOU,RB,unique,Laremy Tunsil limited at Texans practice,2019-09-18T17:19:20Z
https://www.nbcsports.com/nfl/profootballtalk/rumor-mill/news/laremy-tunsil-limited-at-texans-practice,senio kelemete,HOU,OL,unique,Laremy Tunsil limited at Texans practice,2019-09-18T17:19:20Z
https://www.nbcsports.com/nfl/profootballtalk/rumor-mill/news/laremy-tunsil-limited-at-texans-practice,aj moore,HOU,DB,unique,Laremy Tunsil limited at Texans practice,2019-09-18T17:19:20Z
https://www.nbcsports.com/nfl/profootballtalk/rumor-mill/news/laremy-tunsil-limited-at-texans-practice,justin reid,HOU,DB,unique,Laremy Tunsil limited at Texans practice,2019-09-18T17:19:20Z
https://www.nbcsports.com/nfl/profootballtalk/rumor-mill/news/leonard-fournette-is-expected-to-play-on-sunday-jamel-dean-out,leonard fournette,TB,RB,unique,"Leonard Fournette is expected to play on Sunday, Jamel Dean out","December 17, 2021"
https://www.nbcsports.com/nfl/profootballtalk/rumor-mill/news/leonard-fournette-is-expected-to-play-on-sunday-jamel-dean-out,jamel dean,TB,DB,unique,"Leonard Fournette is expected to play on Sunday, Jamel Dean out","December 17, 2021"
https://www.nbcsports.com/nfl/profootballtalk/rumor-mill/news/marcus-davenport-did-not-practice-because-of-an-elbow-injury,marcus davenport,NO,DL,unique,Marcus Davenport did not practice because of an elbow injury,"September 9, 2020"
https://www.nbcsports.com/nfl/profootballtalk/rumor-mill/news/marcus-davenport-did-not-practice-because-of-an-elbow-injury,jadeveon clowney,TEN,LB,unique,Marcus Davenport did not practice because of an elbow injury,"September 9, 2020"
https://www.nbcsports.com/nfl/profootballtalk/rumor-mill/news/marcus-davenport-did-not-practice-because-of-an-elbow-injury,trey hendrickson,NO,DL,unique,Marcus Davenport did not practice because of an elbow injury,"September 9, 2020"
https://www.nbcsports.com/nfl/profootballtalk/rumor-mill/news/marcus-davenport-did-not-practice-because-of-an-elbow-injury,carl granderson,NO,DL,unique,Marcus Davenport did not practice because of an elbow injury,"September 9, 2020"
https://www.nbcsports.com/nfl/profootballtalk/rumor-mill/news/marcus-davenport-did-not-practice-because-of-an-elbow-injury,cesar ruiz,NO,OL,unique,Marcus Davenport did not practice because of an elbow injury,"September 9, 2020"
https://www.nbcsports.com/nfl/profootballtalk/rumor-mill/news/marcus-davenport-did-not-practice-because-of-an-elbow-injury,nick easton,NO,OL,unique,Marcus Davenport did not practice because of an elbow injury,"September 9, 2020"
https://www.nbcsports.com/nfl/profootballtalk/rumor-mill/news/marcus-davenport-did-not-practice-because-of-an-elbow-injury,blake gillikin,NO,P,unique,Marcus Davenport did not practice because of an elbow injury,"September 9, 2020"
https://www.nbcsports.com/nfl/profootballtalk/rumor-mill/news/marcus-davenport-did-not-practice-because-of-an-elbow-injury,alvin kamara,NO,RB,unique,Marcus Davenport did not practice because of an elbow injury,"September 9, 2020"
https://www.nbcsports.com/nfl/profootballtalk/rumor-mill/news/marcus-davenport-did-not-practice-because-of-an-elbow-injury,dwayne washington,NO,RB,unique,Marcus Davenport did not practice because of an elbow injury,"September 9, 2020"
https://www.nbcsports.com/nfl/profootballtalk/rumor-mill/news/markus-golden-really-close-to-being-that-same-guy-from-before-acl-tear,markus golden,NYG,LB,unique,Markus Golden “really close to being that same guy” from before ACL tear,2019-10-18T08:03:30Z
https://www.nbcsports.com/nfl/profootballtalk/rumor-mill/news/markus-golden-really-close-to-being-that-same-guy-from-before-acl-tear,dj humphries,ARI,OL,unique,Markus Golden “really close to being that same guy” from before ACL tear,2019-10-18T08:03:30Z
https://www.nbcsports.com/nfl/profootballtalk/rumor-mill/news/matthew-judon-patrick-queen-among-ravens-placed-on-covid-19-list,patrick queen,BAL,LB,unique,"Matthew Judon, Patrick Queen among Ravens placed on COVID-19 list",2020-11-03T16:37:46Z
https://www.nbcsports.com/nfl/profootballtalk/rumor-mill/news/matthew-judon-patrick-queen-among-ravens-placed-on-covid-19-list,tyus bowser,BAL,LB,unique,"Matthew Judon, Patrick Queen among Ravens placed on COVID-19 list",2020-11-03T16:37:46Z
https://www.nbcsports.com/nfl/profootballtalk/rumor-mill/news/matthew-judon-patrick-queen-among-ravens-placed-on-covid-19-list,lj fort,BAL,LB,unique,"Matthew Judon, Patrick Queen among Ravens placed on COVID-19 list",2020-11-03T16:37:46Z
https://www.nbcsports.com/nfl/profootballtalk/rumor-mill/news/matthew-judon-patrick-queen-among-ravens-placed-on-covid-19-list,deshon elliott,BAL,DB,unique,"Matthew Judon, Patrick Queen among Ravens placed on COVID-19 list",2020-11-03T16:37:46Z
https://www.nbcsports.com/nfl/profootballtalk/rumor-mill/news/matthew-judon-patrick-queen-among-ravens-placed-on-covid-19-list,malik harrison,BAL,LB,unique,"Matthew Judon, Patrick Queen among Ravens placed on COVID-19 list",2020-11-03T16:37:46Z
https://www.nbcsports.com/nfl/profootballtalk/rumor-mill/news/matthew-judon-patrick-queen-among-ravens-placed-on-covid-19-list,terrell bonds,BAL,DB,unique,"Matthew Judon, Patrick Queen among Ravens placed on COVID-19 list",2020-11-03T16:37:46Z
https://www.nbcsports.com/nfl/profootballtalk/rumor-mill/news/mekhi-becton-not-ready-to-practice-jets-still-hopeful-hell-return-this-year,mekhi becton,NYJ,OL,unique,"Mekhi Becton not ready to practice, Jets “still hopeful” he’ll return this year","December 9, 2021"
https://www.nbcsports.com/nfl/profootballtalk/rumor-mill/news/michael-thomas-having-toe-surgery-likely-to-miss-rest-of-season,michael thomas,,DB,ambiguous,"Michael Thomas having toe surgery, likely to miss rest of season","November 3, 2022"
https://www.nbcsports.com/nfl/profootballtalk/rumor-mill/news/myles-garrett-to-have-mri-after-knee-injury,myles garrett,CLE,DL,unique,Myles Garrett to have MRI after knee injury,2020-11-01T16:26:28Z
https://www.nbcsports.com/nfl/profootballtalk/rumor-mill/news/nick-foles-doesnt-practice-mitchell-trubisky-listed-as-full-participant,nick foles,CHI,QB,unique,"Nick Foles doesn’t practice, Mitchell Trubisky listed as full participant",2020-11-25T16:20:43Z
https://www.nbcsports.com/nfl/profootballtalk/rumor-mill/news/nick-foles-doesnt-practice-mitchell-trubisky-listed-as-full-participant,mitchell trubisky,CHI,QB,unique,"Nick Foles doesn’t practice, Mitchell Trubisky listed as full participant",2020-11-25T16:20:43Z
https://www.nbcsports.com/nfl/profootballtalk/rumor-mill/news/nick-foles-doesnt-practice-mitchell-trubisky-listed-as-full-participant,akiem hicks,CHI,DL,unique,"Nick Foles doesn’t practice, Mitchell Trubisky listed as full participant",2020-11-25T16:20:43Z
https://www.nbcsports.com/nfl/profootballtalk/rumor-mill/news/nick-foles-doesnt-practice-mitchell-trubisky-listed-as-full-participant,danny trevathan,CHI,LB,unique,"Nick Foles doesn’t practice, Mitchell Trubisky listed as full participant",2020-11-25T16:20:43Z
https://www.nbcsports.com/nfl/profootballtalk/rumor-mill/news/nick-foles-doesnt-practice-mitchell-trubisky-listed-as-full-participant,jimmy graham,CHI,TE,unique,"Nick Foles doesn’t practice, Mitchell Trubisky listed as full participant",2020-11-25T16:20:43Z
https://www.nbcsports.com/nfl/profootballtalk/rumor-mill/news/nick-foles-doesnt-practice-mitchell-trubisky-listed-as-full-participant,john jenkins,CHI,DL,unique,"Nick Foles doesn’t practice, Mitchell Trubisky listed as full participant",2020-11-25T16:20:43Z
https://www.nbcsports.com/nfl/profootballtalk/rumor-mill/news/nick-foles-doesnt-practice-mitchell-trubisky-listed-as-full-participant,sherrick mcmanis,CHI,DB,unique,"Nick Foles doesn’t practice, Mitchell Trubisky listed as full participant",2020-11-25T16:20:43Z
https://www.nbcsports.com/nfl/profootballtalk/rumor-mill/news/nick-foles-doesnt-practice-mitchell-trubisky-listed-as-full-participant,cordarrelle patterson,CHI,WR,unique,"Nick Foles doesn’t practice, Mitchell Trubisky listed as full participant",2020-11-25T16:20:43Z
https://www.nbcsports.com/nfl/profootballtalk/rumor-mill/news/nick-foles-heads-to-locker-room-with-chest-injury,nick foles,PHI,QB,unique,Nick Foles heads to locker room with chest injury,2018-12-30T18:45:35Z
https://www.nbcsports.com/nfl/profootballtalk/rumor-mill/news/nick-foles-heads-to-locker-room-with-chest-injury,ryan kerrigan,WAS,LB,unique,Nick Foles heads to locker room with chest injury,2018-12-30T18:45:35Z
https://www.nbcsports.com/nfl/profootballtalk/rumor-mill/news/nick-foles-heads-to-locker-room-with-chest-injury,jadeveon clowney,HOU,DL,unique,Nick Foles heads to locker room with chest injury,2018-12-30T18:45:35Z
https://www.nbcsports.com/nfl/profootballtalk/rumor-mill/news/nick-foles-heads-to-locker-room-with-chest-injury,nate sudfeld,PHI,QB,unique,Nick Foles heads to locker room with chest injury,2018-12-30T18:45:35Z
https://www.nbcsports.com/nfl/profootballtalk/rumor-mill/news/no-injury-designation-for-deforest-buckner-michael-pittman-questionable,deforest buckner,IND,DL,unique,No injury designation for DeForest Buckner; Michael Pittman questionable,2021-01-01T15:48:50Z
https://www.nbcsports.com/nfl/profootballtalk/rumor-mill/news/no-injury-designation-for-deforest-buckner-michael-pittman-questionable,michael pittman,IND,WR,unique,No injury designation for DeForest Buckner; Michael Pittman questionable,2021-01-01T15:48:50Z
https://www.nbcsports.com/nfl/profootballtalk/rumor-mill/news/no-injury-designation-for-deforest-buckner-michael-pittman-questionable,denico autry,IND,DL,unique,No injury designation for DeForest Buckner; Michael Pittman questionable,2021-01-01T15:48:50Z
https://www.nbcsports.com/nfl/profootballtalk/rumor-mill/news/no-injury-designation-for-deforest-buckner-michael-pittman-questionable,will holden,IND,OL,unique,No injury designation for DeForest Buckner; Michael Pittman questionable,2021-01-01T15:48:50Z
https://www.nbcsports.com/nfl/profootballtalk/rumor-mill/news/no-injury-designation-for-deforest-buckner-michael-pittman-questionable,khari willis,IND,DB,unique,No injury designation for DeForest Buckner; Michael Pittman questionable,2021-01-01T15:48:50Z
https://www.nbcsports.com/nfl/profootballtalk/rumor-mill/news/no-injury-designation-for-deforest-buckner-michael-pittman-questionable,rock yasin,IND,DB,unique,No injury designation for DeForest Buckner; Michael Pittman questionable,2021-01-01T15:48:50Z
https://www.nbcsports.com/nfl/profootballtalk/rumor-mill/news/obo-okoronkwo-active-for-rams-rashard-lawrence-out-for-cardinals,rashard lawrence,ARI,DL,unique,"Obo Okoronkwo active for Rams, Rashard Lawrence out for Cardinals",2020-12-06T15:18:52Z
https://www.nbcsports.com/nfl/profootballtalk/rumor-mill/news/obo-okoronkwo-active-for-rams-rashard-lawrence-out-for-cardinals,kyler murray,ARI,QB,unique,"Obo Okoronkwo active for Rams, Rashard Lawrence out for Cardinals",2020-12-06T15:18:52Z
https://www.nbcsports.com/nfl/profootballtalk/rumor-mill/news/obo-okoronkwo-active-for-rams-rashard-lawrence-out-for-cardinals,derek rivers,LA,DL,unique,"Obo Okoronkwo active for Rams, Rashard Lawrence out for Cardinals",2020-12-06T15:18:52Z
https://www.nbcsports.com/nfl/profootballtalk/rumor-mill/news/obo-okoronkwo-active-for-rams-rashard-lawrence-out-for-cardinals,brian allen,,DB,ambiguous,"Obo Okoronkwo active for Rams, Rashard Lawrence out for Cardinals",2020-12-06T15:18:52Z
https://www.nbcsports.com/nfl/profootballtalk/rumor-mill/news/obo-okoronkwo-active-for-rams-rashard-lawrence-out-for-cardinals,raymond calais,LA,RB,unique,"Obo Okoronkwo active for Rams, Rashard Lawrence out for Cardinals",2020-12-06T15:18:52Z
https://www.nbcsports.com/nfl/profootballtalk/rumor-mill/news/obo-okoronkwo-active-for-rams-rashard-lawrence-out-for-cardinals,terrell lewis,LA,LB,unique,"Obo Okoronkwo active for Rams, Rashard Lawrence out for Cardinals",2020-12-06T15:18:52Z
https://www.nbcsports.com/nfl/profootballtalk/rumor-mill/news/obo-okoronkwo-active-for-rams-rashard-lawrence-out-for-cardinals,trishton jackson,LA,WR,unique,"Obo Okoronkwo active for Rams, Rashard Lawrence out for Cardinals",2020-12-06T15:18:52Z
https://www.nbcsports.com/nfl/profootballtalk/rumor-mill/news/obo-okoronkwo-active-for-rams-rashard-lawrence-out-for-cardinals,brycen hopkins,LA,TE,unique,"Obo Okoronkwo active for Rams, Rashard Lawrence out for Cardinals",2020-12-06T15:18:52Z
https://www.nbcsports.com/nfl/profootballtalk/rumor-mill/news/obo-okoronkwo-active-for-rams-rashard-lawrence-out-for-cardinals,larry fitzgerald,ARI,WR,unique,"Obo Okoronkwo active for Rams, Rashard Lawrence out for Cardinals",2020-12-06T15:18:52Z
https://www.nbcsports.com/nfl/profootballtalk/rumor-mill/news/obo-okoronkwo-active-for-rams-rashard-lawrence-out-for-cardinals,brett hundley,ARI,QB,unique,"Obo Okoronkwo active for Rams, Rashard Lawrence out for Cardinals",2020-12-06T15:18:52Z
https://www.nbcsports.com/nfl/profootballtalk/rumor-mill/news/obo-okoronkwo-active-for-rams-rashard-lawrence-out-for-cardinals,eno benjamin,ARI,RB,unique,"Obo Okoronkwo active for Rams, Rashard Lawrence out for Cardinals",2020-12-06T15:18:52Z
https://www.nbcsports.com/nfl/profootballtalk/rumor-mill/news/obo-okoronkwo-active-for-rams-rashard-lawrence-out-for-cardinals,jalen thompson,ARI,DB,unique,"Obo Okoronkwo active for Rams, Rashard Lawrence out for Cardinals",2020-12-06T15:18:52Z
https://www.nbcsports.com/nfl/profootballtalk/rumor-mill/news/obo-okoronkwo-active-for-rams-rashard-lawrence-out-for-cardinals,joshua miles,ARI,OL,unique,"Obo Okoronkwo active for Rams, Rashard Lawrence out for Cardinals",2020-12-06T15:18:52Z
https://www.nbcsports.com/nfl/profootballtalk/rumor-mill/news/obo-okoronkwo-active-for-rams-rashard-lawrence-out-for-cardinals,max garcia,ARI,OL,unique,"Obo Okoronkwo active for Rams, Rashard Lawrence out for Cardinals",2020-12-06T15:18:52Z
https://www.nbcsports.com/nfl/profootballtalk/rumor-mill/news/odell-beckham-ruled-out-with-knee-injury,odell beckham,CLE,WR,unique,Odell Beckham ruled out with knee injury,2020-10-25T13:53:58Z
https://www.nbcsports.com/nfl/profootballtalk/rumor-mill/news/odell-beckham-ruled-out-with-knee-injury,baker mayfield,CLE,QB,unique,Odell Beckham ruled out with knee injury,2020-10-25T13:53:58Z
https://www.nbcsports.com/nfl/profootballtalk/rumor-mill/news/officially-matthew-stafford-has-a-rib-injury,matthew stafford,DET,QB,unique,"Officially, Matthew Stafford has a “rib” injury",2020-12-16T19:49:07Z
https://www.nbcsports.com/nfl/profootballtalk/rumor-mill/news/officially-matthew-stafford-has-a-rib-injury,jason cabinda,DET,LB,unique,"Officially, Matthew Stafford has a “rib” injury",2020-12-16T19:49:07Z
https://www.nbcsports.com/nfl/profootballtalk/rumor-mill/news/officially-matthew-stafford-has-a-rib-injury,tyrell crosby,DET,OL,unique,"Officially, Matthew Stafford has a “rib” injury",2020-12-16T19:49:07Z
https://www.nbcsports.com/nfl/profootballtalk/rumor-mill/news/officially-matthew-stafford-has-a-rib-injury,kenny golladay,DET,WR,unique,"Officially, Matthew Stafford has a “rib” injury",2020-12-16T19:49:07Z
https://www.nbcsports.com/nfl/profootballtalk/rumor-mill/news/officially-matthew-stafford-has-a-rib-injury,dashawn hand,DET,DL,unique,"Officially, Matthew Stafford has a “rib” injury",2020-12-16T19:49:07Z
https://www.nbcsports.com/nfl/profootballtalk/rumor-mill/news/officially-matthew-stafford-has-a-rib-injury,frank ragnow,DET,OL,unique,"Officially, Matthew Stafford has a “rib” injury",2020-12-16T19:49:07Z
https://www.nbcsports.com/nfl/profootballtalk/rumor-mill/news/officially-matthew-stafford-has-a-rib-injury,darryl roberts,DET,DB,unique,"Officially, Matthew Stafford has a “rib” injury",2020-12-16T19:49:07Z
https://www.nbcsports.com/nfl/profootballtalk/rumor-mill/news/officially-matthew-stafford-has-a-rib-injury,adrian peterson,DET,RB,unique,"Officially, Matthew Stafford has a “rib” injury",2020-12-16T19:49:07Z
https://www.nbcsports.com/nfl/profootballtalk/rumor-mill/news/officially-matthew-stafford-has-a-rib-injury,john penisini,DET,DL,unique,"Officially, Matthew Stafford has a “rib” injury",2020-12-16T19:49:07Z
https://www.nbcsports.com/nfl/profootballtalk/rumor-mill/news/officially-matthew-stafford-has-a-rib-injury,tracy walker,DET,DB,unique,"Officially, Matthew Stafford has a “rib” injury",2020-12-16T19:49:07Z
https://www.nbcsports.com/nfl/profootballtalk/rumor-mill/news/officially-matthew-stafford-has-a-rib-injury,austin bryant,DET,DL,unique,"Officially, Matthew Stafford has a “rib” injury",2020-12-16T19:49:07Z
https://www.nbcsports.com/nfl/profootballtalk/rumor-mill/news/officially-matthew-stafford-has-a-rib-injury,cj moore,DET,DB,unique,"Officially, Matthew Stafford has a “rib” injury",2020-12-16T19:49:07Z
https://www.nbcsports.com/nfl/profootballtalk/rumor-mill/news/packers-rule-out-davante-adams-hold-out-hope-for-other-injured-wideouts,davante adams,GB,WR,unique,"Packers rule out Davante Adams, hold out hope for other injured wideouts",2019-10-18T13:34:24Z
https://www.nbcsports.com/nfl/profootballtalk/rumor-mill/news/packers-rule-out-davante-adams-hold-out-hope-for-other-injured-wideouts,geronimo allison,GB,WR,unique,"Packers rule out Davante Adams, hold out hope for other injured wideouts",2019-10-18T13:34:24Z
https://www.nbcsports.com/nfl/profootballtalk/rumor-mill/news/packers-rule-out-davante-adams-hold-out-hope-for-other-injured-wideouts,marquez valdesscantling,GB,WR,unique,"Packers rule out Davante Adams, hold out hope for other injured wideouts",2019-10-18T13:34:24Z
https://www.nbcsports.com/nfl/profootballtalk/rumor-mill/news/packers-rule-out-davante-adams-hold-out-hope-for-other-injured-wideouts,jake kumerow,GB,WR,unique,"Packers rule out Davante Adams, hold out hope for other injured wideouts",2019-10-18T13:34:24Z
https://www.nbcsports.com/nfl/profootballtalk/rumor-mill/news/packers-rule-out-davante-adams-hold-out-hope-for-other-injured-wideouts,allen lazard,GB,WR,unique,"Packers rule out Davante Adams, hold out hope for other injured wideouts",2019-10-18T13:34:24Z
https://www.nbcsports.com/nfl/profootballtalk/rumor-mill/news/packers-rule-out-davante-adams-hold-out-hope-for-other-injured-wideouts,darrius shepherd,GB,WR,unique,"Packers rule out Davante Adams, hold out hope for other injured wideouts",2019-10-18T13:34:24Z
https://www.nbcsports.com/nfl/profootballtalk/rumor-mill/news/panthers-place-kenjon-barner-on-ir-promote-dorian-johnson,kenjon barner,CAR,RB,unique,"Panthers place Kenjon Barner on IR, promote Dorian Johnson",2018-12-28T17:37:26Z
https://www.nbcsports.com/nfl/profootballtalk/rumor-mill/news/panthers-place-kenjon-barner-on-ir-promote-dorian-johnson,dorian johnson,CAR,OL,unique,"Panthers place Kenjon Barner on IR, promote Dorian Johnson",2018-12-28T17:37:26Z
https://www.nbcsports.com/nfl/profootballtalk/rumor-mill/news/panthers-place-kenjon-barner-on-ir-promote-dorian-johnson,dj moore,CAR,WR,unique,"Panthers place Kenjon Barner on IR, promote Dorian Johnson",2018-12-28T17:37:26Z
https://www.nbcsports.com/nfl/profootballtalk/rumor-mill/news/panthers-place-kenjon-barner-on-ir-promote-dorian-johnson,travaris cadet,CAR,RB,unique,"Panthers place Kenjon Barner on IR, promote Dorian Johnson",2018-12-28T17:37:26Z
https://www.nbcsports.com/nfl/profootballtalk/rumor-mill/news/panthers-place-kenjon-barner-on-ir-promote-dorian-johnson,trai turner,CAR,OL,unique,"Panthers place Kenjon Barner on IR, promote Dorian Johnson",2018-12-28T17:37:26Z
https://www.nbcsports.com/nfl/profootballtalk/rumor-mill/news/panthers-place-kenjon-barner-on-ir-promote-dorian-johnson,marshall newhouse,CAR,OL,unique,"Panthers place Kenjon Barner on IR, promote Dorian Johnson",2018-12-28T17:37:26Z
https://www.nbcsports.com/nfl/profootballtalk/rumor-mill/news/patrick-mahomes-tyreek-hill-was-exhausted-after-return-from-covid-19,patrick mahomes,KC,QB,unique,Patrick Mahomes: Tyreek Hill was “exhausted” after return from COVID-19,"December 29, 2021"
https://www.nbcsports.com/nfl/profootballtalk/rumor-mill/news/patrick-mahomes-tyreek-hill-was-exhausted-after-return-from-covid-19,tyreek hill,KC,WR,unique,Patrick Mahomes: Tyreek Hill was “exhausted” after return from COVID-19,"December 29, 2021"
https://www.nbcsports.com/nfl/profootballtalk/rumor-mill/news/patrick-mahomes-tyreek-hill-was-exhausted-after-return-from-covid-19,travis kelce,KC,TE,unique,Patrick Mahomes: Tyreek Hill was “exhausted” after return from COVID-19,"December 29, 2021"
https://www.nbcsports.com/nfl/profootballtalk/rumor-mill/news/patrick-mahomes-tyreek-hill-was-exhausted-after-return-from-covid-19,nick bolton,KC,LB,unique,Patrick Mahomes: Tyreek Hill was “exhausted” after return from COVID-19,"December 29, 2021"
https://www.nbcsports.com/nfl/profootballtalk/rumor-mill/news/patrick-mahomes-tyreek-hill-was-exhausted-after-return-from-covid-19,lucas niang,KC,OL,unique,Patrick Mahomes: Tyreek Hill was “exhausted” after return from COVID-19,"December 29, 2021"
https://www.nbcsports.com/nfl/profootballtalk/rumor-mill/news/patrick-mahomes-tyreek-hill-was-exhausted-after-return-from-covid-19,rashad fenton,KC,DB,unique,Patrick Mahomes: Tyreek Hill was “exhausted” after return from COVID-19,"December 29, 2021"
https://www.nbcsports.com/nfl/profootballtalk/rumor-mill/news/patrick-mahomes-tyreek-hill-was-exhausted-after-return-from-covid-19,armani watts,KC,DB,unique,Patrick Mahomes: Tyreek Hill was “exhausted” after return from COVID-19,"December 29, 2021"
https://www.nbcsports.com/nfl/profootballtalk/rumor-mill/news/patrick-mahomes-tyreek-hill-was-exhausted-after-return-from-covid-19,kyle long,KC,OL,unique,Patrick Mahomes: Tyreek Hill was “exhausted” after return from COVID-19,"December 29, 2021"
https://www.nbcsports.com/nfl/profootballtalk/rumor-mill/news/patrick-mahomes-tyreek-hill-was-exhausted-after-return-from-covid-19,tommy townsend,KC,P,unique,Patrick Mahomes: Tyreek Hill was “exhausted” after return from COVID-19,"December 29, 2021"
https://www.nbcsports.com/nfl/profootballtalk/rumor-mill/news/patrick-mahomes-tyreek-hill-was-exhausted-after-return-from-covid-19,harrison butker,KC,K,unique,Patrick Mahomes: Tyreek Hill was “exhausted” after return from COVID-19,"December 29, 2021"
https://www.nbcsports.com/nfl/profootballtalk/rumor-mill/news/patriots-add-stephon-gilmore-shilique-calhoun-to-injury-report,stephon gilmore,NE,DB,unique,"Patriots add Stephon Gilmore, Shilique Calhoun to injury report",2020-10-29T16:28:38Z
https://www.nbcsports.com/nfl/profootballtalk/rumor-mill/news/patriots-add-stephon-gilmore-shilique-calhoun-to-injury-report,shilique calhoun,NE,LB,unique,"Patriots add Stephon Gilmore, Shilique Calhoun to injury report",2020-10-29T16:28:38Z
https://www.nbcsports.com/nfl/profootballtalk/rumor-mill/news/patriots-add-stephon-gilmore-shilique-calhoun-to-injury-report,kyle dugger,NE,DB,unique,"Patriots add Stephon Gilmore, Shilique Calhoun to injury report",2020-10-29T16:28:38Z
https://www.nbcsports.com/nfl/profootballtalk/rumor-mill/news/patriots-add-stephon-gilmore-shilique-calhoun-to-injury-report,lawrence guy,NE,DL,unique,"Patriots add Stephon Gilmore, Shilique Calhoun to injury report",2020-10-29T16:28:38Z
https://www.nbcsports.com/nfl/profootballtalk/rumor-mill/news/patriots-add-stephon-gilmore-shilique-calhoun-to-injury-report,damien harris,NE,RB,unique,"Patriots add Stephon Gilmore, Shilique Calhoun to injury report",2020-10-29T16:28:38Z
https://www.nbcsports.com/nfl/profootballtalk/rumor-mill/news/patriots-add-stephon-gilmore-shilique-calhoun-to-injury-report,justin herron,NE,OL,unique,"Patriots add Stephon Gilmore, Shilique Calhoun to injury report",2020-10-29T16:28:38Z
https://www.nbcsports.com/nfl/profootballtalk/rumor-mill/news/patriots-add-stephon-gilmore-shilique-calhoun-to-injury-report,john simon,NE,DL,unique,"Patriots add Stephon Gilmore, Shilique Calhoun to injury report",2020-10-29T16:28:38Z
https://www.nbcsports.com/nfl/profootballtalk/rumor-mill/news/patriots-add-stephon-gilmore-shilique-calhoun-to-injury-report,joe thuney,NE,OL,unique,"Patriots add Stephon Gilmore, Shilique Calhoun to injury report",2020-10-29T16:28:38Z
https://www.nbcsports.com/nfl/profootballtalk/rumor-mill/news/patriots-add-stephon-gilmore-shilique-calhoun-to-injury-report,julian edelman,NE,WR,unique,"Patriots add Stephon Gilmore, Shilique Calhoun to injury report",2020-10-29T16:28:38Z
https://www.nbcsports.com/nfl/profootballtalk/rumor-mill/news/patriots-add-stephon-gilmore-shilique-calhoun-to-injury-report,nkeal harry,NE,WR,unique,"Patriots add Stephon Gilmore, Shilique Calhoun to injury report",2020-10-29T16:28:38Z
https://www.nbcsports.com/nfl/profootballtalk/rumor-mill/news/patriots-add-stephon-gilmore-shilique-calhoun-to-injury-report,carl davis,NE,DL,unique,"Patriots add Stephon Gilmore, Shilique Calhoun to injury report",2020-10-29T16:28:38Z
https://www.nbcsports.com/nfl/profootballtalk/rumor-mill/news/quandre-diggs-active-for-seahawks-bryan-edwards-inactive-for-falcons,quandre diggs,SEA,DB,unique,"Quandre Diggs active for Seahawks, Bryan Edwards inactive for Falcons","September 25, 2022"
https://www.nbcsports.com/nfl/profootballtalk/rumor-mill/news/quandre-diggs-active-for-seahawks-bryan-edwards-inactive-for-falcons,bryan edwards,ATL,WR,unique,"Quandre Diggs active for Seahawks, Bryan Edwards inactive for Falcons","September 25, 2022"
https://www.nbcsports.com/nfl/profootballtalk/rumor-mill/news/quandre-diggs-active-for-seahawks-bryan-edwards-inactive-for-falcons,shelby harris,SEA,DL,unique,"Quandre Diggs active for Seahawks, Bryan Edwards inactive for Falcons","September 25, 2022"
https://www.nbcsports.com/nfl/profootballtalk/rumor-mill/news/quandre-diggs-active-for-seahawks-bryan-edwards-inactive-for-falcons,joey blount,SEA,DB,unique,"Quandre Diggs active for Seahawks, Bryan Edwards inactive for Falcons","September 25, 2022"
https://www.nbcsports.com/nfl/profootballtalk/rumor-mill/news/quandre-diggs-active-for-seahawks-bryan-edwards-inactive-for-falcons,justin coleman,SEA,DB,unique,"Quandre Diggs active for Seahawks, Bryan Edwards inactive for Falcons","September 25, 2022"
https://www.nbcsports.com/nfl/profootballtalk/rumor-mill/news/quandre-diggs-active-for-seahawks-bryan-edwards-inactive-for-falcons,sidney jones,SEA,DB,unique,"Quandre Diggs active for Seahawks, Bryan Edwards inactive for Falcons","September 25, 2022"
https://www.nbcsports.com/nfl/profootballtalk/rumor-mill/news/quandre-diggs-active-for-seahawks-bryan-edwards-inactive-for-falcons,artie burns,SEA,DB,unique,"Quandre Diggs active for Seahawks, Bryan Edwards inactive for Falcons","September 25, 2022"
https://www.nbcsports.com/nfl/profootballtalk/rumor-mill/news/quandre-diggs-active-for-seahawks-bryan-edwards-inactive-for-falcons,jake curhan,SEA,OL,unique,"Quandre Diggs active for Seahawks, Bryan Edwards inactive for Falcons","September 25, 2022"
https://www.nbcsports.com/nfl/profootballtalk/rumor-mill/news/quandre-diggs-active-for-seahawks-bryan-edwards-inactive-for-falcons,dareke young,SEA,WR,unique,"Quandre Diggs active for Seahawks, Bryan Edwards inactive for Falcons","September 25, 2022"
https://www.nbcsports.com/nfl/profootballtalk/rumor-mill/news/quandre-diggs-active-for-seahawks-bryan-edwards-inactive-for-falcons,elijah wilkinson,ATL,OL,unique,"Quandre Diggs active for Seahawks, Bryan Edwards inactive for Falcons","September 25, 2022"
https://www.nbcsports.com/nfl/profootballtalk/rumor-mill/news/quandre-diggs-active-for-seahawks-bryan-edwards-inactive-for-falcons,damiere byrd,ATL,WR,unique,"Quandre Diggs active for Seahawks, Bryan Edwards inactive for Falcons","September 25, 2022"
https://www.nbcsports.com/nfl/profootballtalk/rumor-mill/news/quandre-diggs-active-for-seahawks-bryan-edwards-inactive-for-falcons,nick kwiatkoski,ATL,LB,unique,"Quandre Diggs active for Seahawks, Bryan Edwards inactive for Falcons","September 25, 2022"
https://www.nbcsports.com/nfl/profootballtalk/rumor-mill/news/quandre-diggs-active-for-seahawks-bryan-edwards-inactive-for-falcons,quinton bell,ATL,LB,unique,"Quandre Diggs active for Seahawks, Bryan Edwards inactive for Falcons","September 25, 2022"
https://www.nbcsports.com/nfl/profootballtalk/rumor-mill/news/quandre-diggs-active-for-seahawks-bryan-edwards-inactive-for-falcons,matt dickerson,ATL,DL,unique,"Quandre Diggs active for Seahawks, Bryan Edwards inactive for Falcons","September 25, 2022"
https://www.nbcsports.com/nfl/profootballtalk/rumor-mill/news/ravens-lose-marcus-peters-to-torn-acl,marcus peters,BAL,DB,unique,Ravens lose Marcus Peters to torn ACL,2021-09-09T20:03:02Z
https://www.nbcsports.com/nfl/profootballtalk/rumor-mill/news/ravens-put-ronnie-stanley-tyre-phillips-on-injured-reserve,ronnie stanley,BAL,OL,unique,"Ravens put Ronnie Stanley, Tyre Phillips on injured reserve",2020-11-03T16:10:42Z
https://www.nbcsports.com/nfl/profootballtalk/rumor-mill/news/ravens-put-ronnie-stanley-tyre-phillips-on-injured-reserve,tyre phillips,BAL,OL,unique,"Ravens put Ronnie Stanley, Tyre Phillips on injured reserve",2020-11-03T16:10:42Z
https://www.nbcsports.com/nfl/profootballtalk/rumor-mill/news/ravens-put-ronnie-stanley-tyre-phillips-on-injured-reserve,patrick mekari,BAL,OL,unique,"Ravens put Ronnie Stanley, Tyre Phillips on injured reserve",2020-11-03T16:10:42Z
https://www.nbcsports.com/nfl/profootballtalk/rumor-mill/news/ravens-put-ronnie-stanley-tyre-phillips-on-injured-reserve,orlando brown,BAL,OL,unique,"Ravens put Ronnie Stanley, Tyre Phillips on injured reserve",2020-11-03T16:10:42Z
https://www.nbcsports.com/nfl/profootballtalk/rumor-mill/news/ravens-put-ronnie-stanley-tyre-phillips-on-injured-reserve,dj fluker,BAL,OL,unique,"Ravens put Ronnie Stanley, Tyre Phillips on injured reserve",2020-11-03T16:10:42Z
https://www.nbcsports.com/nfl/profootballtalk/rumor-mill/news/report-damien-harris-likely-to-miss-multiple-games-with-hamstring-injury,damien harris,NE,RB,unique,Report: Damien Harris likely to miss multiple games with hamstring injury,"October 11, 2022"
https://www.nbcsports.com/nfl/profootballtalk/rumor-mill/news/report-damien-harris-likely-to-miss-multiple-games-with-hamstring-injury,rhamondre stevenson,NE,RB,unique,Report: Damien Harris likely to miss multiple games with hamstring injury,"October 11, 2022"
https://www.nbcsports.com/nfl/profootballtalk/rumor-mill/news/report-damien-harris-likely-to-miss-multiple-games-with-hamstring-injury,pierre strong,NE,RB,unique,Report: Damien Harris likely to miss multiple games with hamstring injury,"October 11, 2022"
https://www.nbcsports.com/nfl/profootballtalk/rumor-mill/news/report-damien-harris-likely-to-miss-multiple-games-with-hamstring-injury,jj taylor,NE,RB,unique,Report: Damien Harris likely to miss multiple games with hamstring injury,"October 11, 2022"
https://www.nbcsports.com/nfl/profootballtalk/rumor-mill/news/report-damien-harris-likely-to-miss-multiple-games-with-hamstring-injury,kevin harris,NE,RB,unique,Report: Damien Harris likely to miss multiple games with hamstring injury,"October 11, 2022"
https://www.nbcsports.com/nfl/profootballtalk/rumor-mill/news/report-drew-brees-to-have-surgery-on-wednesday,drew brees,NO,QB,unique,Drew Brees to have surgery on Wednesday,2019-09-17T16:40:47Z
https://www.nbcsports.com/nfl/profootballtalk/rumor-mill/news/report-josh-allen-wont-need-surgery-out-at-least-2-3-games,josh allen,BUF,QB,tag_disambiguated,"Report: Josh Allen won’t need surgery, out at least 2-3 games",2018-10-16T19:30:16Z
https://www.nbcsports.com/nfl/profootballtalk/rumor-mill/news/report-josh-allen-wont-need-surgery-out-at-least-2-3-games,marcus mariota,TEN,QB,unique,"Report: Josh Allen won’t need surgery, out at least 2-3 games",2018-10-16T19:30:16Z
https://www.nbcsports.com/nfl/profootballtalk/rumor-mill/news/report-josh-allen-wont-need-surgery-out-at-least-2-3-games,nathan peterman,BUF,QB,unique,"Report: Josh Allen won’t need surgery, out at least 2-3 games",2018-10-16T19:30:16Z
https://www.nbcsports.com/nfl/profootballtalk/rumor-mill/news/report-josh-allen-wont-need-surgery-out-at-least-2-3-games,derek anderson,BUF,QB,unique,"Report: Josh Allen won’t need surgery, out at least 2-3 games",2018-10-16T19:30:16Z
https://www.nbcsports.com/nfl/profootballtalk/rumor-mill/news/report-keanu-neal-tore-his-acl,keanu neal,ATL,DB,unique,Keanu Neal tore his ACL,2018-09-07T13:39:38Z
https://www.nbcsports.com/nfl/profootballtalk/rumor-mill/news/report-keanu-neal-tore-his-acl,damontae kazee,ATL,DB,unique,Keanu Neal tore his ACL,2018-09-07T13:39:38Z
https://www.nbcsports.com/nfl/profootballtalk/rumor-mill/news/report-keanu-neal-tore-his-acl,jordan richards,ATL,DB,unique,Keanu Neal tore his ACL,2018-09-07T13:39:38Z
https://www.nbcsports.com/nfl/profootballtalk/rumor-mill/news/report-russell-wilson-has-a-partial-hamstring-tear,russell wilson,DEN,QB,unique,Report: Russell Wilson has a partial hamstring tear,"October 23, 2022"
https://www.nbcsports.com/nfl/profootballtalk/rumor-mill/news/sean-lee-cole-beasley-questionable-maliek-collins-out,sean lee,DAL,LB,unique,"Sean Lee, Cole Beasley questionable; Maliek Collins out",2018-09-21T15:33:28Z
https://www.nbcsports.com/nfl/profootballtalk/rumor-mill/news/sean-lee-cole-beasley-questionable-maliek-collins-out,cole beasley,DAL,WR,unique,"Sean Lee, Cole Beasley questionable; Maliek Collins out",2018-09-21T15:33:28Z
https://www.nbcsports.com/nfl/profootballtalk/rumor-mill/news/sean-lee-cole-beasley-questionable-maliek-collins-out,maliek collins,DAL,DL,unique,"Sean Lee, Cole Beasley questionable; Maliek Collins out",2018-09-21T15:33:28Z
https://www.nbcsports.com/nfl/profootballtalk/rumor-mill/news/sean-lee-cole-beasley-questionable-maliek-collins-out,xavier woods,DAL,DB,unique,"Sean Lee, Cole Beasley questionable; Maliek Collins out",2018-09-21T15:33:28Z
https://www.nbcsports.com/nfl/profootballtalk/rumor-mill/news/sean-lee-cole-beasley-questionable-maliek-collins-out,travis frederick,DAL,OL,unique,"Sean Lee, Cole Beasley questionable; Maliek Collins out",2018-09-21T15:33:28Z
https://www.nbcsports.com/nfl/profootballtalk/rumor-mill/news/steelers-say-james-conner-questionable-for-week-17,james conner,PIT,RB,unique,Steelers say James Conner questionable for Week 17,2018-12-25T12:39:24Z
https://www.nbcsports.com/nfl/profootballtalk/rumor-mill/news/sundays-games-all-set-to-go-after-covid-19-testing,lamarcus joyner,LV,DB,unique,Sunday’s games all set to go after COVID-19 testing,2020-11-22T08:49:47Z
https://www.nbcsports.com/nfl/profootballtalk/rumor-mill/news/sundays-games-all-set-to-go-after-covid-19-testing,johnathan abram,LV,DB,unique,Sunday’s games all set to go after COVID-19 testing,2020-11-22T08:49:47Z
https://www.nbcsports.com/nfl/profootballtalk/rumor-mill/news/sundays-games-all-set-to-go-after-covid-19-testing,maliek collins,LV,DL,unique,Sunday’s games all set to go after COVID-19 testing,2020-11-22T08:49:47Z
https://www.nbcsports.com/nfl/profootballtalk/rumor-mill/news/sundays-games-all-set-to-go-after-covid-19-testing,johnathan hankins,LV,DL,unique,Sunday’s games all set to go after COVID-19 testing,2020-11-22T08:49:47Z
https://www.nbcsports.com/nfl/profootballtalk/rumor-mill/news/sundays-games-all-set-to-go-after-covid-19-testing,kendal vickers,LV,DL,unique,Sunday’s games all set to go after COVID-19 testing,2020-11-22T08:49:47Z
https://www.nbcsports.com/nfl/profootballtalk/rumor-mill/news/sundays-games-all-set-to-go-after-covid-19-testing,arden key,LV,DL,unique,Sunday’s games all set to go after COVID-19 testing,2020-11-22T08:49:47Z
https://www.nbcsports.com/nfl/profootballtalk/rumor-mill/news/sundays-games-all-set-to-go-after-covid-19-testing,isaiah johnson,LV,DB,unique,Sunday’s games all set to go after COVID-19 testing,2020-11-22T08:49:47Z
https://www.nbcsports.com/nfl/profootballtalk/rumor-mill/news/t-y-hilton-out-of-practice-for-colts,ty hilton,IND,WR,unique,T.Y. Hilton out of practice for Colts,2021-10-20T17:44:18Z
https://www.nbcsports.com/nfl/profootballtalk/rumor-mill/news/t-y-hilton-out-of-practice-for-colts,darius leonard,IND,LB,unique,T.Y. Hilton out of practice for Colts,2021-10-20T17:44:18Z
https://www.nbcsports.com/nfl/profootballtalk/rumor-mill/news/t-y-hilton-out-of-practice-for-colts,tyquan lewis,IND,DL,unique,T.Y. Hilton out of practice for Colts,2021-10-20T17:44:18Z
https://www.nbcsports.com/nfl/profootballtalk/rumor-mill/news/t-y-hilton-out-of-practice-for-colts,kwity paye,IND,DL,unique,T.Y. Hilton out of practice for Colts,2021-10-20T17:44:18Z
https://www.nbcsports.com/nfl/profootballtalk/rumor-mill/news/t-y-hilton-out-of-practice-for-colts,kemoko turay,IND,DL,unique,T.Y. Hilton out of practice for Colts,2021-10-20T17:44:18Z
https://www.nbcsports.com/nfl/profootballtalk/rumor-mill/news/t-y-hilton-out-of-practice-for-colts,braden smith,IND,OL,unique,T.Y. Hilton out of practice for Colts,2021-10-20T17:44:18Z
https://www.nbcsports.com/nfl/profootballtalk/rumor-mill/news/t-y-hilton-out-of-practice-for-colts,jordan wilkins,IND,RB,unique,T.Y. Hilton out of practice for Colts,2021-10-20T17:44:18Z
https://www.nbcsports.com/nfl/profootballtalk/rumor-mill/news/t-y-hilton-out-of-practice-for-colts,rock yasin,IND,DB,unique,T.Y. Hilton out of practice for Colts,2021-10-20T17:44:18Z
https://www.nbcsports.com/nfl/profootballtalk/rumor-mill/news/terrance-williams-remains-out-of-practice-for-cowboys,terrance williams,DAL,WR,unique,Terrance Williams remains out of practice for Cowboys,2018-10-04T12:54:04Z
https://www.nbcsports.com/nfl/profootballtalk/rumor-mill/news/texans-designate-lb-dylan-cole-to-return-from-ir,dylan cole,HOU,LB,unique,Texans designate LB Dylan Cole to return from IR,2018-11-21T15:11:56Z
https://www.nbcsports.com/nfl/profootballtalk/rumor-mill/news/trent-brown-rodney-hudson-limited-in-raiders-practice,trent brown,OAK,OL,unique,"Trent Brown, Rodney Hudson limited in Raiders practice",2019-11-05T17:02:12Z
https://www.nbcsports.com/nfl/profootballtalk/rumor-mill/news/trent-brown-rodney-hudson-limited-in-raiders-practice,rodney hudson,OAK,OL,unique,"Trent Brown, Rodney Hudson limited in Raiders practice",2019-11-05T17:02:12Z
https://www.nbcsports.com/nfl/profootballtalk/rumor-mill/news/trent-brown-rodney-hudson-limited-in-raiders-practice,daryl worley,OAK,DB,unique,"Trent Brown, Rodney Hudson limited in Raiders practice",2019-11-05T17:02:12Z
https://www.nbcsports.com/nfl/profootballtalk/rumor-mill/news/trent-brown-rodney-hudson-limited-in-raiders-practice,nicholas morrow,OAK,LB,unique,"Trent Brown, Rodney Hudson limited in Raiders practice",2019-11-05T17:02:12Z
https://www.nbcsports.com/nfl/profootballtalk/rumor-mill/news/trent-brown-rodney-hudson-limited-in-raiders-practice,josh jacobs,OAK,RB,unique,"Trent Brown, Rodney Hudson limited in Raiders practice",2019-11-05T17:02:12Z
https://www.nbcsports.com/nfl/profootballtalk/rumor-mill/news/trent-brown-rodney-hudson-limited-in-raiders-practice,arden key,OAK,DL,unique,"Trent Brown, Rodney Hudson limited in Raiders practice",2019-11-05T17:02:12Z
https://www.nbcsports.com/nfl/profootballtalk/rumor-mill/news/trent-brown-rodney-hudson-limited-in-raiders-practice,josh mauro,OAK,DL,unique,"Trent Brown, Rodney Hudson limited in Raiders practice",2019-11-05T17:02:12Z
https://www.nbcsports.com/nfl/profootballtalk/rumor-mill/news/trent-williams-hasnt-been-ruled-out-for-sunday-after-all,trent williams,WAS,OL,unique,Trent Williams hasn’t been ruled out for Sunday after all,2018-11-16T14:49:55Z
https://www.nbcsports.com/nfl/profootballtalk/rumor-mill/news/trent-williams-hasnt-been-ruled-out-for-sunday-after-all,ty nsekhe,WAS,OL,unique,Trent Williams hasn’t been ruled out for Sunday after all,2018-11-16T14:49:55Z
https://www.nbcsports.com/nfl/profootballtalk/rumor-mill/news/trent-williams-hasnt-been-ruled-out-for-sunday-after-all,chris thompson,HOU,WR,tag_disambiguated,Trent Williams hasn’t been ruled out for Sunday after all,2018-11-16T14:49:55Z
https://www.nbcsports.com/nfl/profootballtalk/rumor-mill/news/trent-williams-hasnt-been-ruled-out-for-sunday-after-all,jamison crowder,WAS,WR,unique,Trent Williams hasn’t been ruled out for Sunday after all,2018-11-16T14:49:55Z
https://www.nbcsports.com/nfl/profootballtalk/rumor-mill/news/trent-williams-hasnt-been-ruled-out-for-sunday-after-all,samaje perine,WAS,RB,unique,Trent Williams hasn’t been ruled out for Sunday after all,2018-11-16T14:49:55Z
https://www.nbcsports.com/nfl/profootballtalk/rumor-mill/news/trent-williams-hasnt-been-ruled-out-for-sunday-after-all,dustin hopkins,WAS,K,unique,Trent Williams hasn’t been ruled out for Sunday after all,2018-11-16T14:49:55Z
https://www.nbcsports.com/nfl/profootballtalk/rumor-mill/news/tyron-smith-dealing-with-a-bone-spur-in-his-ankle,tyron smith,DAL,OL,unique,Tyron Smith dealing with a bone spur in his ankle,"November 2, 2021"
https://www.nbcsports.com/nfl/profootballtalk/rumor-mill/news/tyron-smith-dealing-with-a-bone-spur-in-his-ankle,lael collins,DAL,OL,unique,Tyron Smith dealing with a bone spur in his ankle,"November 2, 2021"
https://www.nbcsports.com/nfl/profootballtalk/rumor-mill/news/tyron-smith-dealing-with-a-bone-spur-in-his-ankle,ty nsekhe,DAL,OL,unique,Tyron Smith dealing with a bone spur in his ankle,"November 2, 2021"
https://www.nbcsports.com/nfl/profootballtalk/rumor-mill/news/tyron-smith-dealing-with-a-bone-spur-in-his-ankle,terence steele,DAL,OL,unique,Tyron Smith dealing with a bone spur in his ankle,"November 2, 2021"
https://www.nbcsports.com/nfl/profootballtalk/rumor-mill/news/tyron-smith-dealing-with-a-bone-spur-in-his-ankle,von miller,LA,LB,unique,Tyron Smith dealing with a bone spur in his ankle,"November 2, 2021"
https://www.nbcsports.com/nfl/profootballtalk/rumor-mill/news/tyron-smith-is-inactive-tyrann-mathieu-is-active-after-injuring-his-knee,tyron smith,DAL,OL,unique,Tyron Smith is inactive; Tyrann Mathieu is active after injuring his knee,"November 21, 2021"
https://www.nbcsports.com/nfl/profootballtalk/rumor-mill/news/tyron-smith-is-inactive-tyrann-mathieu-is-active-after-injuring-his-knee,tyrann mathieu,KC,DB,unique,Tyron Smith is inactive; Tyrann Mathieu is active after injuring his knee,"November 21, 2021"
https://www.nbcsports.com/nfl/profootballtalk/rumor-mill/news/tyron-smith-is-inactive-tyrann-mathieu-is-active-after-injuring-his-knee,lucas niang,KC,OL,unique,Tyron Smith is inactive; Tyrann Mathieu is active after injuring his knee,"November 21, 2021"
https://www.nbcsports.com/nfl/profootballtalk/rumor-mill/news/tyron-smith-is-inactive-tyrann-mathieu-is-active-after-injuring-his-knee,khalen saunders,KC,DL,unique,Tyron Smith is inactive; Tyrann Mathieu is active after injuring his knee,"November 21, 2021"
https://www.nbcsports.com/nfl/profootballtalk/rumor-mill/news/tyron-smith-is-inactive-tyrann-mathieu-is-active-after-injuring-his-knee,deandre baker,KC,DB,unique,Tyron Smith is inactive; Tyrann Mathieu is active after injuring his knee,"November 21, 2021"
https://www.nbcsports.com/nfl/profootballtalk/rumor-mill/news/tyron-smith-is-inactive-tyrann-mathieu-is-active-after-injuring-his-knee,derrick gore,KC,RB,unique,Tyron Smith is inactive; Tyrann Mathieu is active after injuring his knee,"November 21, 2021"
https://www.nbcsports.com/nfl/profootballtalk/rumor-mill/news/tyron-smith-is-inactive-tyrann-mathieu-is-active-after-injuring-his-knee,shane buechele,KC,QB,unique,Tyron Smith is inactive; Tyrann Mathieu is active after injuring his knee,"November 21, 2021"
https://www.nbcsports.com/nfl/profootballtalk/rumor-mill/news/tyron-smith-is-inactive-tyrann-mathieu-is-active-after-injuring-his-knee,ljarius sneed,KC,DB,unique,Tyron Smith is inactive; Tyrann Mathieu is active after injuring his knee,"November 21, 2021"
https://www.nbcsports.com/nfl/profootballtalk/rumor-mill/news/tyron-smith-is-inactive-tyrann-mathieu-is-active-after-injuring-his-knee,armani watts,KC,DB,unique,Tyron Smith is inactive; Tyrann Mathieu is active after injuring his knee,"November 21, 2021"
https://www.nbcsports.com/nfl/profootballtalk/rumor-mill/news/tyron-smith-is-inactive-tyrann-mathieu-is-active-after-injuring-his-knee,terence steele,DAL,OL,unique,Tyron Smith is inactive; Tyrann Mathieu is active after injuring his knee,"November 21, 2021"
https://www.nbcsports.com/nfl/profootballtalk/rumor-mill/news/tyron-smith-is-inactive-tyrann-mathieu-is-active-after-injuring-his-knee,kelvin joseph,DAL,DB,unique,Tyron Smith is inactive; Tyrann Mathieu is active after injuring his knee,"November 21, 2021"
https://www.nbcsports.com/nfl/profootballtalk/rumor-mill/news/tyron-smith-is-inactive-tyrann-mathieu-is-active-after-injuring-his-knee,nahshon wright,DAL,DB,unique,Tyron Smith is inactive; Tyrann Mathieu is active after injuring his knee,"November 21, 2021"
https://www.nbcsports.com/nfl/profootballtalk/rumor-mill/news/tyron-smith-is-inactive-tyrann-mathieu-is-active-after-injuring-his-knee,simi fehoko,DAL,WR,unique,Tyron Smith is inactive; Tyrann Mathieu is active after injuring his knee,"November 21, 2021"
https://www.nbcsports.com/nfl/profootballtalk/rumor-mill/news/tyron-smith-is-inactive-tyrann-mathieu-is-active-after-injuring-his-knee,israel mukuamu,DAL,DB,unique,Tyron Smith is inactive; Tyrann Mathieu is active after injuring his knee,"November 21, 2021"
https://www.nbcsports.com/nfl/profootballtalk/rumor-mill/news/tyron-smith-is-inactive-tyrann-mathieu-is-active-after-injuring-his-knee,will grier,DAL,QB,unique,Tyron Smith is inactive; Tyrann Mathieu is active after injuring his knee,"November 21, 2021"
https://www.nbcsports.com/nfl/profootballtalk/rumor-mill/news/tyron-smith-is-inactive-tyrann-mathieu-is-active-after-injuring-his-knee,connor mcgovern,,OL,ambiguous,Tyron Smith is inactive; Tyrann Mathieu is active after injuring his knee,"November 21, 2021"
https://www.nbcsports.com/nfl/profootballtalk/rumor-mill/news/tyron-smith-is-inactive-tyrann-mathieu-is-active-after-injuring-his-knee,connor williams,DAL,OL,unique,Tyron Smith is inactive; Tyrann Mathieu is active after injuring his knee,"November 21, 2021"
https://www.nbcsports.com/nfl/profootballtalk/rumor-mill/news/vikings-activate-alexander-mattison-off-covid-19-list,alexander mattison,MIN,RB,unique,Vikings activate Alexander Mattison off COVID-19 list,"December 22, 2021"
https://www.nbcsports.com/nfl/profootballtalk/rumor-mill/news/vikings-activate-alexander-mattison-off-covid-19-list,dalvin cook,MIN,RB,unique,Vikings activate Alexander Mattison off COVID-19 list,"December 22, 2021"
https://www.nbcsports.com/nfl/profootballtalk/rumor-mill/news/vikings-place-kenny-willekes-on-covid-19-list-sign-eddie-yarbrough,kenny willekes,MIN,DL,unique,"Vikings place Kenny Willekes on COVID-19 list, sign Eddie Yarbrough","November 12, 2021"
https://www.nbcsports.com/nfl/profootballtalk/rumor-mill/news/vikings-place-kenny-willekes-on-covid-19-list-sign-eddie-yarbrough,eddie yarbrough,MIN,DL,unique,"Vikings place Kenny Willekes on COVID-19 list, sign Eddie Yarbrough","November 12, 2021"
https://www.nbcsports.com/nfl/profootballtalk/rumor-mill/news/vikings-place-kenny-willekes-on-covid-19-list-sign-eddie-yarbrough,harrison smith,MIN,DB,unique,"Vikings place Kenny Willekes on COVID-19 list, sign Eddie Yarbrough","November 12, 2021"
https://www.nbcsports.com/nfl/profootballtalk/rumor-mill/news/vikings-place-kenny-willekes-on-covid-19-list-sign-eddie-yarbrough,garrett bradbury,MIN,OL,unique,"Vikings place Kenny Willekes on COVID-19 list, sign Eddie Yarbrough","November 12, 2021"
https://www.nbcsports.com/nfl/profootballtalk/rumor-mill/news/vikings-place-kenny-willekes-on-covid-19-list-sign-eddie-yarbrough,ryan connelly,MIN,LB,unique,"Vikings place Kenny Willekes on COVID-19 list, sign Eddie Yarbrough","November 12, 2021"
https://www.nbcsports.com/nfl/profootballtalk/rumor-mill/news/vikings-place-kenny-willekes-on-covid-19-list-sign-eddie-yarbrough,dakota dozier,MIN,OL,unique,"Vikings place Kenny Willekes on COVID-19 list, sign Eddie Yarbrough","November 12, 2021"
https://www.nbcsports.com/nfl/profootballtalk/rumor-mill/news/vikings-place-kenny-willekes-on-covid-19-list-sign-eddie-yarbrough,timon parris,MIN,OL,unique,"Vikings place Kenny Willekes on COVID-19 list, sign Eddie Yarbrough","November 12, 2021"
https://www.nbcsports.com/nfl/profootballtalk/rumor-mill/news/week-five-injury-report-roundup-8,matt skura,BAL,OL,unique,Week Five injury report roundup,2019-10-04T17:12:23Z
https://www.nbcsports.com/nfl/profootballtalk/rumor-mill/news/week-five-injury-report-roundup-8,cyrus jones,BAL,DB,unique,Week Five injury report roundup,2019-10-04T17:12:23Z
https://www.nbcsports.com/nfl/profootballtalk/rumor-mill/news/week-five-injury-report-roundup-8,brandon williams,,DL,ambiguous,Week Five injury report roundup,2019-10-04T17:12:23Z
https://www.nbcsports.com/nfl/profootballtalk/rumor-mill/news/week-five-injury-report-roundup-8,jimmy smith,BAL,DB,unique,Week Five injury report roundup,2019-10-04T17:12:23Z
https://www.nbcsports.com/nfl/profootballtalk/rumor-mill/news/week-five-injury-report-roundup-8,juju smithschuster,PIT,WR,unique,Week Five injury report roundup,2019-10-04T17:12:23Z
https://www.nbcsports.com/nfl/profootballtalk/rumor-mill/news/week-five-injury-report-roundup-8,roosevelt nix,PIT,RB,unique,Week Five injury report roundup,2019-10-04T17:12:23Z
https://www.nbcsports.com/nfl/profootballtalk/rumor-mill/news/week-five-injury-report-roundup-8,anthony chickillo,PIT,LB,unique,Week Five injury report roundup,2019-10-04T17:12:23Z
https://www.nbcsports.com/nfl/profootballtalk/rumor-mill/news/week-five-injury-report-roundup-8,vance mcdonald,PIT,TE,unique,Week Five injury report roundup,2019-10-04T17:12:23Z
https://www.nbcsports.com/nfl/profootballtalk/rumor-mill/news/week-five-injury-report-roundup-8,vince williams,PIT,LB,unique,Week Five injury report roundup,2019-10-04T17:12:23Z
https://www.nbcsports.com/nfl/profootballtalk/rumor-mill/news/week-five-injury-report-roundup-8,rex burkhead,NE,RB,unique,Week Five injury report roundup,2019-10-04T17:12:23Z
https://www.nbcsports.com/nfl/profootballtalk/rumor-mill/news/week-five-injury-report-roundup-8,patrick chung,NE,DB,unique,Week Five injury report roundup,2019-10-04T17:12:23Z
https://www.nbcsports.com/nfl/profootballtalk/rumor-mill/news/week-five-injury-report-roundup-8,nate ebner,NE,DB,unique,Week Five injury report roundup,2019-10-04T17:12:23Z
https://www.nbcsports.com/nfl/profootballtalk/rumor-mill/news/week-five-injury-report-roundup-8,julian edelman,NE,WR,unique,Week Five injury report roundup,2019-10-04T17:12:23Z
https://www.nbcsports.com/nfl/profootballtalk/rumor-mill/news/week-five-injury-report-roundup-8,donta hightower,NE,LB,unique,Week Five injury report roundup,2019-10-04T17:12:23Z
https://www.nbcsports.com/nfl/profootballtalk/rumor-mill/news/week-five-injury-report-roundup-8,colt mccoy,WAS,QB,unique,Week Five injury report roundup,2019-10-04T17:12:23Z
https://www.nbcsports.com/nfl/profootballtalk/rumor-mill/news/week-five-injury-report-roundup-8,vernon davis,WAS,TE,unique,Week Five injury report roundup,2019-10-04T17:12:23Z
https://www.nbcsports.com/nfl/profootballtalk/rumor-mill/news/week-five-injury-report-roundup-8,jordan reed,WAS,TE,unique,Week Five injury report roundup,2019-10-04T17:12:23Z
https://www.nbcsports.com/nfl/profootballtalk/rumor-mill/news/week-five-injury-report-roundup-8,brandon scherff,WAS,OL,unique,Week Five injury report roundup,2019-10-04T17:12:23Z
https://www.nbcsports.com/nfl/profootballtalk/rumor-mill/news/week-five-injury-report-roundup-8,josh harveyclemons,WAS,LB,unique,Week Five injury report roundup,2019-10-04T17:12:23Z
https://www.nbcsports.com/nfl/profootballtalk/rumor-mill/news/week-five-injury-report-roundup-8,case keenum,WAS,QB,unique,Week Five injury report roundup,2019-10-04T17:12:23Z
https://www.nbcsports.com/nfl/profootballtalk/rumor-mill/news/week-five-injury-report-roundup-8,terry mclaurin,WAS,WR,unique,Week Five injury report roundup,2019-10-04T17:12:23Z
https://www.nbcsports.com/nfl/profootballtalk/rumor-mill/news/week-five-injury-report-roundup-8,josh norman,WAS,DB,unique,Week Five injury report roundup,2019-10-04T17:12:23Z
https://www.nbcsports.com/nfl/profootballtalk/rumor-mill/news/week-five-injury-report-roundup-8,chase roullier,WAS,OL,unique,Week Five injury report roundup,2019-10-04T17:12:23Z
https://www.nbcsports.com/nfl/profootballtalk/rumor-mill/news/week-five-injury-report-roundup-8,jalen ramsey,JAX,DB,unique,Week Five injury report roundup,2019-10-04T17:12:23Z
https://www.nbcsports.com/nfl/profootballtalk/rumor-mill/news/week-five-injury-report-roundup-8,josh oliver,JAX,TE,unique,Week Five injury report roundup,2019-10-04T17:12:23Z
https://www.nbcsports.com/nfl/profootballtalk/rumor-mill/news/week-five-injury-report-roundup-8,lerentee mccray,JAX,DL,unique,Week Five injury report roundup,2019-10-04T17:12:23Z
https://www.nbcsports.com/nfl/profootballtalk/rumor-mill/news/week-five-injury-report-roundup-8,cam newton,CAR,QB,unique,Week Five injury report roundup,2019-10-04T17:12:23Z
https://www.nbcsports.com/nfl/profootballtalk/rumor-mill/news/week-five-injury-report-roundup-8,trai turner,CAR,OL,unique,Week Five injury report roundup,2019-10-04T17:12:23Z
https://www.nbcsports.com/nfl/profootballtalk/rumor-mill/news/week-five-injury-report-roundup-8,greg little,CAR,OL,unique,Week Five injury report roundup,2019-10-04T17:12:23Z
https://www.nbcsports.com/nfl/profootballtalk/rumor-mill/news/week-five-injury-report-roundup-8,chris manhertz,CAR,TE,unique,Week Five injury report roundup,2019-10-04T17:12:23Z
https://www.nbcsports.com/nfl/profootballtalk/rumor-mill/news/week-five-injury-report-roundup-8,brian burns,CAR,DL,unique,Week Five injury report roundup,2019-10-04T17:12:23Z
https://www.nbcsports.com/nfl/profootballtalk/rumor-mill/news/week-five-injury-report-roundup-8,eric reid,CAR,DB,unique,Week Five injury report roundup,2019-10-04T17:12:23Z
https://www.nbcsports.com/nfl/profootballtalk/rumor-mill/news/week-five-injury-report-roundup-8,gerald mccoy,CAR,DL,unique,Week Five injury report roundup,2019-10-04T17:12:23Z
https://www.nbcsports.com/nfl/profootballtalk/rumor-mill/news/week-five-injury-report-roundup-8,zach allen,ARI,DL,unique,Week Five injury report roundup,2019-10-04T17:12:23Z
https://www.nbcsports.com/nfl/profootballtalk/rumor-mill/news/week-five-injury-report-roundup-8,dennis gardeck,ARI,LB,unique,Week Five injury report roundup,2019-10-04T17:12:23Z
https://www.nbcsports.com/nfl/profootballtalk/rumor-mill/news/week-five-injury-report-roundup-8,christian kirk,ARI,WR,unique,Week Five injury report roundup,2019-10-04T17:12:23Z
https://www.nbcsports.com/nfl/profootballtalk/rumor-mill/news/week-five-injury-report-roundup-8,charles washington,ARI,DB,unique,Week Five injury report roundup,2019-10-04T17:12:23Z
https://www.nbcsports.com/nfl/profootballtalk/rumor-mill/news/week-five-injury-report-roundup-8,jordan mills,ARI,OL,unique,Week Five injury report roundup,2019-10-04T17:12:23Z
https://www.nbcsports.com/nfl/profootballtalk/rumor-mill/news/week-five-injury-report-roundup-8,damiere byrd,ARI,WR,unique,Week Five injury report roundup,2019-10-04T17:12:23Z
https://www.nbcsports.com/nfl/profootballtalk/rumor-mill/news/week-five-injury-report-roundup-8,andy lee,ARI,P,unique,Week Five injury report roundup,2019-10-04T17:12:23Z
https://www.nbcsports.com/nfl/profootballtalk/rumor-mill/news/week-five-injury-report-roundup-8,justin pugh,ARI,OL,unique,Week Five injury report roundup,2019-10-04T17:12:23Z
https://www.nbcsports.com/nfl/profootballtalk/rumor-mill/news/week-five-injury-report-roundup-8,tramaine brock,ARI,DB,unique,Week Five injury report roundup,2019-10-04T17:12:23Z
https://www.nbcsports.com/nfl/profootballtalk/rumor-mill/news/week-five-injury-report-roundup-8,terrell suggs,ARI,LB,unique,Week Five injury report roundup,2019-10-04T17:12:23Z
https://www.nbcsports.com/nfl/profootballtalk/rumor-mill/news/week-five-injury-report-roundup-8,aj green,CIN,WR,unique,Week Five injury report roundup,2019-10-04T17:12:23Z
https://www.nbcsports.com/nfl/profootballtalk/rumor-mill/news/week-five-injury-report-roundup-8,cordy glenn,CIN,OL,unique,Week Five injury report roundup,2019-10-04T17:12:23Z
https://www.nbcsports.com/nfl/profootballtalk/rumor-mill/news/week-five-injury-report-roundup-8,kerry wynn,CIN,DL,unique,Week Five injury report roundup,2019-10-04T17:12:23Z
https://www.nbcsports.com/nfl/profootballtalk/rumor-mill/news/week-five-injury-report-roundup-8,blidi wrehwilson,ATL,DB,unique,Week Five injury report roundup,2019-10-04T17:12:23Z
https://www.nbcsports.com/nfl/profootballtalk/rumor-mill/news/week-five-injury-report-roundup-8,kenjon barner,ATL,RB,unique,Week Five injury report roundup,2019-10-04T17:12:23Z
https://www.nbcsports.com/nfl/profootballtalk/rumor-mill/news/week-five-injury-report-roundup-8,jamon brown,ATL,OL,unique,Week Five injury report roundup,2019-10-04T17:12:23Z
https://www.nbcsports.com/nfl/profootballtalk/rumor-mill/news/week-five-injury-report-roundup-8,matt bosher,ATL,P,unique,Week Five injury report roundup,2019-10-04T17:12:23Z
https://www.nbcsports.com/nfl/profootballtalk/rumor-mill/news/week-five-injury-report-roundup-8,damontae kazee,ATL,DB,unique,Week Five injury report roundup,2019-10-04T17:12:23Z
https://www.nbcsports.com/nfl/profootballtalk/rumor-mill/news/week-five-injury-report-roundup-8,greg mancz,HOU,OL,unique,Week Five injury report roundup,2019-10-04T17:12:23Z
https://www.nbcsports.com/nfl/profootballtalk/rumor-mill/news/week-five-injury-report-roundup-8,tashaun gipson,HOU,DB,unique,Week Five injury report roundup,2019-10-04T17:12:23Z
https://www.nbcsports.com/nfl/profootballtalk/rumor-mill/news/week-five-injury-report-roundup-8,lonnie johnson,HOU,DB,unique,Week Five injury report roundup,2019-10-04T17:12:23Z
https://www.nbcsports.com/nfl/profootballtalk/rumor-mill/news/week-five-injury-report-roundup-8,kenny stills,HOU,WR,unique,Week Five injury report roundup,2019-10-04T17:12:23Z
https://www.nbcsports.com/nfl/profootballtalk/rumor-mill/news/week-five-injury-report-roundup-8,breshad perriman,TB,WR,unique,Week Five injury report roundup,2019-10-04T17:12:23Z
https://www.nbcsports.com/nfl/profootballtalk/rumor-mill/news/week-five-injury-report-roundup-8,jack cichy,TB,LB,unique,Week Five injury report roundup,2019-10-04T17:12:23Z
https://www.nbcsports.com/nfl/profootballtalk/rumor-mill/news/week-five-injury-report-roundup-8,demar dotson,TB,OL,unique,Week Five injury report roundup,2019-10-04T17:12:23Z
https://www.nbcsports.com/nfl/profootballtalk/rumor-mill/news/week-five-injury-report-roundup-8,drew brees,NO,QB,unique,Week Five injury report roundup,2019-10-04T17:12:23Z
https://www.nbcsports.com/nfl/profootballtalk/rumor-mill/news/week-five-injury-report-roundup-8,trey hendrickson,NO,DL,unique,Week Five injury report roundup,2019-10-04T17:12:23Z
https://www.nbcsports.com/nfl/profootballtalk/rumor-mill/news/week-five-injury-report-roundup-8,mackensie alexander,MIN,DB,unique,Week Five injury report roundup,2019-10-04T17:12:23Z
https://www.nbcsports.com/nfl/profootballtalk/rumor-mill/news/week-five-injury-report-roundup-8,kentrell brothers,MIN,LB,unique,Week Five injury report roundup,2019-10-04T17:12:23Z
https://www.nbcsports.com/nfl/profootballtalk/rumor-mill/news/week-five-injury-report-roundup-8,saquon barkley,NYG,RB,unique,Week Five injury report roundup,2019-10-04T17:12:23Z
https://www.nbcsports.com/nfl/profootballtalk/rumor-mill/news/week-five-injury-report-roundup-8,alec ogletree,NYG,LB,unique,Week Five injury report roundup,2019-10-04T17:12:23Z
https://www.nbcsports.com/nfl/profootballtalk/rumor-mill/news/week-five-injury-report-roundup-8,tae davis,NYG,LB,unique,Week Five injury report roundup,2019-10-04T17:12:23Z
https://www.nbcsports.com/nfl/profootballtalk/rumor-mill/news/week-five-injury-report-roundup-8,lorenzo carter,NYG,LB,unique,Week Five injury report roundup,2019-10-04T17:12:23Z
https://www.nbcsports.com/nfl/profootballtalk/rumor-mill/news/week-five-injury-report-roundup-8,mitchell trubisky,CHI,QB,unique,Week Five injury report roundup,2019-10-04T17:12:23Z
https://www.nbcsports.com/nfl/profootballtalk/rumor-mill/news/week-five-injury-report-roundup-8,bilal nichols,CHI,DL,unique,Week Five injury report roundup,2019-10-04T17:12:23Z
https://www.nbcsports.com/nfl/profootballtalk/rumor-mill/news/week-five-injury-report-roundup-8,ted larsen,CHI,OL,unique,Week Five injury report roundup,2019-10-04T17:12:23Z
https://www.nbcsports.com/nfl/profootballtalk/rumor-mill/news/week-five-injury-report-roundup-8,taylor gabriel,CHI,WR,unique,Week Five injury report roundup,2019-10-04T17:12:23Z
https://www.nbcsports.com/nfl/profootballtalk/rumor-mill/news/week-five-injury-report-roundup-8,joel iyiegbuniwe,CHI,LB,unique,Week Five injury report roundup,2019-10-04T17:12:23Z
https://www.nbcsports.com/nfl/profootballtalk/rumor-mill/news/week-five-injury-report-roundup-8,akiem hicks,CHI,DL,unique,Week Five injury report roundup,2019-10-04T17:12:23Z
https://www.nbcsports.com/nfl/profootballtalk/rumor-mill/news/week-five-injury-report-roundup-8,gabe jackson,OAK,OL,unique,Week Five injury report roundup,2019-10-04T17:12:23Z
https://www.nbcsports.com/nfl/profootballtalk/rumor-mill/news/week-five-injury-report-roundup-8,tyrell williams,OAK,WR,unique,Week Five injury report roundup,2019-10-04T17:12:23Z
https://www.nbcsports.com/nfl/profootballtalk/rumor-mill/news/week-five-injury-report-roundup-8,richie incognito,OAK,OL,unique,Week Five injury report roundup,2019-10-04T17:12:23Z
https://www.nbcsports.com/nfl/profootballtalk/rumor-mill/news/week-five-injury-report-roundup-8,jj nelson,OAK,WR,unique,Week Five injury report roundup,2019-10-04T17:12:23Z
https://www.nbcsports.com/nfl/profootballtalk/rumor-mill/news/week-five-injury-report-roundup-8,clelin ferrell,OAK,DL,unique,Week Five injury report roundup,2019-10-04T17:12:23Z
https://www.nbcsports.com/nfl/profootballtalk/rumor-mill/news/week-five-injury-report-roundup-8,dwayne harris,OAK,WR,unique,Week Five injury report roundup,2019-10-04T17:12:23Z
https://www.nbcsports.com/nfl/profootballtalk/rumor-mill/news/week-five-injury-report-roundup-8,sam darnold,NYJ,QB,unique,Week Five injury report roundup,2019-10-04T17:12:23Z
https://www.nbcsports.com/nfl/profootballtalk/rumor-mill/news/week-five-injury-report-roundup-8,cj mosley,NYJ,LB,unique,Week Five injury report roundup,2019-10-04T17:12:23Z
https://www.nbcsports.com/nfl/profootballtalk/rumor-mill/news/week-five-injury-report-roundup-8,jordan jenkins,NYJ,LB,unique,Week Five injury report roundup,2019-10-04T17:12:23Z
https://www.nbcsports.com/nfl/profootballtalk/rumor-mill/news/week-five-injury-report-roundup-8,kelechi osemele,NYJ,OL,unique,Week Five injury report roundup,2019-10-04T17:12:23Z
https://www.nbcsports.com/nfl/profootballtalk/rumor-mill/news/week-five-injury-report-roundup-8,demaryius thomas,NYJ,WR,unique,Week Five injury report roundup,2019-10-04T17:12:23Z
https://www.nbcsports.com/nfl/profootballtalk/rumor-mill/news/week-five-injury-report-roundup-8,josh bellamy,NYJ,WR,unique,Week Five injury report roundup,2019-10-04T17:12:23Z
https://www.nbcsports.com/nfl/profootballtalk/rumor-mill/news/week-five-injury-report-roundup-8,quinnen williams,NYJ,DL,unique,Week Five injury report roundup,2019-10-04T17:12:23Z
https://www.nbcsports.com/nfl/profootballtalk/rumor-mill/news/week-five-injury-report-roundup-8,desean jackson,PHI,WR,unique,Week Five injury report roundup,2019-10-04T17:12:23Z
https://www.nbcsports.com/nfl/profootballtalk/rumor-mill/news/week-five-injury-report-roundup-8,ronald darby,PHI,DB,unique,Week Five injury report roundup,2019-10-04T17:12:23Z
https://www.nbcsports.com/nfl/profootballtalk/rumor-mill/news/week-five-injury-report-roundup-8,timmy jernigan,PHI,DL,unique,Week Five injury report roundup,2019-10-04T17:12:23Z
https://www.nbcsports.com/nfl/profootballtalk/rumor-mill/news/week-five-injury-report-roundup-8,avonte maddox,PHI,DB,unique,Week Five injury report roundup,2019-10-04T17:12:23Z
https://www.nbcsports.com/nfl/profootballtalk/rumor-mill/news/week-five-injury-report-roundup-8,sidney jones,PHI,DB,unique,Week Five injury report roundup,2019-10-04T17:12:23Z
https://www.nbcsports.com/nfl/profootballtalk/rumor-mill/news/week-five-injury-report-roundup-8,josh allen,,QB,ambiguous,Week Five injury report roundup,2019-10-04T17:12:23Z
https://www.nbcsports.com/nfl/profootballtalk/rumor-mill/news/week-five-injury-report-roundup-8,corey thompson,BUF,LB,unique,Week Five injury report roundup,2019-10-04T17:12:23Z
https://www.nbcsports.com/nfl/profootballtalk/rumor-mill/news/week-five-injury-report-roundup-8,tyler kroft,BUF,TE,unique,Week Five injury report roundup,2019-10-04T17:12:23Z
https://www.nbcsports.com/nfl/profootballtalk/rumor-mill/news/week-five-injury-report-roundup-8,robert foster,BUF,WR,unique,Week Five injury report roundup,2019-10-04T17:12:23Z
https://www.nbcsports.com/nfl/profootballtalk/rumor-mill/news/week-five-injury-report-roundup-8,taron johnson,BUF,DB,unique,Week Five injury report roundup,2019-10-04T17:12:23Z
https://www.nbcsports.com/nfl/profootballtalk/rumor-mill/news/week-five-injury-report-roundup-8,dean marlowe,BUF,DB,unique,Week Five injury report roundup,2019-10-04T17:12:23Z
https://www.nbcsports.com/nfl/profootballtalk/rumor-mill/news/week-five-injury-report-roundup-8,ty nsekhe,BUF,OL,unique,Week Five injury report roundup,2019-10-04T17:12:23Z
https://www.nbcsports.com/nfl/profootballtalk/rumor-mill/news/week-five-injury-report-roundup-8,devin singletary,BUF,RB,unique,Week Five injury report roundup,2019-10-04T17:12:23Z
https://www.nbcsports.com/nfl/profootballtalk/rumor-mill/news/week-five-injury-report-roundup-8,kevin pamphile,TEN,OL,unique,Week Five injury report roundup,2019-10-04T17:12:23Z
https://www.nbcsports.com/nfl/profootballtalk/rumor-mill/news/week-five-injury-report-roundup-8,cameron wake,TEN,LB,unique,Week Five injury report roundup,2019-10-04T17:12:23Z
https://www.nbcsports.com/nfl/profootballtalk/rumor-mill/news/week-five-injury-report-roundup-8,bryce callahan,DEN,DB,unique,Week Five injury report roundup,2019-10-04T17:12:23Z
https://www.nbcsports.com/nfl/profootballtalk/rumor-mill/news/week-five-injury-report-roundup-8,josey jewell,DEN,LB,unique,Week Five injury report roundup,2019-10-04T17:12:23Z
https://www.nbcsports.com/nfl/profootballtalk/rumor-mill/news/week-five-injury-report-roundup-8,kareem jackson,DEN,DB,unique,Week Five injury report roundup,2019-10-04T17:12:23Z
https://www.nbcsports.com/nfl/profootballtalk/rumor-mill/news/week-five-injury-report-roundup-8,jawuan james,DEN,OL,unique,Week Five injury report roundup,2019-10-04T17:12:23Z
https://www.nbcsports.com/nfl/profootballtalk/rumor-mill/news/week-five-injury-report-roundup-8,hunter henry,LAC,TE,unique,Week Five injury report roundup,2019-10-04T17:12:23Z
https://www.nbcsports.com/nfl/profootballtalk/rumor-mill/news/week-five-injury-report-roundup-8,nasir adderley,LAC,DB,unique,Week Five injury report roundup,2019-10-04T17:12:23Z
https://www.nbcsports.com/nfl/profootballtalk/rumor-mill/news/week-five-injury-report-roundup-8,justin jackson,LAC,RB,unique,Week Five injury report roundup,2019-10-04T17:12:23Z
https://www.nbcsports.com/nfl/profootballtalk/rumor-mill/news/week-five-injury-report-roundup-8,travis benjamin,LAC,WR,unique,Week Five injury report roundup,2019-10-04T17:12:23Z
https://www.nbcsports.com/nfl/profootballtalk/rumor-mill/news/week-five-injury-report-roundup-8,thomas davis,LAC,LB,unique,Week Five injury report roundup,2019-10-04T17:12:23Z
https://www.nbcsports.com/nfl/profootballtalk/rumor-mill/news/week-five-injury-report-roundup-8,virgil green,LAC,TE,unique,Week Five injury report roundup,2019-10-04T17:12:23Z
https://www.nbcsports.com/nfl/profootballtalk/rumor-mill/news/week-five-injury-report-roundup-8,mike williams,LAC,WR,unique,Week Five injury report roundup,2019-10-04T17:12:23Z
https://www.nbcsports.com/nfl/profootballtalk/rumor-mill/news/week-five-injury-report-roundup-8,melvin ingram,LAC,DL,unique,Week Five injury report roundup,2019-10-04T17:12:23Z
https://www.nbcsports.com/nfl/profootballtalk/rumor-mill/news/week-five-injury-report-roundup-8,davante adams,GB,WR,unique,Week Five injury report roundup,2019-10-04T17:12:23Z
https://www.nbcsports.com/nfl/profootballtalk/rumor-mill/news/week-five-injury-report-roundup-8,jamaal williams,GB,RB,unique,Week Five injury report roundup,2019-10-04T17:12:23Z
https://www.nbcsports.com/nfl/profootballtalk/rumor-mill/news/week-five-injury-report-roundup-8,tony brown,GB,DB,unique,Week Five injury report roundup,2019-10-04T17:12:23Z
https://www.nbcsports.com/nfl/profootballtalk/rumor-mill/news/week-five-injury-report-roundup-8,kevin king,GB,DB,unique,Week Five injury report roundup,2019-10-04T17:12:23Z
https://www.nbcsports.com/nfl/profootballtalk/rumor-mill/news/week-five-injury-report-roundup-8,oren burks,GB,LB,unique,Week Five injury report roundup,2019-10-04T17:12:23Z
https://www.nbcsports.com/nfl/profootballtalk/rumor-mill/news/week-five-injury-report-roundup-8,bryan bulaga,GB,OL,unique,Week Five injury report roundup,2019-10-04T17:12:23Z
https://www.nbcsports.com/nfl/profootballtalk/rumor-mill/news/week-five-injury-report-roundup-8,kyler fackrell,GB,LB,unique,Week Five injury report roundup,2019-10-04T17:12:23Z
https://www.nbcsports.com/nfl/profootballtalk/rumor-mill/news/week-five-injury-report-roundup-8,montravius adams,GB,DL,unique,Week Five injury report roundup,2019-10-04T17:12:23Z
https://www.nbcsports.com/nfl/profootballtalk/rumor-mill/news/week-five-injury-report-roundup-8,tyron smith,DAL,OL,unique,Week Five injury report roundup,2019-10-04T17:12:23Z
https://www.nbcsports.com/nfl/profootballtalk/rumor-mill/news/week-five-injury-report-roundup-8,lael collins,DAL,OL,unique,Week Five injury report roundup,2019-10-04T17:12:23Z
https://www.nbcsports.com/nfl/profootballtalk/rumor-mill/news/week-five-injury-report-roundup-8,michael gallup,DAL,WR,unique,Week Five injury report roundup,2019-10-04T17:12:23Z
https://www.nbcsports.com/nfl/profootballtalk/rumor-mill/news/week-five-injury-report-roundup-8,tyrone crawford,DAL,DL,unique,Week Five injury report roundup,2019-10-04T17:12:23Z
https://www.nbcsports.com/nfl/profootballtalk/rumor-mill/news/week-five-injury-report-roundup-8,antwaun woods,DAL,DL,unique,Week Five injury report roundup,2019-10-04T17:12:23Z
https://www.nbcsports.com/nfl/profootballtalk/rumor-mill/news/week-five-injury-report-roundup-8,parris campbell,IND,WR,unique,Week Five injury report roundup,2019-10-04T17:12:23Z
https://www.nbcsports.com/nfl/profootballtalk/rumor-mill/news/week-five-injury-report-roundup-8,clayton geathers,IND,DB,unique,Week Five injury report roundup,2019-10-04T17:12:23Z
https://www.nbcsports.com/nfl/profootballtalk/rumor-mill/news/week-five-injury-report-roundup-8,malik hooker,IND,DB,unique,Week Five injury report roundup,2019-10-04T17:12:23Z
https://www.nbcsports.com/nfl/profootballtalk/rumor-mill/news/week-five-injury-report-roundup-8,darius leonard,IND,LB,unique,Week Five injury report roundup,2019-10-04T17:12:23Z
https://www.nbcsports.com/nfl/profootballtalk/rumor-mill/news/week-five-injury-report-roundup-8,tyquan lewis,IND,DL,unique,Week Five injury report roundup,2019-10-04T17:12:23Z
https://www.nbcsports.com/nfl/profootballtalk/rumor-mill/news/week-five-injury-report-roundup-8,ty hilton,IND,WR,unique,Week Five injury report roundup,2019-10-04T17:12:23Z
https://www.nbcsports.com/nfl/profootballtalk/rumor-mill/news/week-five-injury-report-roundup-8,marlon mack,IND,RB,unique,Week Five injury report roundup,2019-10-04T17:12:23Z
https://www.nbcsports.com/nfl/profootballtalk/rumor-mill/news/week-five-injury-report-roundup-8,rock yasin,IND,DB,unique,Week Five injury report roundup,2019-10-04T17:12:23Z
https://www.nbcsports.com/nfl/profootballtalk/rumor-mill/news/week-five-injury-report-roundup-8,rolan milligan,IND,DB,unique,Week Five injury report roundup,2019-10-04T17:12:23Z
https://www.nbcsports.com/nfl/profootballtalk/rumor-mill/news/week-five-injury-report-roundup-8,anthony walker,IND,LB,unique,Week Five injury report roundup,2019-10-04T17:12:23Z
https://www.nbcsports.com/nfl/profootballtalk/rumor-mill/news/week-five-injury-report-roundup-8,tyreek hill,KC,WR,unique,Week Five injury report roundup,2019-10-04T17:12:23Z
https://www.nbcsports.com/nfl/profootballtalk/rumor-mill/news/week-five-injury-report-roundup-8,eric fisher,KC,OL,unique,Week Five injury report roundup,2019-10-04T17:12:23Z
https://www.nbcsports.com/nfl/profootballtalk/rumor-mill/news/week-five-injury-report-roundup-8,dorian odaniel,KC,LB,unique,Week Five injury report roundup,2019-10-04T17:12:23Z
https://www.nbcsports.com/nfl/profootballtalk/rumor-mill/news/week-five-injury-report-roundup-8,sammy watkins,KC,WR,unique,Week Five injury report roundup,2019-10-04T17:12:23Z
https://www.nbcsports.com/nfl/profootballtalk/rumor-mill/news/week-five-injury-report-roundup-8,alex okafor,KC,DL,unique,Week Five injury report roundup,2019-10-04T17:12:23Z
https://www.nbcsports.com/nfl/profootballtalk/rumor-mill/news/week-five-injury-report-roundup-8,damien williams,KC,RB,unique,Week Five injury report roundup,2019-10-04T17:12:23Z
https://www.nbcsports.com/nfl/profootballtalk/rumor-mill/news/yannick-ngakoue-marqise-lee-up-to-full-practice-for-jags,yannick ngakoue,JAX,DL,unique,"Yannick Ngakoue, Marqise Lee up to full practice for Jags",2019-09-17T17:25:07Z
https://www.nbcsports.com/nfl/profootballtalk/rumor-mill/news/yannick-ngakoue-marqise-lee-up-to-full-practice-for-jags,marqise lee,JAX,WR,unique,"Yannick Ngakoue, Marqise Lee up to full practice for Jags",2019-09-17T17:25:07Z
https://www.nbcsports.com/nfl/profootballtalk/rumor-mill/news/yannick-ngakoue-marqise-lee-up-to-full-practice-for-jags,josh robinson,JAX,DB,unique,"Yannick Ngakoue, Marqise Lee up to full practice for Jags",2019-09-17T17:25:07Z
https://www.nbcsports.com/nfl/profootballtalk/rumor-mill/news/yannick-ngakoue-marqise-lee-up-to-full-practice-for-jags,aj bouye,JAX,DB,unique,"Yannick Ngakoue, Marqise Lee up to full practice for Jags",2019-09-17T17:25:07Z
https://www.nbcsports.com/nfl/profootballtalk/rumor-mill/news/yannick-ngakoue-marqise-lee-up-to-full-practice-for-jags,chris conley,JAX,WR,unique,"Yannick Ngakoue, Marqise Lee up to full practice for Jags",2019-09-17T17:25:07Z
