full_name,norm_name,season,week,team,position,report_status,date_modified,n_lead_articles,n_lead_same_team,lead_urls,lead_headlines,earliest_lead,has_lead,has_lead_same_team
Mike Williams,mike williams,2022,10,LAC,WR,Out,2022-11-11T21:14:26Z,6,6,https://www.nbcsports.com/nfl/profootballtalk/rumor-mill/news/austin-ekeler-with-all-the-injuries-the-flow-of-our-offense-is-different | https://www.nbcsports.com/nfl/profootballtalk/rumor-mill/news/brandon-staley-says-keenan-allens-hamstring-not-responding-as-hoped | https://www.nbcsports.com/nfl/profootballtalk/rumor-mill/news/chargers-add-austin-ekeler-to-practice-report-with-abdomen-injury | https://www.nbcsports.com/nfl/profootballtalk/rumor-mill/news/keenan-allen-ruled-out-for-sunday | https://www.nbcsports.com/nfl/profootballtalk/rumor-mill/news/nfl-2022-week-9-early-inactives-allen-lazard-christian-watson-active-for-packers,"Austin Ekeler: With all the injuries, the flow of our offense is different | Brandon Staley says Keenan Allen’s hamstring “not responding” as hoped | Chargers add Austin Ekeler to practice report with abdomen injury",2022-11-02 21:19:00+00:00,True,True
Justin Jackson,justin jackson,2021,9,LAC,RB,Out,2021-11-05T20:04:11Z,3,3,https://www.nbcsports.com/nfl/profootballtalk/rumor-mill/news/asante-samuel-jr-is-being-evaluated-for-a-concussion | https://www.nbcsports.com/nfl/profootballtalk/rumor-mill/news/austin-ekeler-questionable-to-face-patriots | https://www.nbcsports.com/nfl/profootballtalk/rumor-mill/news/justin-herbert-limited-wednesday-with-right-hand-injury,Asante Samuel Jr. is being evaluated for a concussion | Austin Ekeler questionable to face Patriots | Justin Herbert limited Wednesday with right hand injury,2021-10-29 16:54:27+00:00,True,True
Anthony Barr,anthony barr,2022,12,DAL,LB,Out,2022-11-23T19:46:04Z,10,10,https://www.nbcsports.com/nfl/profootballtalk/rumor-mill/news/ezekiel-elliott-limited-in-wednesdays-practice-demarcus-lawrence-dnp | https://www.nbcsports.com/nfl/profootballtalk/rumor-mill/news/ezekiel-elliott-is-questionable-to-play-sunday | https://www.nbcsports.com/nfl/profootballtalk/rumor-mill/news/ezekiel-elliott-limited-in-his-return-to-practice | https://www.nbcsports.com/nfl/profootballtalk/rumor-mill/news/ezekiel-elliott-remains-limited-demarcus-lawrence-still-out | https://www.nbcsports.com/nfl/profootballtalk/rumor-mill/news/ezekiel-elliott-demarcus-lawrence-listed-as-questionable,Ezekiel Elliott limited in Wednesday’s practice; DeMarcus Lawrence DNP | Ezekiel Elliott is questionable to play Sunday | Ezekiel Elliott limited in his return to practice,2022-11-09 22:08:00+00:00,True,True
Byron Murphy,byron murphy,2022,11,ARI,CB,Out,2022-11-19T18:58:36Z,6,6,https://www.nbcsports.com/nfl/profootballtalk/rumor-mill/news/kyler-murray-colt-mccoy-officially-limited-in-thursdays-practice | https://www.nbcsports.com/nfl/profootballtalk/rumor-mill/news/kyler-murray-officially-limited-in-thursdays-practice | https://www.nbcsports.com/nfl/profootballtalk/rumor-mill/news/matt-prater-ruled-out-for-sundays-game | https://www.nbcsports.com/nfl/profootballtalk/rumor-mill/news/kyler-murray-matthew-stafford-both-inactive-for-cardinals-rams | https://www.nbcsports.com/nfl/profootballtalk/rumor-mill/news/kyler-murray-listed-as-out-of-practice-wednesday,"Kyler Murray, Colt McCoy officially limited in Thursday’s practice | Kyler Murray officially limited in Thursday’s practice | Matt Prater ruled out for Sunday’s game",2022-11-09 21:31:00+00:00,True,True
Ronald Darby,ronald darby,2021,18,DEN,CB,Out,2022-01-06T21:36:06Z,3,3,https://www.nbcsports.com/nfl/profootballtalk/rumor-mill/news/broncos-list-drew-lock-as-limited-practice-participant | https://www.nbcsports.com/nfl/profootballtalk/rumor-mill/news/nfl-week-17-injury-report-roundup-lamar-jackson-questionable-again-this-week | https://www.nbcsports.com/nfl/profootballtalk/rumor-mill/news/ronald-darby-inactive-courtland-sutton-active-for-broncos-chargers,"Broncos list Drew Lock as limited practice participant | NFL Week 17 injury report roundup: Lamar Jackson questionable again this week | Ronald Darby inactive, Courtland Sutton active for Broncos-Chargers",2022-01-01 14:19:00+00:00,True,True
Malik Taylor,malik taylor,2021,16,GB,WR,Out,2021-12-23T20:37:32Z,3,3,https://www.nbcsports.com/nfl/profootballtalk/rumor-mill/news/david-bakhtiari-listed-as-limited-at-packers-practice-aaron-rodgers-doesnt-participate | https://www.nbcsports.com/nfl/profootballtalk/rumor-mill/news/davante-adams-limited-in-practice-randall-cobb-sits-out | https://www.nbcsports.com/nfl/profootballtalk/rumor-mill/news/nfl-week-15-injury-report-roundup-david-bakhtiari-billy-turner-out-for-packers,"David Bakhtiari listed as limited at Packers practice, Aaron Rodgers doesn’t participate | Davante Adams limited in practice, Randall Cobb sits out | NFL Week 15 injury report roundup: David Bakhtiari, Billy Turner out for Packers",2021-12-08 22:26:00+00:00,True,True
Avonte Maddox,avonte maddox,2022,17,PHI,CB,Out,2022-12-30T19:41:02Z,3,3,https://www.nbcsports.com/nfl/profootballtalk/rumor-mill/news/jalen-hurts-did-not-practice-wednesday | https://www.nbcsports.com/nfl/profootballtalk/rumor-mill/news/report-avonte-maddox-out-indefinitely-with-significant-toe-injury | https://www.nbcsports.com/nfl/profootballtalk/rumor-mill/news/report-lane-johnson-is-expected-to-have-mri-on-groin-abdomen-injury,Jalen Hurts did not practice Wednesday | Report: Avonte Maddox out indefinitely with significant toe injury | Report: Lane Johnson is expected to have MRI on groin/abdomen injury,2022-12-25 19:04:00+00:00,True,True
Rashard Lawrence,rashard lawrence,2021,9,ARI,DT,Out,2021-11-05T20:17:40Z,5,5,https://www.nbcsports.com/nfl/profootballtalk/rumor-mill/news/deandre-hopkins-is-expected-to-play-against-packers | https://www.nbcsports.com/nfl/profootballtalk/rumor-mill/news/deandre-hopkins-j-j-watt-wouldnt-have-practiced-monday-kyler-murray-listed-as-full-participant | https://www.nbcsports.com/nfl/profootballtalk/rumor-mill/news/j-j-watt-wont-play-thursday-night-deandre-hopkins-questionable | https://www.nbcsports.com/nfl/profootballtalk/rumor-mill/news/kyler-murray-not-practicing-on-thursday | https://www.nbcsports.com/nfl/profootballtalk/rumor-mill/news/week-seven-injury-report-roundup-a-j-brown-tyrann-mathieu-set-to-play,"DeAndre Hopkins is expected to play against Packers | DeAndre Hopkins, J.J. Watt wouldn’t have practiced Monday; Kyler Murray listed as full participant | J.J. Watt won’t play Thursday night, DeAndre Hopkins questionable",2021-10-22 17:55:51+00:00,True,True
Ben Cleveland,ben cleveland,2022,5,BAL,G,Out,2022-10-07T19:04:55Z,0,0,,,,False,False
Daniel Brunskill,daniel brunskill,2022,3,SF,G,Out,2022-09-23T20:39:51Z,7,7,https://www.nbcsports.com/nfl/profootballtalk/rumor-mill/news/george-kittle-officially-inactive-sunday | https://www.nbcsports.com/nfl/profootballtalk/rumor-mill/news/george-kittle-listed-as-questionable-for-sunday | https://www.nbcsports.com/nfl/profootballtalk/rumor-mill/news/george-kittle-returns-to-practice-listed-as-questionable | https://www.nbcsports.com/nfl/profootballtalk/rumor-mill/news/nfl-week-1-early-inactives-marcus-peters-wont-play-for-ravens | https://www.nbcsports.com/nfl/profootballtalk/rumor-mill/news/report-george-kittle-is-expected-to-miss-another-game,"George Kittle officially inactive Sunday | George Kittle listed as questionable for Sunday | George Kittle returns to practice, listed as questionable",2022-09-09 21:18:00+00:00,True,True
Amani Hooker,amani hooker,2022,10,TEN,S,Out,2022-11-11T20:46:37Z,6,6,https://www.nbcsports.com/nfl/profootballtalk/rumor-mill/news/derrick-henry-ryan-tannehill-limited-in-wednesdays-practice | https://www.nbcsports.com/nfl/profootballtalk/rumor-mill/news/malik-willis-to-start-for-titans-with-ryan-tannehill-inactive | https://www.nbcsports.com/nfl/profootballtalk/rumor-mill/news/nfl-2022-week-9-injury-report-roundup-james-conner-budda-baker-questionable-for-cardinals | https://www.nbcsports.com/nfl/profootballtalk/rumor-mill/news/ryan-tannehill-derrick-henry-out-of-titans-practice-on-thursday | https://www.nbcsports.com/nfl/profootballtalk/rumor-mill/news/ryan-tannehill-a-likely-game-time-decision-for-sunday,"Derrick Henry, Ryan Tannehill limited in Wednesday’s practice | Malik Willis to start for Titans with Ryan Tannehill inactive | NFL 2022 Week 9 injury report roundup: James Conner, Budda Baker questionable for Cardinals",2022-11-02 21:52:00+00:00,True,True
Ugochukwu Amadi,ugochukwu amadi,2022,4,TEN,S,Out,2022-09-30T19:17:19Z,0,0,,,,False,False
Sheldon Rankins,sheldon rankins,2022,11,NYJ,DT,Out,2022-11-18T20:43:32Z,2,2,https://www.nbcsports.com/nfl/profootballtalk/rumor-mill/news/corey-davis-remains-out-of-practice-for-jets | https://www.nbcsports.com/nfl/profootballtalk/rumor-mill/news/report-sheldon-rankins-suffered-dislocated-elbow-sunday,Corey Davis remains out of practice for Jets | Report: Sheldon Rankins suffered dislocated elbow Sunday,2022-11-07 19:02:00+00:00,True,True
Luke Goedeke,luke goedeke,2022,9,TB,G,Out,2022-11-04T19:27:40Z,6,6,https://www.nbcsports.com/nfl/profootballtalk/rumor-mill/news/julio-jones-officially-questionable-for-thursday-night-football | https://www.nbcsports.com/nfl/profootballtalk/rumor-mill/news/julio-jones-mike-evans-upgraded-to-limited-participants-on-tuesday-injury-report | https://www.nbcsports.com/nfl/profootballtalk/rumor-mill/news/shaq-barrett-ruled-out-with-an-ankle-injury-after-leaving-on-a-cart | https://www.nbcsports.com/nfl/profootballtalk/rumor-mill/news/shaq-barrett-has-an-achilles-injury-that-doesnt-look-good | https://www.nbcsports.com/nfl/profootballtalk/rumor-mill/news/thursday-night-football-ravens-will-have-seven-of-eight-players-who-were-questionable,"Julio Jones officially questionable for Thursday Night Football | Julio Jones, Mike Evans upgraded to limited participants on Tuesday injury report | Shaq Barrett ruled out with an ankle injury after leaving on a cart",2022-10-25 21:04:00+00:00,True,True
Richie Incognito,richie incognito,2021,3,LV,G,Out,2021-09-24T19:27:09Z,7,7,https://www.nbcsports.com/nfl/profootballtalk/rumor-mill/news/jon-gruden-alex-leatherwood-dealing-with-a-back-strain | https://www.nbcsports.com/nfl/profootballtalk/rumor-mill/news/josh-jacobs-carl-nassib-among-raiders-that-would-have-missed-practice-wednesday | https://www.nbcsports.com/nfl/profootballtalk/rumor-mill/news/josh-jacobs-did-not-practice-thursday | https://www.nbcsports.com/nfl/profootballtalk/rumor-mill/news/monday-night-football-clelin-ferrell-jimmy-smith-among-inactives | https://www.nbcsports.com/nfl/profootballtalk/rumor-mill/news/nfl-week-two-injury-report-roundup-a-lot-of-question-marks-for-the-ravens,"Jon Gruden: Alex Leatherwood dealing with a back strain | Josh Jacobs, Carl Nassib among Raiders that would have missed practice Wednesday | Josh Jacobs did not practice Thursday",2021-09-13 19:02:30+00:00,True,True
Jermaine Johnson,jermaine johnson,2022,7,NYJ,DE,Out,2022-10-21T19:39:45Z,3,3,https://www.nbcsports.com/nfl/profootballtalk/rumor-mill/news/jermaine-johnson-out-for-jets-sunday | https://www.nbcsports.com/nfl/profootballtalk/rumor-mill/news/nfl-week-6-early-inactives-nick-bosa-out-for-49ers | https://www.nbcsports.com/nfl/profootballtalk/rumor-mill/news/nfl-week-6-injury-report-roundup-marshon-lattimore-michael-thomas-out-for-saints,"Jermaine Johnson out for Jets Sunday | NFL Week 6 early inactives: Nick Bosa out for 49ers | NFL Week 6 injury report roundup: Marshon Lattimore, Michael Thomas out for Saints",2022-10-14 14:52:00+00:00,True,True
Carter Coughlin,carter coughlin,2021,8,NYG,LB,Out,2021-10-30T16:35:50Z,1,1,https://www.nbcsports.com/nfl/profootballtalk/rumor-mill/news/kadarius-toney-gets-in-limited-practice-friday,Kadarius Toney gets in limited practice Friday,2021-10-29 15:05:45+00:00,True,True
Roy Robertson-Harris,roy robertsonharris,2021,5,JAX,DT,Out,2021-10-08T17:14:26Z,6,6,https://www.nbcsports.com/nfl/profootballtalk/rumor-mill/news/cam-robinson-andrew-norwell-would-have-been-limited-in-practice-on-monday | https://www.nbcsports.com/nfl/profootballtalk/rumor-mill/news/cam-robinson-upgraded-to-full-participant-in-tuesday-practice-estimate | https://www.nbcsports.com/nfl/profootballtalk/rumor-mill/news/chidobe-awuzie-xavier-sua-filo-among-bengals-inactives | https://www.nbcsports.com/nfl/profootballtalk/rumor-mill/news/josh-lambo-roy-robertson-harris-out-for-jaguars-thursday | https://www.nbcsports.com/nfl/profootballtalk/rumor-mill/news/nfl-week-three-early-inactives-joey-bosa-set-to-play-for-chargers,"Cam Robinson, Andrew Norwell would have been limited in practice on Monday | Cam Robinson upgraded to full participant in Tuesday practice estimate | Chidobe Awuzie, Xavier Su’a-Filo among Bengals’ inactives",2021-09-24 17:59:43+00:00,True,True
Justin Layne,justin layne,2022,3,NYG,CB,Out,2022-09-24T17:58:43Z,1,1,https://www.nbcsports.com/nfl/profootballtalk/rumor-mill/news/azeez-ojulari-kayvon-thibodeaux-inactive-for-giants,"Azeez Ojulari, Kayvon Thibodeaux inactive for Giants",2022-09-11 19:03:00+00:00,True,True
Alec Ingold,alec ingold,2021,11,LV,FB,Out,2021-11-19T20:55:34Z,2,2,https://www.nbcsports.com/nfl/profootballtalk/rumor-mill/news/raiders-alec-ingold-out-for-season-with-torn-acl | https://www.nbcsports.com/nfl/profootballtalk/rumor-mill/news/report-raiders-fear-alec-ingold-tore-acl,Raiders’ Alec Ingold out for season with torn ACL | Report: Raiders fear Alec Ingold tore ACL,2021-11-15 02:59:00+00:00,True,True
Anthony Barr,anthony barr,2022,10,DAL,LB,Out,2022-11-11T20:10:58Z,1,1,https://www.nbcsports.com/nfl/profootballtalk/rumor-mill/news/ezekiel-elliott-limited-in-his-return-to-practice,Ezekiel Elliott limited in his return to practice,2022-11-09 22:08:00+00:00,True,True
Braxton Berrios,braxton berrios,2021,18,NYJ,WR,Doubtful,2022-01-07T19:59:57Z,1,1,https://www.nbcsports.com/nfl/profootballtalk/rumor-mill/news/michael-carter-evaluated-for-concussion-jets-go-up-14-7,"Michael Carter evaluated for concussion, Jets go up 14-7",2022-01-02 18:43:00+00:00,True,True
Johnathan Hankins,johnathan hankins,2021,6,LV,DT,Doubtful,2021-10-15T20:01:22Z,0,0,,,,False,False
Lamar Jackson,lamar jackson,2022,18,BAL,QB,Out,2023-01-06T19:56:08Z,0,0,,,,False,False
Danny Amendola,danny amendola,2021,4,HOU,WR,Out,2021-10-01T19:52:26Z,4,4,https://www.nbcsports.com/nfl/profootballtalk/rumor-mill/news/danny-amendola-is-not-expected-to-play-thursday | https://www.nbcsports.com/nfl/profootballtalk/rumor-mill/news/justin-reid-a-j-bouye-are-among-the-inactives-for-thursday-night-football | https://www.nbcsports.com/nfl/profootballtalk/rumor-mill/news/justin-reid-questionable-danny-amendola-out-for-texans-thursday-night | https://www.nbcsports.com/nfl/profootballtalk/rumor-mill/news/tyrod-taylor-out-with-hamstring-injury,"Danny Amendola is not expected to play Thursday | Justin Reid, A.J. Bouye are among the inactives for Thursday Night Football | Justin Reid questionable, Danny Amendola out for Texans Thursday night",2021-09-19 14:45:26+00:00,True,True
Buddy Howell,buddy howell,2021,13,LA,RB,Out,2021-12-03T20:56:30Z,0,0,,,,False,False
Antoine Winfield,antoine winfield,2022,9,TB,S,Out,2022-11-04T19:28:42Z,9,9,https://www.nbcsports.com/nfl/profootballtalk/rumor-mill/news/julio-jones-officially-questionable-for-thursday-night-football | https://www.nbcsports.com/nfl/profootballtalk/rumor-mill/news/julio-jones-mike-evans-upgraded-to-limited-participants-on-tuesday-injury-report | https://www.nbcsports.com/nfl/profootballtalk/rumor-mill/news/russell-gage-carlton-davis-cam-brate-among-bucs-players-ruled-out-for-thursday | https://www.nbcsports.com/nfl/profootballtalk/rumor-mill/news/shaq-barrett-ruled-out-with-an-ankle-injury-after-leaving-on-a-cart | https://www.nbcsports.com/nfl/profootballtalk/rumor-mill/news/shaq-barrett-has-an-achilles-injury-that-doesnt-look-good,"Julio Jones officially questionable for Thursday Night Football | Julio Jones, Mike Evans upgraded to limited participants on Tuesday injury report | Russell Gage, Carlton Davis, Cam Brate among Bucs players ruled out for Thursday",2022-10-23 19:01:00+00:00,True,True
Shaquil Barrett,shaquil barrett,2021,17,TB,LB,Out,2021-12-31T18:11:57Z,0,0,,,,False,False
Khari Willis,khari willis,2021,9,IND,S,Out,2021-11-03T18:56:00Z,3,3,https://www.nbcsports.com/nfl/profootballtalk/rumor-mill/news/julian-blackmon-tore-his-achilles-in-wednesdays-colts-practice | https://www.nbcsports.com/nfl/profootballtalk/rumor-mill/news/colts-list-quenton-nelson-as-out-of-practice-tuesday | https://www.nbcsports.com/nfl/profootballtalk/rumor-mill/news/t-y-hilton-out-for-thursday-with-concussion-tyquan-lewis-out-for-season-with-knee-injury,"Julian Blackmon tore his Achilles in Wednesday’s Colts practice | Colts list Quenton Nelson as out of practice Tuesday | T.Y. Hilton out for Thursday with concussion, Tyquan Lewis out for season with knee injury",2021-10-21 09:17:28+00:00,True,True
D'Wayne Eskridge,dwayne eskridge,2021,4,SEA,WR,Doubtful,2021-10-01T19:57:03Z,3,3,https://www.nbcsports.com/nfl/profootballtalk/rumor-mill/news/dk-metcalf-is-off-seahawks-injury-report | https://www.nbcsports.com/nfl/profootballtalk/rumor-mill/news/nfl-week-two-injury-report-roundup-a-lot-of-question-marks-for-the-ravens | https://www.nbcsports.com/nfl/profootballtalk/rumor-mill/news/week-three-injury-report-roundup-quarterback-injuries-will-impact-several-games,DK Metcalf is off Seahawks’ injury report | NFL Week Two injury report roundup: A lot of question marks for the Ravens | NFL Week Three injury report roundup: Quarterback injuries will impact several games,2021-09-17 18:31:07+00:00,True,True
Cassius Marsh,cassius marsh,2021,14,CHI,LB,Out,2021-12-10T20:42:02Z,0,0,,,,False,False
Wyatt Teller,wyatt teller,2022,7,CLE,G,Out,2022-10-21T17:57:15Z,3,3,https://www.nbcsports.com/nfl/profootballtalk/rumor-mill/news/kendrick-bourne-questionable-to-return-with-toe-injury | https://www.nbcsports.com/nfl/profootballtalk/rumor-mill/news/myles-garrett-jadeveon-clowney-out-of-practice-for-browns | https://www.nbcsports.com/nfl/profootballtalk/rumor-mill/news/wyatt-teller-expects-to-miss-sundays-game,"Kendrick Bourne questionable to return with toe injury | Myles Garrett, Jadeveon Clowney out of practice for Browns | Wyatt Teller expects to miss Sunday’s game",2022-10-16 17:56:00+00:00,True,True
Tyron Smith,tyron smith,2021,15,DAL,T,Out,2021-12-17T20:37:25Z,2,2,https://www.nbcsports.com/nfl/profootballtalk/rumor-mill/news/tony-pollard-gets-in-limited-practice-demarcus-lawrence-added-to-injury-report | https://www.nbcsports.com/nfl/profootballtalk/rumor-mill/news/cowboys-rule-out-tyron-smith-for-sunday-place-cedrick-wilson-on-covid-list,"Tony Pollard gets in limited practice, DeMarcus Lawrence added to injury report | Cowboys rule out Tyron Smith for Sunday, place Cedrick Wilson on COVID list",2021-12-13 23:41:00+00:00,True,True
Levi Onwuzurike,levi onwuzurike,2022,1,DET,DE,Out,2022-09-09T19:52:15Z,1,1,https://www.nbcsports.com/nfl/profootballtalk/rumor-mill/news/brad-holmes-on-injuries-to-levi-onwuzurike-josh-paschal-were-not-kicking-ourselves-over-picks,"Brad Holmes on injuries to Levi Onwuzurike, Josh Paschal: We’re not kicking ourselves over picks",2022-09-02 19:43:00+00:00,True,True
Deshaun Watson,deshaun watson,2021,13,HOU,QB,Out,2021-12-03T19:50:54Z,4,4,https://www.nbcsports.com/nfl/profootballtalk/rumor-mill/news/nfl-week-11-injury-report-roundup-tyron-smith-questionable-for-cowboys | https://www.nbcsports.com/nfl/profootballtalk/rumor-mill/news/nfl-week-12-early-inactives-darius-leonard-vita-vea-will-play | https://www.nbcsports.com/nfl/profootballtalk/rumor-mill/news/nfl-week-12-injury-report-roundup-darius-leonard-quenton-nelson-questionable-for-colts | https://www.nbcsports.com/nfl/profootballtalk/rumor-mill/news/nfl-week-11-early-inactives-allen-robinson-eddie-jackson-out-for-bears,"NFL Week 11 injury report roundup: Tyron Smith questionable for Cowboys | NFL Week 12 early inactives: Darius Leonard, Vita Vea will play | NFL Week 12 injury report roundup: Darius Leonard, Quenton Nelson questionable for Colts",2021-11-19 23:11:00+00:00,True,True
Bud Dupree,bud dupree,2021,4,TEN,LB,Out,2021-10-01T18:48:47Z,3,3,https://www.nbcsports.com/nfl/profootballtalk/rumor-mill/news/bud-dupree-is-questionable-with-knee-injury | https://www.nbcsports.com/nfl/profootballtalk/rumor-mill/news/nfl-week-two-injury-report-roundup-a-lot-of-question-marks-for-the-ravens | https://www.nbcsports.com/nfl/profootballtalk/rumor-mill/news/week-three-injury-report-roundup-quarterback-injuries-will-impact-several-games,Bud Dupree is questionable with knee injury | NFL Week Two injury report roundup: A lot of question marks for the Ravens | NFL Week Three injury report roundup: Quarterback injuries will impact several games,2021-09-17 18:31:07+00:00,True,True
Nick Kwiatkoski,nick kwiatkoski,2021,12,LV,LB,Out,2021-11-24T19:58:41Z,3,3,https://www.nbcsports.com/nfl/profootballtalk/rumor-mill/news/daniel-carlson-returns-after-missing-monday-walk-through-with-illness | https://www.nbcsports.com/nfl/profootballtalk/rumor-mill/news/nfl-week-11-injury-report-roundup-tyron-smith-questionable-for-cowboys | https://www.nbcsports.com/nfl/profootballtalk/rumor-mill/news/nfl-week-10-injury-report-roundup-joey-bosa-keenan-allen-questionable-for-chargers,"Daniel Carlson returns after missing Monday walk-through with illness | NFL Week 11 injury report roundup: Tyron Smith questionable for Cowboys | NFL Week 10 injury report roundup: Joey Bosa, Keenan Allen questionable for Chargers",2021-11-12 22:52:00+00:00,True,True
Miles Sanders,miles sanders,2021,8,PHI,RB,Out,2021-10-29T17:46:23Z,2,2,https://www.nbcsports.com/nfl/profootballtalk/rumor-mill/news/miles-sanders-week-to-week-with-ankle-injury | https://www.nbcsports.com/nfl/profootballtalk/rumor-mill/news/miles-sanders-remains-out-of-practice,Miles Sanders week to week with ankle injury | Miles Sanders remains out of practice,2021-10-25 21:20:26+00:00,True,True
Tyler Kroft,tyler kroft,2022,3,SF,TE,Out,2022-09-23T20:40:09Z,3,3,https://www.nbcsports.com/nfl/profootballtalk/rumor-mill/news/george-kittle-officially-inactive-sunday | https://www.nbcsports.com/nfl/profootballtalk/rumor-mill/news/george-kittle-listed-as-questionable-for-sunday | https://www.nbcsports.com/nfl/profootballtalk/rumor-mill/news/report-george-kittle-is-expected-to-miss-another-game,George Kittle officially inactive Sunday | George Kittle listed as questionable for Sunday | Report: George Kittle is expected to miss another game,2022-09-09 21:18:00+00:00,True,True
Lamar Jackson,lamar jackson,2022,15,BAL,QB,Out,2022-12-15T19:53:13Z,0,0,,,,False,False
Jalen Reeves-Maybin,jalen reevesmaybin,2021,14,DET,LB,Out,2021-12-10T21:00:17Z,3,3,https://www.nbcsports.com/nfl/profootballtalk/rumor-mill/news/dandre-swift-remains-out-of-lions-practice | https://www.nbcsports.com/nfl/profootballtalk/rumor-mill/news/nfl-week-13-injury-report-roundup-asante-samuel-jr-remains-out-for-chargers | https://www.nbcsports.com/nfl/profootballtalk/rumor-mill/news/nfl-week-13-early-inactives-allen-robinson-out-for-bears,D’Andre Swift remains out of Lions practice | NFL Week 13 injury report roundup: Asante Samuel Jr. remains out for Chargers | NFL Week 13 early inactives: Allen Robinson out for Bears,2021-12-02 21:01:00+00:00,True,True
Kemoko Turay,kemoko turay,2021,6,IND,DE,Out,2021-10-15T18:58:45Z,0,0,,,,False,False
Chase Claypool,chase claypool,2022,15,CHI,WR,Out,2022-12-16T19:44:08Z,2,2,https://www.nbcsports.com/nfl/profootballtalk/rumor-mill/news/chase-claypool-did-not-practice-wednesday-with-knee-injury | https://www.nbcsports.com/nfl/profootballtalk/rumor-mill/news/justin-fields-upgraded-to-full-participant-in-thursdays-practice,Chase Claypool did not practice Wednesday with knee injury | Justin Fields upgraded to full participant in Thursday’s practice,2022-12-01 20:55:00+00:00,True,True
Kadarius Toney,kadarius toney,2022,3,NYG,WR,Doubtful,2022-09-24T17:59:51Z,5,5,https://www.nbcsports.com/nfl/profootballtalk/rumor-mill/news/brian-daboll-kadarius-toneys-hamstring-tightened-up-on-thursday | https://www.nbcsports.com/nfl/profootballtalk/rumor-mill/news/giants-rookie-wr-wandale-robinson-out-for-rest-of-day-with-knee-injury | https://www.nbcsports.com/nfl/profootballtalk/rumor-mill/news/kadarius-toney-added-to-injury-report-as-a-limited-participant | https://www.nbcsports.com/nfl/profootballtalk/rumor-mill/news/kayvon-thibodeaux-doubtful-kadarius-toney-questionable-for-giants | https://www.nbcsports.com/nfl/profootballtalk/rumor-mill/news/week-2-injury-report-roundup-j-k-dobbins-marlon-humphrey-questionable-for-ravens,Brian Daboll: Kadarius Toney’s hamstring tightened up on Thursday | Giants rookie WR Wan’Dale Robinson out for rest of day with knee injury | Kadarius Toney added to injury report as a limited participant,2022-09-11 21:28:00+00:00,True,True
Rob Gronkowski,rob gronkowski,2021,5,TB,TE,Out,2021-10-08T18:44:26Z,6,6,https://www.nbcsports.com/nfl/profootballtalk/rumor-mill/news/antonio-brown-out-vs-rams | https://www.nbcsports.com/nfl/profootballtalk/rumor-mill/news/x-rays-negative-of-rob-gronkowskis-ribs-no-word-on-jamel-deans-knee | https://www.nbcsports.com/nfl/profootballtalk/rumor-mill/news/buccaneers-list-rob-gronkowski-as-doubtful-for-sunday-night | https://www.nbcsports.com/nfl/profootballtalk/rumor-mill/news/gronkowski-says-he-has-four-cracked-ribs-and-a-punctured-lung | https://www.nbcsports.com/nfl/profootballtalk/rumor-mill/news/nfl-week-four-injury-report-roundup-bears-taking-qb-call-into-the-weekend,"Antonio Brown out vs. Rams | X-rays of Rob Gronkowski’s ribs negative, no word on Jamel Dean’s knee | Buccaneers list Rob Gronkowski as doubtful for Sunday night",2021-09-25 17:24:47+00:00,True,True
Dareke Young,dareke young,2022,5,SEA,WR,Out,2022-10-07T19:57:09Z,2,2,https://www.nbcsports.com/nfl/profootballtalk/rumor-mill/news/quandre-diggs-active-for-seahawks-bryan-edwards-inactive-for-falcons | https://www.nbcsports.com/nfl/profootballtalk/rumor-mill/news/rashaad-penny-sits-out-practice-with-shoulder-injury,"Quandre Diggs active for Seahawks, Bryan Edwards inactive for Falcons | Rashaad Penny sits out practice with shoulder injury",2022-09-25 19:03:00+00:00,True,True
Chase Lucas,chase lucas,2022,9,DET,CB,Out,2022-11-04T19:43:35Z,3,3,https://www.nbcsports.com/nfl/profootballtalk/rumor-mill/news/dandre-swift-fully-participates-in-practice-amon-ra-st-brown-limited | https://www.nbcsports.com/nfl/profootballtalk/rumor-mill/news/nfl-2022-week-8-injury-report-roundup-marshon-lattimore-out-for-saints | https://www.nbcsports.com/nfl/profootballtalk/rumor-mill/news/nfl-2022-week-8-early-inactives-darren-waller-out-for-raiders,"D’Andre Swift fully participates in practice, Amon-Ra St. Brown limited | NFL 2022 Week 8 injury report roundup: Marshon Lattimore out for Saints | NFL 2022 Week 8 early inactives: Darren Waller out for Raiders",2022-10-26 20:37:00+00:00,True,True
Greg Mabin,greg mabin,2021,11,TEN,CB,Out,2021-11-19T20:30:33Z,8,8,https://www.nbcsports.com/nfl/profootballtalk/rumor-mill/news/a-j-brown-questionable-with-knee-injury-no-injury-designation-for-julio-jones | https://www.nbcsports.com/nfl/profootballtalk/rumor-mill/news/bud-dupree-nate-davis-out-of-practice-for-titans | https://www.nbcsports.com/nfl/profootballtalk/rumor-mill/news/julio-jones-back-on-titans-injury-report-with-limited-practice | https://www.nbcsports.com/nfl/profootballtalk/rumor-mill/news/nfl-week-10-early-inactives-deforest-buckner-james-robinson-will-play | https://www.nbcsports.com/nfl/profootballtalk/rumor-mill/news/nfl-week-10-injury-report-roundup-joey-bosa-keenan-allen-questionable-for-chargers,"A.J. Brown questionable with knee injury, no injury designation for Julio Jones | Bud Dupree, Nate Davis out of practice for Titans | Julio Jones back on Titans’ injury report with limited practice",2021-11-05 16:15:08+00:00,True,True
Rock Ya-Sin,rock yasin,2022,14,LV,CB,Out,2022-12-07T21:38:20Z,1,1,https://www.nbcsports.com/nfl/profootballtalk/rumor-mill/news/josh-jacobs-estimated-as-limited-participant-with-calf-quad-injuries,"Josh Jacobs estimated as limited participant with calf, quad injuries",2022-12-05 21:42:00+00:00,True,True
Chris Evans,chris evans,2021,13,CIN,RB,Doubtful,2021-12-03T20:30:52Z,0,0,,,,False,False
Ahkello Witherspoon,ahkello witherspoon,2022,11,PIT,CB,Out,2022-11-18T19:37:44Z,3,3,https://www.nbcsports.com/nfl/profootballtalk/rumor-mill/news/nfl-2022-week-10-early-inactives-josh-allen-ryan-tannehill-officially-active | https://www.nbcsports.com/nfl/profootballtalk/rumor-mill/news/william-jackson-iii-remains-out-of-practice-with-a-back-injury | https://www.nbcsports.com/nfl/profootballtalk/rumor-mill/news/nfl-2022-week-10-injury-report-roundup-ryan-tannehill-officially-listed-as-questionable,"NFL 2022 Week 10 early inactives: Josh Allen, Ryan Tannehill officially active | William Jackson III remains out of practice with a back injury | NFL 2022 Week 10 injury report roundup: Ryan Tannehill officially listed as questionable",2022-11-09 20:44:00+00:00,True,True
D'Wayne Eskridge,dwayne eskridge,2022,12,SEA,WR,Out,2022-11-25T20:43:51Z,0,0,,,,False,False
Jordan Poyer,jordan poyer,2021,4,BUF,S,Out,2021-10-01T18:23:16Z,0,0,,,,False,False
Dennis Gardeck,dennis gardeck,2022,7,ARI,LB,Out,2022-10-19T20:02:06Z,0,0,,,,False,False
Brandin Cooks,brandin cooks,2022,14,HOU,WR,Out,2022-12-09T21:36:59Z,3,3,https://www.nbcsports.com/nfl/profootballtalk/rumor-mill/news/nfl-2022-week-13-injury-report-roundup-josh-jacobs-questionable-for-the-raiders | https://www.nbcsports.com/nfl/profootballtalk/rumor-mill/news/nfl-2022-week-13-early-inactives-t-j-watt-is-active-for-steelers | https://www.nbcsports.com/nfl/profootballtalk/rumor-mill/news/texans-ruled-out-brandin-cooks-with-calf-injury,NFL 2022 Week 13 injury report roundup: Josh Jacobs questionable for the Raiders | NFL 2022 Week 13 early inactives: T.J. Watt is active for Steelers | Texans rule out Brandin Cooks with calf injury,2022-12-02 21:27:00+00:00,True,True
Sean Murphy-Bunting,sean murphybunting,2022,13,TB,CB,Doubtful,2022-12-03T19:30:58Z,2,2,https://www.nbcsports.com/nfl/profootballtalk/rumor-mill/news/todd-bowles-tristan-wirfs-week-to-week-with-high-ankle-sprain | https://www.nbcsports.com/nfl/profootballtalk/rumor-mill/news/leonard-fournette-returns-to-a-full-practice-thursday,Todd Bowles: Tristan Wirfs week-to-week with high ankle sprain | Leonard Fournette returns to a full practice Thursday,2022-11-28 18:05:00+00:00,True,True
Cole Holcomb,cole holcomb,2022,11,WAS,LB,Out,2022-11-18T19:18:49Z,2,2,https://www.nbcsports.com/nfl/profootballtalk/rumor-mill/news/nfl-2022-week-9-early-inactives-allen-lazard-christian-watson-active-for-packers | https://www.nbcsports.com/nfl/profootballtalk/rumor-mill/news/nfl-2022-week-9-injury-report-roundup-james-conner-budda-baker-questionable-for-cardinals,"NFL 2022 Week 9 early inactives: Allen Lazard, Christian Watson active for Packers | NFL 2022 Week 9 injury report roundup: James Conner, Budda Baker questionable for Cardinals",2022-11-04 22:02:00+00:00,True,True
Cam Sims,cam sims,2021,5,WAS,WR,Out,2021-10-08T17:18:44Z,2,2,https://www.nbcsports.com/nfl/profootballtalk/rumor-mill/news/antonio-gibson-returns-to-limited-practice-thursday | https://www.nbcsports.com/nfl/profootballtalk/rumor-mill/news/curtis-samuel-out-of-practice-with-groin-injury,Antonio Gibson returns to limited practice Thursday | Curtis Samuel out of practice with groin injury,2021-10-06 17:46:00+00:00,True,True
DeShon Elliott,deshon elliott,2022,16,DET,CB,Out,2022-12-22T20:37:18Z,1,1,https://www.nbcsports.com/nfl/profootballtalk/rumor-mill/news/three-lions-have-been-out-this-week-with-an-illness,Three Lions have been out this week with an illness,2022-12-08 21:46:00+00:00,True,True
Cornelius Lucas,cornelius lucas,2022,18,WAS,T,Out,2023-01-06T17:56:09Z,0,0,,,,False,False
Curtis Samuel,curtis samuel,2021,8,WAS,WR,Out,2021-10-29T17:29:24Z,9,9,https://www.nbcsports.com/nfl/profootballtalk/rumor-mill/news/antonio-gibson-returns-to-limited-work | https://www.nbcsports.com/nfl/profootballtalk/rumor-mill/news/antonio-gibson-terry-mclaurin-return-to-practice-for-washington | https://www.nbcsports.com/nfl/profootballtalk/rumor-mill/news/antonio-gibson-william-jackson-iii-questionable-for-washington | https://www.nbcsports.com/nfl/profootballtalk/rumor-mill/news/brandon-scherff-returns-to-practice-terry-mclaurin-sits-out | https://www.nbcsports.com/nfl/profootballtalk/rumor-mill/news/nfl-week-six-injury-report-roundup-deandre-hopkins-in-nick-chubb-out-for-sunday,"Antonio Gibson returns to limited work | Antonio Gibson, Terry McLaurin return to practice for Washington | Antonio Gibson, William Jackson III questionable for Washington",2021-10-14 19:30:52+00:00,True,True
Trevon Wesco,trevon wesco,2021,13,NYJ,TE,Doubtful,2021-12-03T19:22:02Z,0,0,,,,False,False
Trey Lance,trey lance,2021,7,SF,QB,Out,2021-10-22T20:28:22Z,5,5,https://www.nbcsports.com/nfl/profootballtalk/rumor-mill/news/george-kittle-on-injured-reserve-out-at-least-three-weeks | https://www.nbcsports.com/nfl/profootballtalk/rumor-mill/news/jimmy-garoppolo-remains-out-of-practice-friday | https://www.nbcsports.com/nfl/profootballtalk/rumor-mill/news/nfl-week-five-injury-report-roundup-chris-jones-matt-milano-questionable-for-sunday-night | https://www.nbcsports.com/nfl/profootballtalk/rumor-mill/news/trey-lance-will-start-for-49ers-george-kittle-doubtful | https://www.nbcsports.com/nfl/profootballtalk/rumor-mill/news/trey-lance-may-miss-time-with-knee-sprain,"George Kittle on injured reserve, out at least three weeks | Jimmy Garoppolo remains out of practice Friday | NFL Week Five injury report roundup: Chris Jones, Matt Milano questionable for Sunday night",2021-10-08 16:39:11+00:00,True,True
David Long,david long,2021,12,TEN,LB,Out,2021-11-26T20:48:11Z,5,5,https://www.nbcsports.com/nfl/profootballtalk/rumor-mill/news/bud-dupree-nate-davis-out-of-practice-for-titans | https://www.nbcsports.com/nfl/profootballtalk/rumor-mill/news/jeffery-simmons-janoris-jenkins-out-of-practice-thursday | https://www.nbcsports.com/nfl/profootballtalk/rumor-mill/news/nate-davis-bud-dupree-ruled-out-for-titans | https://www.nbcsports.com/nfl/profootballtalk/rumor-mill/news/nfl-week-11-injury-report-roundup-tyron-smith-questionable-for-cowboys | https://www.nbcsports.com/nfl/profootballtalk/rumor-mill/news/nfl-week-11-early-inactives-allen-robinson-eddie-jackson-out-for-bears,"Bud Dupree, Nate Davis out of practice for Titans | Jeffery Simmons, Janoris Jenkins out of practice Thursday | Nate Davis, Bud Dupree ruled out for Titans",2021-11-17 16:58:20+00:00,True,True
Amani Hooker,amani hooker,2022,9,TEN,S,Out,2022-11-04T19:14:54Z,2,2,https://www.nbcsports.com/nfl/profootballtalk/rumor-mill/news/derrick-henry-ryan-tannehill-limited-in-wednesdays-practice | https://www.nbcsports.com/nfl/profootballtalk/rumor-mill/news/ryan-tannehill-derrick-henry-out-of-titans-practice-on-thursday,"Derrick Henry, Ryan Tannehill limited in Wednesday’s practice | Ryan Tannehill, Derrick Henry out of Titans practice on Thursday",2022-11-02 21:52:00+00:00,True,True
Trevon Wesco,trevon wesco,2021,8,NYJ,TE,Out,2021-10-29T19:04:15Z,1,1,https://www.nbcsports.com/nfl/profootballtalk/rumor-mill/news/jets-add-corey-davis-to-injury-report-c-j-mosley-still-limited,"Jets add Corey Davis to injury report, C.J. Mosley still limited",2021-10-28 16:42:20+00:00,True,True
Brandin Cooks,brandin cooks,2022,13,HOU,WR,Out,2022-12-02T20:42:41Z,0,0,,,,False,False
Christian McCaffrey,christian mccaffrey,2021,5,CAR,RB,Doubtful,2021-10-08T17:38:57Z,13,13,https://www.nbcsports.com/nfl/profootballtalk/rumor-mill/news/christian-mccaffrey-has-hamstring-strain-panthers-dont-yet-know-the-severity | https://www.nbcsports.com/nfl/profootballtalk/rumor-mill/news/christian-mccaffrey-is-out-with-a-hamstring-injury | https://www.nbcsports.com/nfl/profootballtalk/rumor-mill/news/jaycee-horn-carted-off-after-non-contact-injury | https://www.nbcsports.com/nfl/profootballtalk/rumor-mill/news/matt-rhule-christian-mccaffrey-will-not-be-placed-on-ir | https://www.nbcsports.com/nfl/profootballtalk/rumor-mill/news/matt-rhule-jaycee-horn-broke-some-bones-in-his-foot,"Christian McCaffrey has hamstring strain, Panthers don’t yet know the severity | Christian McCaffrey is out with a hamstring injury | Jaycee Horn carted off after non-contact injury",2021-09-23 21:16:18+00:00,True,True
Baker Mayfield,baker mayfield,2022,7,CAR,QB,Doubtful,2022-10-21T17:32:16Z,10,10,https://www.nbcsports.com/nfl/profootballtalk/rumor-mill/news/baker-mayfield-jaycee-horn-remain-out-of-practice | https://www.nbcsports.com/nfl/profootballtalk/rumor-mill/news/baker-mayfield-doesnt-practice-panthers-dont-rule-him-out | https://www.nbcsports.com/nfl/profootballtalk/rumor-mill/news/baker-mayfield-out-of-walking-boot-but-not-practicing-on-friday | https://www.nbcsports.com/nfl/profootballtalk/rumor-mill/news/frankie-luvu-baker-mayfield-inactive-for-panthers-rams | https://www.nbcsports.com/nfl/profootballtalk/rumor-mill/news/panthers-list-baker-mayfield-as-doubtful-three-corners-as-questionable,"Baker Mayfield, Jaycee Horn remain out of practice | Baker Mayfield doesn’t practice, Panthers don’t rule him out | Baker Mayfield out of walking boot, but not practicing on Friday",2022-10-10 16:45:00+00:00,True,True
Rashod Berry,rashod berry,2021,17,DET,LB,Out,2022-01-01T20:57:14Z,0,0,,,,False,False
Carl Nassib,carl nassib,2022,18,TB,LB,Out,2023-01-06T18:37:59Z,5,5,https://www.nbcsports.com/nfl/profootballtalk/rumor-mill/news/carlton-davis-misses-second-straight-practice | https://www.nbcsports.com/nfl/profootballtalk/rumor-mill/news/carlton-davis-doubtful-vita-vea-and-julio-jones-questionable-for-buccaneers | https://www.nbcsports.com/nfl/profootballtalk/rumor-mill/news/donovan-smith-vita-vea-jamel-dean-out-for-bucs-sunday | https://www.nbcsports.com/nfl/profootballtalk/rumor-mill/news/nfl-2022-week-16-injury-report-roundup-bradley-chubb-jaelan-phillips-questionable | https://www.nbcsports.com/nfl/profootballtalk/rumor-mill/news/nfl-2022-week-17-injury-report-roundup-azeel-ojulari-questionable-adoree-jackson-doubtful-for-giants,"Carlton Davis misses second straight practice | Carlton Davis doubtful, Vita Vea and Julio Jones questionable for Buccaneers | Donovan Smith, Vita Vea, Jamel Dean out for Bucs Sunday",2022-12-23 17:47:00+00:00,True,True
Star Lotulelei,star lotulelei,2021,1,BUF,DT,Out,2021-09-10T20:55:16Z,1,1,https://www.nbcsports.com/nfl/profootballtalk/rumor-mill/news/bills-activate-cole-beasley-star-lotulelei-off-covid-19-list,"Bills activate Cole Beasley, Star Lotulelei off COVID-19 list",2021-08-27 14:21:12+00:00,True,True
Akayleb Evans,akayleb evans,2022,12,MIN,CB,Out,2022-11-23T20:39:55Z,4,4,https://www.nbcsports.com/nfl/profootballtalk/rumor-mill/news/justin-jefferson-listed-as-limited-in-wednesdays-practice | https://www.nbcsports.com/nfl/profootballtalk/rumor-mill/news/nfl-2022-week-11-injury-report-roundup-christian-barmore-out-for-patriots | https://www.nbcsports.com/nfl/profootballtalk/rumor-mill/news/vikings-put-cam-dantzler-on-injured-reserve | https://www.nbcsports.com/nfl/profootballtalk/rumor-mill/news/zadarius-smith-estimated-as-limited-participant-andrew-booth-sits-out,Justin Jefferson listed as limited in Wednesday’s practice | NFL 2022 Week 11 injury report roundup: Christian Barmore out for Patriots | Vikings put Cam Dantzler on injured reserve,2022-11-12 20:07:00+00:00,True,True
Josh Jacobs,josh jacobs,2021,3,LV,RB,Doubtful,2021-09-24T19:27:18Z,9,9,https://www.nbcsports.com/nfl/profootballtalk/rumor-mill/news/jon-gruden-alex-leatherwood-dealing-with-a-back-strain | https://www.nbcsports.com/nfl/profootballtalk/rumor-mill/news/jon-gruden-calls-derek-carr-questionable-josh-jacobs-very-questionable-vs-dolphins | https://www.nbcsports.com/nfl/profootballtalk/rumor-mill/news/josh-jacobs-carl-nassib-among-raiders-that-would-have-missed-practice-wednesday | https://www.nbcsports.com/nfl/profootballtalk/rumor-mill/news/josh-jacobs-did-not-practice-thursday | https://www.nbcsports.com/nfl/profootballtalk/rumor-mill/news/josh-jacobs-downgraded-to-questionable-with-illness,"Jon Gruden: Alex Leatherwood dealing with a back strain | Jon Gruden calls Derek Carr questionable, Josh Jacobs “very questionable” vs. Dolphins | Josh Jacobs, Carl Nassib among Raiders that would have missed practice Wednesday",2021-09-12 20:56:42+00:00,True,True
Dominique Dafney,dominique dafney,2021,15,GB,TE,Out,2021-12-17T20:43:10Z,1,1,https://www.nbcsports.com/nfl/profootballtalk/rumor-mill/news/david-bakhtiari-listed-as-limited-at-packers-practice-aaron-rodgers-doesnt-participate,"David Bakhtiari listed as limited at Packers practice, Aaron Rodgers doesn’t participate",2021-12-15 22:33:00+00:00,True,True
Nasir Adderley,nasir adderley,2022,12,LAC,S,Doubtful,2022-11-25T21:03:53Z,0,0,,,,False,False
Javon Kinlaw,javon kinlaw,2022,5,SF,DT,Out,2022-10-07T19:38:32Z,2,2,https://www.nbcsports.com/nfl/profootballtalk/rumor-mill/news/arik-armstead-javon-kinlaw-questionable-for-49ers-on-monday-night | https://www.nbcsports.com/nfl/profootballtalk/rumor-mill/news/monday-night-football-javon-kinlaw-is-inactive-but-arik-armstead-is-dressed,"Arik Armstead, Javon Kinlaw questionable for 49ers on Monday night | Monday Night Football: Javon Kinlaw is inactive, but Arik Armstead is dressed",2022-10-02 01:11:00+00:00,True,True
Trayvon Mullen,trayvon mullen,2022,1,ARI,CB,Out,2022-09-09T19:58:03Z,1,1,https://www.nbcsports.com/nfl/profootballtalk/rumor-mill/news/j-j-watt-day-to-day-with-calf-strain,J.J. Watt day-to-day with calf strain,2022-09-07 18:53:00+00:00,True,True
Taylor Stallworth,taylor stallworth,2022,15,HOU,DT,Out,2022-12-16T20:38:08Z,0,0,,,,False,False
Andrew Sendejo,andrew sendejo,2021,6,IND,S,Out,2021-10-15T18:58:34Z,1,1,https://www.nbcsports.com/nfl/profootballtalk/rumor-mill/news/xavier-rhodes-andrew-sendejo-in-concussion-protocol,"Xavier Rhodes, Andrew Sendejo in concussion protocol",2021-10-13 00:11:00+00:00,True,True
Rashaan Evans,rashaan evans,2021,9,TEN,LB,Out,2021-11-05T19:54:20Z,3,3,https://www.nbcsports.com/nfl/profootballtalk/rumor-mill/news/nfl-week-eight-early-inactives-jadeveon-clowney-odell-beckham-will-play-for-browns | https://www.nbcsports.com/nfl/profootballtalk/rumor-mill/news/titans-senior-defensive-assistant-jim-schwartz-out-sunday-due-to-covid-protocols | https://www.nbcsports.com/nfl/profootballtalk/rumor-mill/news/nfl-week-eight-injury-report-roundup-rob-gronkowski-richard-sherman-questionable-for-bucs,"NFL Week Eight early inactives: Jadeveon Clowney, Odell Beckham will play for Browns | Titans senior defensive assistant Jim Schwartz out Sunday due to COVID protocols | NFL Week Eight injury report roundup: Rob Gronkowski, Richard Sherman questionable for Bucs",2021-10-29 17:48:59+00:00,True,True
Maurice Hurst,maurice hurst,2021,7,SF,DT,Out,2021-10-22T20:02:26Z,0,0,,,,False,False
Chauncey Gardner-Johnson,chauncey gardnerjohnson,2021,10,NO,S,Out,2021-11-12T20:49:03Z,0,0,,,,False,False
Jesper Horsted,jesper horsted,2022,13,LV,TE,Out,2022-12-02T21:43:35Z,1,1,https://www.nbcsports.com/nfl/profootballtalk/rumor-mill/news/josh-jacobs-limited-with-calf-injury,Josh Jacobs limited in Wednesday’s practice with calf injury,2022-12-01 00:29:00+00:00,True,True
Melvin Gordon,melvin gordon,2021,13,DEN,RB,Doubtful,2021-12-03T20:59:50Z,1,1,https://www.nbcsports.com/nfl/profootballtalk/rumor-mill/news/melvin-gordon-among-six-broncos-who-sit-out-wednesdays-practice,Melvin Gordon among six Broncos who sat out Wednesday’s practice,2021-12-02 00:25:00+00:00,True,True
John Cominsky,john cominsky,2022,3,DET,DE,Out,2022-09-23T19:53:43Z,2,2,https://www.nbcsports.com/nfl/profootballtalk/rumor-mill/news/aidan-hutchinson-out-of-practice-with-thigh-injury | https://www.nbcsports.com/nfl/profootballtalk/rumor-mill/news/frank-ragnow-back-at-practice-john-cominsky-out-after-hand-surgery,"Aidan Hutchinson out of practice with thigh injury | Frank Ragnow back at practice, John Cominsky out after hand surgery",2022-09-21 18:06:00+00:00,True,True
Oshane Ximines,oshane ximines,2022,7,NYG,LB,Out,2022-10-21T18:09:09Z,0,0,,,,False,False
Travis Homer,travis homer,2021,14,SEA,RB,Out,2021-12-10T20:52:34Z,5,5,https://www.nbcsports.com/nfl/profootballtalk/rumor-mill/news/monday-night-football-curtis-samuel-logan-thomas-are-active-rashaad-penny-is-inactive | https://www.nbcsports.com/nfl/profootballtalk/rumor-mill/news/alex-collins-fred-warner-are-inactive-for-seahawks-49ers-game | https://www.nbcsports.com/nfl/profootballtalk/rumor-mill/news/nfl-week-13-injury-report-roundup-asante-samuel-jr-remains-out-for-chargers | https://www.nbcsports.com/nfl/profootballtalk/rumor-mill/news/seahawks-list-damien-lewis-as-doubtful-three-running-backs-as-questionable | https://www.nbcsports.com/nfl/profootballtalk/rumor-mill/news/rashaad-penny-travis-homer-ruled-out-for-seahawks,"Monday Night Football: Curtis Samuel, Logan Thomas are active; Rashaad Penny is inactive | Alex Collins, Fred Warner are inactive for Seahawks-49ers game | NFL Week 13 injury report roundup: Asante Samuel Jr. remains out for Chargers",2021-11-27 21:38:00+00:00,True,True
Jamison Crowder,jamison crowder,2022,5,BUF,WR,Out,2022-10-07T21:19:50Z,2,2,https://www.nbcsports.com/nfl/profootballtalk/rumor-mill/news/jamison-crowder-broke-his-ankle-sunday | https://www.nbcsports.com/nfl/profootballtalk/rumor-mill/news/jordan-phillips-returns-to-practice-isaiah-mckenzie-jordan-poyer-sit-out,"Jamison Crowder broke his ankle Sunday | Jordan Phillips returns to practice; Isaiah McKenzie, Jordan Poyer sit out",2022-10-03 15:23:00+00:00,True,True
Luke Goedeke,luke goedeke,2022,10,TB,G,Out,2022-11-11T17:11:46Z,7,7,https://www.nbcsports.com/nfl/profootballtalk/rumor-mill/news/shaq-barrett-ruled-out-with-an-ankle-injury-after-leaving-on-a-cart | https://www.nbcsports.com/nfl/profootballtalk/rumor-mill/news/shaq-barrett-has-an-achilles-injury-that-doesnt-look-good | https://www.nbcsports.com/nfl/profootballtalk/rumor-mill/news/thursday-night-football-ravens-will-have-seven-of-eight-players-who-were-questionable | https://www.nbcsports.com/nfl/profootballtalk/rumor-mill/news/antoine-winfield-cameron-brate-among-those-ruled-out-for-bucs | https://www.nbcsports.com/nfl/profootballtalk/rumor-mill/news/julio-jones-returns-to-a-full-practice-antoine-winfield-limited,Shaq Barrett ruled out with an ankle injury after leaving on a cart | Shaq Barrett has an Achilles injury that “doesn’t look good” | Thursday Night Football: Ravens will have seven of eight players who were questionable,2022-10-27 22:55:00+00:00,True,True
Cedric Ogbuehi,cedric ogbuehi,2021,12,BAL,T,Out,2021-11-26T20:33:56Z,3,3,https://www.nbcsports.com/nfl/profootballtalk/rumor-mill/news/lamar-jackson-was-a-full-participant-in-fridays-practice-set-to-start-on-sunday | https://www.nbcsports.com/nfl/profootballtalk/rumor-mill/news/nfl-week-11-injury-report-roundup-tyron-smith-questionable-for-cowboys | https://www.nbcsports.com/nfl/profootballtalk/rumor-mill/news/nfl-week-11-early-inactives-allen-robinson-eddie-jackson-out-for-bears,"Lamar Jackson was a full participant in Friday’s practice, set to start on Sunday | NFL Week 11 injury report roundup: Tyron Smith questionable for Cowboys | NFL Week 11 early inactives: Allen Robinson, Eddie Jackson out for Bears",2021-11-19 20:36:00+00:00,True,True
Andrew Beck,andrew beck,2022,10,DEN,TE,Out,2022-11-11T21:37:35Z,0,0,,,,False,False
Kenny Yeboah,kenny yeboah,2022,11,NYJ,TE,Doubtful,2022-11-18T20:43:44Z,0,0,,,,False,False
Lane Johnson,lane johnson,2021,6,PHI,T,Out,2021-10-13T18:08:04Z,5,5,https://www.nbcsports.com/nfl/profootballtalk/rumor-mill/news/eagles-lane-johnson-inactive-for-personal-matter | https://www.nbcsports.com/nfl/profootballtalk/rumor-mill/news/lane-johnson-remains-out-of-eagles-practice | https://www.nbcsports.com/nfl/profootballtalk/rumor-mill/news/nfl-week-four-early-inactives-andy-dalton-officially-out-again-for-bears | https://www.nbcsports.com/nfl/profootballtalk/rumor-mill/news/nfl-week-five-early-inactives-christian-mccaffrey-out-again-this-week | https://www.nbcsports.com/nfl/profootballtalk/rumor-mill/news/nfl-week-five-injury-report-roundup-chris-jones-matt-milano-questionable-for-sunday-night,Eagles’ Lane Johnson inactive for personal matter | Lane Johnson remains out of Eagles practice | NFL Week Four early inactives: Andy Dalton officially out again for Bears,2021-10-03 11:35:25+00:00,True,True
Michael Carter,michael carter,2022,13,NYJ,RB,Doubtful,2022-12-02T20:01:02Z,1,1,https://www.nbcsports.com/nfl/profootballtalk/rumor-mill/news/james-robinson-i-was-upset-about-being-inactive,James Robinson: I was upset about being inactive,2022-11-30 23:46:00+00:00,True,True
Cethan Carter,cethan carter,2022,5,MIA,TE,Out,2022-10-07T19:34:39Z,9,9,https://www.nbcsports.com/nfl/profootballtalk/rumor-mill/news/cethan-carter-out-for-thursdays-game-against-bengals | https://www.nbcsports.com/nfl/profootballtalk/rumor-mill/news/nfl-week-3-early-inactives-aidan-hutchinson-will-play | https://www.nbcsports.com/nfl/profootballtalk/rumor-mill/news/tua-tagovailoa-would-not-have-practiced-monday-with-back-ankle-injuries | https://www.nbcsports.com/nfl/profootballtalk/rumor-mill/news/tua-tagovailoa-upgraded-to-limited-in-tuesdays-practice | https://www.nbcsports.com/nfl/profootballtalk/rumor-mill/news/xavien-howard-returns-to-practice-on-limited-basis-but-terron-armstead-remains-out,"Cethan Carter out for Thursday’s game against Bengals | NFL Week 3 early inactives: Aidan Hutchinson will play | Tua Tagovailoa would not have practiced Monday with back, ankle injuries",2022-09-22 20:56:00+00:00,True,True
Chris Harris,chris harris,2021,3,LAC,CB,Out,2021-09-24T19:45:19Z,4,4,https://www.nbcsports.com/nfl/profootballtalk/rumor-mill/news/derwin-james-joey-bosa-miss-chargers-practice-with-injury | https://www.nbcsports.com/nfl/profootballtalk/rumor-mill/news/derwin-james-returns-to-full-practice | https://www.nbcsports.com/nfl/profootballtalk/rumor-mill/news/nfl-week-two-injury-report-roundup-a-lot-of-question-marks-for-the-ravens | https://www.nbcsports.com/nfl/profootballtalk/rumor-mill/news/no-surprise-inactives-for-cowboys-chargers,"Derwin James, Joey Bosa miss Chargers practice with injury | Derwin James returns to full practice | NFL Week Two injury report roundup: A lot of question marks for the Ravens",2021-09-16 19:37:29+00:00,True,True
Fred Warner,fred warner,2021,13,SF,LB,Doubtful,2021-12-03T21:21:34Z,3,3,https://www.nbcsports.com/nfl/profootballtalk/rumor-mill/news/dalvin-cook-carted-off-with-a-shoulder-injury-deebo-samuel-has-groin-injury | https://www.nbcsports.com/nfl/profootballtalk/rumor-mill/news/deebo-samuel-set-for-mri-to-evaluate-groin-injury | https://www.nbcsports.com/nfl/profootballtalk/rumor-mill/news/fred-warner-will-miss-week-13-with-hamstring-injury,Dalvin Cook carted off with a shoulder injury; Deebo Samuel has groin injury | Deebo Samuel set for MRI to evaluate groin injury | Fred Warner will miss Week 13 with hamstring injury,2021-11-28 19:09:40+00:00,True,True
Ar'Darius Washington,ardarius washington,2021,12,BAL,S,Out,2021-11-26T20:34:08Z,0,0,,,,False,False
Randy Bullock,randy bullock,2022,11,TEN,K,Out,2022-11-16T20:31:08Z,2,2,https://www.nbcsports.com/nfl/profootballtalk/rumor-mill/news/bud-dupree-questionable-to-return-with-hip-injury | https://www.nbcsports.com/nfl/profootballtalk/rumor-mill/news/mike-vrabel-had-serious-anxiety-when-he-learned-randy-bullock-was-injured-pregame,Bud Dupree questionable to return with hip injury | Mike Vrabel had serious anxiety when he learned Randy Bullock was injured pregame,2022-11-07 03:44:00+00:00,True,True
Pete Werner,pete werner,2021,14,NO,LB,Out,2021-12-10T20:52:00Z,0,0,,,,False,False
Keenan Allen,keenan allen,2022,9,LAC,WR,Out,2022-11-04T20:06:33Z,4,4,https://www.nbcsports.com/nfl/profootballtalk/rumor-mill/news/keenan-allen-will-be-a-game-time-decision-on-sunday | https://www.nbcsports.com/nfl/profootballtalk/rumor-mill/news/nfl-week-7-injury-report-roundup-rashad-fenton-out-joe-thuney-questionable-for-chiefs | https://www.nbcsports.com/nfl/profootballtalk/rumor-mill/news/tyler-lockett-is-expected-to-play-for-seahawks | https://www.nbcsports.com/nfl/profootballtalk/rumor-mill/news/brandon-staley-says-keenan-allens-hamstring-not-responding-as-hoped,"Keenan Allen will be a game-time decision on Sunday | NFL Week 7 injury report roundup: Rashad Fenton out, Joe Thuney questionable for Chiefs | Tyler Lockett is expected to play for Seahawks",2022-10-21 20:32:00+00:00,True,True
Donovan Smith,donovan smith,2022,3,TB,T,Doubtful,2022-09-23T19:36:23Z,10,10,https://www.nbcsports.com/nfl/profootballtalk/rumor-mill/news/buccaneers-put-gio-bernard-josh-wells-on-injured-reserve | https://www.nbcsports.com/nfl/profootballtalk/rumor-mill/news/bucs-lead-cowboys-9-3-but-donovan-smith-leaves-with-elbow-injury | https://www.nbcsports.com/nfl/profootballtalk/rumor-mill/news/chris-godwin-is-out-for-bucs-four-other-wideouts-are-questionable | https://www.nbcsports.com/nfl/profootballtalk/rumor-mill/news/chris-godwin-out-with-a-hamstring-injury | https://www.nbcsports.com/nfl/profootballtalk/rumor-mill/news/donovan-smith-back-at-practice-chris-godwin-and-julio-jones-still-out,"Buccaneers put Gio Bernard, Josh Wells on injured reserve | Bucs lead Cowboys 9-3, but Donovan Smith leaves with elbow injury | Chris Godwin is out for Bucs, four other wideouts are questionable",2022-09-12 01:28:00+00:00,True,True
Brian Winters,brian winters,2021,3,ARI,G,Out,2021-09-24T19:40:29Z,0,0,,,,False,False
Kadarius Toney,kadarius toney,2022,6,NYG,WR,Out,2022-10-14T18:14:00Z,6,6,https://www.nbcsports.com/nfl/profootballtalk/rumor-mill/news/nfl-week-4-injury-report-roundup-dalvin-cook-set-to-play-zadarius-smith-questionable | https://www.nbcsports.com/nfl/profootballtalk/rumor-mill/news/daniel-jones-remains-limited-in-thursdays-practice | https://www.nbcsports.com/nfl/profootballtalk/rumor-mill/news/kenny-golladay-has-mcl-sprain-is-not-expected-to-travel-to-london-with-giants | https://www.nbcsports.com/nfl/profootballtalk/rumor-mill/news/leonard-williams-devonte-wyatt-inactive-in-london | https://www.nbcsports.com/nfl/profootballtalk/rumor-mill/news/nfl-week-5-injury-report-roundup-jameis-winston-mac-jones-doubtful-for-sunday,"NFL Week 4 injury report roundup: Dalvin Cook set to play, Za’Darius Smith questionable | Daniel Jones remains limited in Thursday’s practice | Kenny Golladay has MCL sprain, is not expected to travel to London with Giants",2022-09-30 22:02:00+00:00,True,True
Jarvis Landry,jarvis landry,2022,7,NO,WR,Out,2022-10-19T18:58:55Z,8,8,https://www.nbcsports.com/nfl/profootballtalk/rumor-mill/news/andy-dalton-set-to-start-michael-thomas-out-for-saints | https://www.nbcsports.com/nfl/profootballtalk/rumor-mill/news/andy-dalton-jameis-winston-would-have-been-limited-in-practice-monday | https://www.nbcsports.com/nfl/profootballtalk/rumor-mill/news/chris-olave-out-saints-missing-their-top-three-receivers-vs-bengals | https://www.nbcsports.com/nfl/profootballtalk/rumor-mill/news/jamie-winston-still-limited-michael-thomas-jarvis-landry-remain-out | https://www.nbcsports.com/nfl/profootballtalk/rumor-mill/news/jameis-winston-taysom-hill-limited-in-practice-four-receivers-listed-as-dnp,"Andy Dalton set to start, Michael Thomas out for Saints | Andy Dalton, Jameis Winston would have been limited in practice Monday | Chris Olave out, Saints missing their top three receivers vs. Bengals",2022-10-07 19:10:00+00:00,True,True
Efe Obada,efe obada,2021,18,BUF,DE,Out,2022-01-07T18:51:28Z,0,0,,,,False,False
Courtland Sutton,courtland sutton,2022,15,DEN,WR,Out,2022-12-16T20:38:23Z,4,4,https://www.nbcsports.com/nfl/profootballtalk/rumor-mill/news/courtland-sutton-ruled-out-for-sunday | https://www.nbcsports.com/nfl/profootballtalk/rumor-mill/news/jerry-jeudy-courtland-sutton-questionable-for-sunday | https://www.nbcsports.com/nfl/profootballtalk/rumor-mill/news/nfl-2022-week-13-injury-report-roundup-josh-jacobs-questionable-for-the-raiders | https://www.nbcsports.com/nfl/profootballtalk/rumor-mill/news/nfl-2022-week-14-injury-report-roundup-antoine-winfield-tristan-wirfs-doubtful-for-bucs,"Courtland Sutton ruled out for Sunday | Jerry Jeudy, Courtland Sutton questionable for Sunday | NFL 2022 Week 13 injury report roundup: Josh Jacobs questionable for the Raiders",2022-12-02 20:54:00+00:00,True,True
Xavier Su'a-Filo,xavier suafilo,2021,4,CIN,G,Doubtful,2021-09-29T19:28:39Z,2,2,https://www.nbcsports.com/nfl/profootballtalk/rumor-mill/news/nfl-week-three-early-inactives-joey-bosa-set-to-play-for-chargers | https://www.nbcsports.com/nfl/profootballtalk/rumor-mill/news/week-three-injury-report-roundup-quarterback-injuries-will-impact-several-games,NFL Week Three early inactives: Joey Bosa set to play for Chargers | NFL Week Three injury report roundup: Quarterback injuries will impact several games,2021-09-24 17:59:43+00:00,True,True
Tommy Hudson,tommy hudson,2021,14,TEN,TE,Out,2021-12-10T19:55:38Z,0,0,,,,False,False
Pete Werner,pete werner,2022,16,NO,LB,Out,2022-12-22T20:04:56Z,3,3,https://www.nbcsports.com/nfl/profootballtalk/rumor-mill/news/cameron-jordan-off-injury-report-set-to-play-in-week-15 | https://www.nbcsports.com/nfl/profootballtalk/rumor-mill/news/chris-olave-would-not-have-practiced-with-hamstring-injury | https://www.nbcsports.com/nfl/profootballtalk/rumor-mill/news/nfl-2022-week-15-injury-report-roundup-jakobi-meyers-rhamondre-stevenson-questionable-for-pats,"Cameron Jordan off injury report, set to play in Week 15 | Chris Olave would not have practiced with hamstring injury | NFL 2022 Week 15 injury report roundup: Jakobi Meyers, Rhamondre Stevenson questionable for Pats",2022-12-16 20:46:00+00:00,True,True
Azeez Al-Shaair,azeez alshaair,2021,17,SF,LB,Out,2021-12-31T22:51:09Z,3,3,https://www.nbcsports.com/nfl/profootballtalk/rumor-mill/news/49ers-linebacker-azeez-al-shaair-has-mcl-injury | https://www.nbcsports.com/nfl/profootballtalk/rumor-mill/news/elijah-mitchell-out-for-49ers-titans-on-thursday | https://www.nbcsports.com/nfl/profootballtalk/rumor-mill/news/jimmy-garoppolo-did-not-practice-wednesday,49ers linebacker Azeez Al-Shaair has MCL injury | Elijah Mitchell out for 49ers-Titans on Thursday | Jimmy Garoppolo did not practice Wednesday,2021-12-22 20:33:00+00:00,True,True
Jonathan Taylor,jonathan taylor,2022,9,IND,RB,Out,2022-11-04T19:44:06Z,4,4,https://www.nbcsports.com/nfl/profootballtalk/rumor-mill/news/jonathan-taylor-shaquille-leonard-move-to-full-practice-participation | https://www.nbcsports.com/nfl/profootballtalk/rumor-mill/news/nfl-week-7-injury-report-roundup-rashad-fenton-out-joe-thuney-questionable-for-chiefs | https://www.nbcsports.com/nfl/profootballtalk/rumor-mill/news/shaquille-leonard-ruled-out-against-titans-jonathan-taylor-likely-to-play | https://www.nbcsports.com/nfl/profootballtalk/rumor-mill/news/jonathan-taylor-out-of-practice-after-aggravating-ankle-injury,"Jonathan Taylor, Shaquille Leonard move to full practice participation | NFL Week 7 injury report roundup: Rashad Fenton out, Joe Thuney questionable for Chiefs | Shaquille Leonard ruled out against Titans, Jonathan Taylor likely to play",2022-10-20 19:50:00+00:00,True,True
Cole Holcomb,cole holcomb,2022,8,WAS,LB,Out,2022-10-28T17:24:27Z,0,0,,,,False,False
Kendall Sheffield,kendall sheffield,2021,10,ATL,CB,Out,2021-11-12T18:45:45Z,0,0,,,,False,False
Kayvon Thibodeaux,kayvon thibodeaux,2022,2,NYG,LB,Doubtful,2022-09-16T18:32:10Z,5,5,https://www.nbcsports.com/nfl/profootballtalk/rumor-mill/news/azeez-ojulari-kayvon-thibodeaux-inactive-for-giants | https://www.nbcsports.com/nfl/profootballtalk/rumor-mill/news/brian-daboll-azeez-ojulari-kayvon-thibodeaux-will-be-game-time-decisions | https://www.nbcsports.com/nfl/profootballtalk/rumor-mill/news/giants-list-kavon-thibodeaux-azeez-ojulari-as-doubtful | https://www.nbcsports.com/nfl/profootballtalk/rumor-mill/news/week-1-injury-report-roundup-tyrann-mathieu-michael-thomas-questionable | https://www.nbcsports.com/nfl/profootballtalk/rumor-mill/news/kayvon-thibodeaux-azeez-ojulari-listed-as-limited-wednesday,"Azeez Ojulari, Kayvon Thibodeaux inactive for Giants | Brian Daboll: Azeez Ojulari, Kayvon Thibodeaux will be game-time decisions | Giants list Kavon Thibodeaux, Azeez Ojulari as doubtful",2022-09-07 19:58:00+00:00,True,True
Donovan Wilson,donovan wilson,2021,4,DAL,S,Out,2021-10-01T18:35:57Z,4,4,https://www.nbcsports.com/nfl/profootballtalk/rumor-mill/news/amari-cooper-returns-to-full-practice-friday | https://www.nbcsports.com/nfl/profootballtalk/rumor-mill/news/cowboys-add-randy-gregory-to-practice-report-with-knee-injury | https://www.nbcsports.com/nfl/profootballtalk/rumor-mill/news/nfl-week-two-injury-report-roundup-a-lot-of-question-marks-for-the-ravens | https://www.nbcsports.com/nfl/profootballtalk/rumor-mill/news/no-surprise-inactives-for-cowboys-chargers,Amari Cooper returns to full practice Friday | Cowboys add Randy Gregory to practice report with knee injury | NFL Week Two injury report roundup: A lot of question marks for the Ravens,2021-09-17 18:31:07+00:00,True,True
Jeff Smith,jeff smith,2022,16,NYJ,WR,Out,2022-12-21T21:03:15Z,2,2,https://www.nbcsports.com/nfl/profootballtalk/rumor-mill/news/jets-estimate-mike-white-quinnen-williams-as-limited-monday | https://www.nbcsports.com/nfl/profootballtalk/rumor-mill/news/nfl-2022-week-14-early-inactives-trevor-lawrence-officially-active-for-jaguars,"Jets estimate Mike White, Quinnen Williams as limited Monday | NFL 2022 Week 14 early inactives: Trevor Lawrence officially active for Jaguars",2022-12-11 16:34:00+00:00,True,True
Folorunso Fatukasi,folorunso fatukasi,2022,16,JAX,DT,Out,2022-12-21T18:19:31Z,0,0,,,,False,False
David Andrews,david andrews,2022,9,NE,C,Out,2022-11-04T19:35:59Z,4,4,https://www.nbcsports.com/nfl/profootballtalk/rumor-mill/news/mac-jones-is-off-the-patriots-injury-report | https://www.nbcsports.com/nfl/profootballtalk/rumor-mill/news/nfl-2022-week-8-injury-report-roundup-marshon-lattimore-out-for-saints | https://www.nbcsports.com/nfl/profootballtalk/rumor-mill/news/patriots-rule-kyle-dugger-out-for-sunday | https://www.nbcsports.com/nfl/profootballtalk/rumor-mill/news/nfl-2022-week-8-early-inactives-darren-waller-out-for-raiders,Mac Jones is off the Patriots injury report | NFL 2022 Week 8 injury report roundup: Marshon Lattimore out for Saints | Patriots rule Kyle Dugger out for Sunday,2022-10-26 20:22:00+00:00,True,True
Justin Coleman,justin coleman,2022,3,SEA,CB,Doubtful,2022-09-23T19:56:27Z,2,2,https://www.nbcsports.com/nfl/profootballtalk/rumor-mill/news/ken-walker-has-limited-practice-thursday-after-full-practice-wednesday | https://www.nbcsports.com/nfl/profootballtalk/rumor-mill/news/week-2-injury-report-roundup-j-k-dobbins-marlon-humphrey-questionable-for-ravens,"Ken Walker has limited practice Thursday after full practice Wednesday | NFL Week 2 injury report roundup: J.K. Dobbins, Marlon Humphrey questionable for Ravens",2022-09-16 00:50:00+00:00,True,True
Xavier Rhodes,xavier rhodes,2021,18,IND,CB,Out,2022-01-07T19:12:49Z,1,1,https://www.nbcsports.com/nfl/profootballtalk/rumor-mill/news/xavier-rhodes-out-with-hamstring-injury-raiders-back-up-20-17,"Xavier Rhodes out with hamstring injury, Raiders back up 20-17",2022-01-02 20:29:00+00:00,True,True
Ezekiel Turner,ezekiel turner,2022,4,ARI,LB,Out,2022-09-30T18:02:52Z,1,1,https://www.nbcsports.com/nfl/profootballtalk/rumor-mill/news/week-3-injury-report-roundup-j-k-dobbins-jakobi-meyers-questionable-for-ravens-patriots,"NFL Week 3 injury report roundup: J.K. Dobbins, Jakobi Meyers questionable for Ravens-Patriots",2022-09-23 17:49:24+00:00,True,True
Essang Bassey,essang bassey,2022,8,DEN,CB,Out,2022-10-28T14:04:24Z,2,2,https://www.nbcsports.com/nfl/profootballtalk/rumor-mill/news/josey-jewell-inactive-for-broncos | https://www.nbcsports.com/nfl/profootballtalk/rumor-mill/news/nfl-week-7-injury-report-roundup-rashad-fenton-out-joe-thuney-questionable-for-chiefs,"Josey Jewell inactive for Broncos | NFL Week 7 injury report roundup: Rashad Fenton out, Joe Thuney questionable for Chiefs",2022-10-21 22:13:00+00:00,True,True
Michael Thomas,michael thomas,2022,7,NO,WR,Out,2022-10-19T18:59:30Z,0,0,,,,False,False
Avonte Maddox,avonte maddox,2022,5,PHI,CB,Out,2022-10-07T17:41:38Z,1,1,https://www.nbcsports.com/nfl/profootballtalk/rumor-mill/news/nfl-week-4-injury-report-roundup-dalvin-cook-set-to-play-zadarius-smith-questionable,"NFL Week 4 injury report roundup: Dalvin Cook set to play, Za’Darius Smith questionable",2022-09-30 22:02:00+00:00,True,True
Ben Cleveland,ben cleveland,2022,6,BAL,G,Out,2022-10-14T18:55:06Z,2,2,https://www.nbcsports.com/nfl/profootballtalk/rumor-mill/news/nfl-week-5-injury-report-roundup-jameis-winston-mac-jones-doubtful-for-sunday | https://www.nbcsports.com/nfl/profootballtalk/rumor-mill/news/rashod-bateman-did-not-practice-thursday,"NFL Week 5 injury report roundup: Jameis Winston, Mac Jones doubtful for Sunday | Rashod Bateman did not practice Thursday",2022-10-06 21:03:00+00:00,True,True
David Edwards,david edwards,2022,4,LA,G,Out,2022-10-01T19:54:33Z,0,0,,,,False,False
Evan Brown,evan brown,2022,13,DET,G,Out,2022-12-02T20:36:56Z,4,4,https://www.nbcsports.com/nfl/profootballtalk/rumor-mill/news/adoree-jackson-to-locker-room-after-injury-on-punt-return | https://www.nbcsports.com/nfl/profootballtalk/rumor-mill/news/charles-harris-josh-paschal-josh-reynolds-remain-out-of-practice | https://www.nbcsports.com/nfl/profootballtalk/rumor-mill/news/josh-reynolds-frank-ragnow-return-to-limited-work-at-practice | https://www.nbcsports.com/nfl/profootballtalk/rumor-mill/news/jonah-jackson-jeff-okudah-ruled-out-for-thursday,"Adoree’ Jackson to locker room after injury on punt return | Charles Harris, Josh Paschal, Josh Reynolds remain out of practice | Josh Reynolds, Frank Ragnow return to limited work at practice",2022-11-20 18:49:00+00:00,True,True
Daniel Jones,daniel jones,2021,13,NYG,QB,Out,2021-12-03T19:11:20Z,5,5,https://www.nbcsports.com/nfl/profootballtalk/rumor-mill/news/daniel-jones-has-neck-strain-giants-sign-jake-fromm-off-bills-practice-squad | https://www.nbcsports.com/nfl/profootballtalk/rumor-mill/news/kyle-rudolph-ruled-out-with-ankle-injury-for-giants | https://www.nbcsports.com/nfl/profootballtalk/rumor-mill/news/daniel-jones-limited-in-wednesdays-practice | https://www.nbcsports.com/nfl/profootballtalk/rumor-mill/news/giants-expect-daniel-jones-to-practice-not-ruling-him-out-for-sunday | https://www.nbcsports.com/nfl/profootballtalk/rumor-mill/news/giants-expect-mike-glennon-to-start-sunday-as-daniel-jones-recovers-from-neck-injury,"Daniel Jones has neck strain, Giants sign Jake Fromm off Bills’ practice squad | Kyle Rudolph ruled out with ankle injury for Giants | Daniel Jones limited in Wednesday’s practice",2021-11-23 03:38:00+00:00,True,True
Amik Robertson,amik robertson,2021,10,LV,CB,Doubtful,2021-11-12T20:49:11Z,1,1,https://www.nbcsports.com/nfl/profootballtalk/rumor-mill/news/nfl-week-nine-early-inactives-james-robinson-out-for-jaguars,NFL Week Nine early inactives: James Robinson out for Jaguars,2021-11-07 16:38:00+00:00,True,True
Avonte Maddox,avonte maddox,2022,4,PHI,CB,Out,2022-09-30T19:07:57Z,0,0,,,,False,False
Curtis Samuel,curtis samuel,2021,10,WAS,WR,Out,2021-11-12T19:09:51Z,2,2,https://www.nbcsports.com/nfl/profootballtalk/rumor-mill/news/von-miller-out-for-broncos-brandon-scherff-out-for-washington-on-sunday | https://www.nbcsports.com/nfl/profootballtalk/rumor-mill/news/nfl-week-eight-injury-report-roundup-rob-gronkowski-richard-sherman-questionable-for-bucs,"Von Miller out for Broncos, Brandon Scherff out for Washington on Sunday | NFL Week Eight injury report roundup: Rob Gronkowski, Richard Sherman questionable for Bucs",2021-10-29 17:48:59+00:00,True,True
Greg Newsome,greg newsome,2022,12,CLE,CB,Out,2022-11-25T19:45:38Z,4,4,https://www.nbcsports.com/nfl/profootballtalk/rumor-mill/news/david-njoku-greg-newsome-questionable-for-sunday | https://www.nbcsports.com/nfl/profootballtalk/rumor-mill/news/greg-newsome-ruled-out-with-concussion | https://www.nbcsports.com/nfl/profootballtalk/rumor-mill/news/nfl-2022-week-11-early-inactives-lamar-jackson-is-officially-active | https://www.nbcsports.com/nfl/profootballtalk/rumor-mill/news/nfl-2022-week-11-injury-report-roundup-christian-barmore-out-for-patriots,"David Njoku, Greg Newsome questionable for Sunday | Greg Newsome ruled out with concussion | NFL 2022 Week 11 early inactives: Lamar Jackson is officially active",2022-11-18 18:06:00+00:00,True,True
James Wiggins,james wiggins,2021,10,ARI,S,Out,2021-11-12T20:11:02Z,5,5,https://www.nbcsports.com/nfl/profootballtalk/rumor-mill/news/cardinals-practice-report-remains-mostly-unchanged-kyler-murray-deandre-hopkins-still-dnp | https://www.nbcsports.com/nfl/profootballtalk/rumor-mill/news/kyler-murray-deandre-hopkins-questionable-vs-49ers | https://www.nbcsports.com/nfl/profootballtalk/rumor-mill/news/kyler-murray-not-practicing-on-thursday | https://www.nbcsports.com/nfl/profootballtalk/rumor-mill/news/kyler-murray-remains-out-of-practice | https://www.nbcsports.com/nfl/profootballtalk/rumor-mill/news/nfl-week-nine-injury-report-roundup-jalen-ramsey-von-miller-a-j-brown-questionable-for-sunday-night,"Cardinals’ practice report remains mostly unchanged: Kyler Murray, DeAndre Hopkins still DNP | Kyler Murray, DeAndre Hopkins questionable vs. 49ers | Kyler Murray not practicing on Thursday",2021-11-04 16:34:00+00:00,True,True
Saquon Barkley,saquon barkley,2021,7,NYG,RB,Out,2021-10-22T17:33:00Z,14,14,https://www.nbcsports.com/nfl/profootballtalk/rumor-mill/news/daniel-jones-good-to-go-saquon-barkley-and-kenny-golladay-out-for-giants-vs-rams | https://www.nbcsports.com/nfl/profootballtalk/rumor-mill/news/daniel-jones-wont-practice-wednesday-on-track-in-concussion-recovery | https://www.nbcsports.com/nfl/profootballtalk/rumor-mill/news/daniel-jones-has-limited-practice | https://www.nbcsports.com/nfl/profootballtalk/rumor-mill/news/giants-rule-out-kenny-golladay-with-a-knee-injury | https://www.nbcsports.com/nfl/profootballtalk/rumor-mill/news/kadarius-toney-has-an-ankle-injury,"Daniel Jones good to go, Saquon Barkley and Kenny Golladay out for Giants vs. Rams | Daniel Jones won’t practice Wednesday, “on track” in concussion recovery | Daniel Jones has limited practice",2021-10-10 17:06:46+00:00,True,True
Brandon Linder,brandon linder,2021,14,JAX,C,Out,2021-12-10T17:52:23Z,0,0,,,,False,False
Matthew Adams,matthew adams,2022,3,CHI,LB,Out,2022-09-23T20:57:41Z,0,0,,,,False,False
Danny Amendola,danny amendola,2021,3,HOU,WR,Out,2021-09-22T19:40:33Z,2,2,https://www.nbcsports.com/nfl/profootballtalk/rumor-mill/news/danny-amendola-is-not-expected-to-play-thursday | https://www.nbcsports.com/nfl/profootballtalk/rumor-mill/news/tyrod-taylor-out-with-hamstring-injury,Danny Amendola is not expected to play Thursday | Tyrod Taylor out with hamstring injury,2021-09-19 14:45:26+00:00,True,True
Chad Muma,chad muma,2022,14,JAX,LB,Out,2022-12-09T19:14:07Z,0,0,,,,False,False
Cedric Ogbuehi,cedric ogbuehi,2021,6,SEA,T,Out,2021-10-15T19:50:08Z,0,0,,,,False,False
Chauncey Gardner-Johnson,chauncey gardnerjohnson,2022,13,PHI,S,Out,2022-12-02T20:26:50Z,0,0,,,,False,False
P.J. Williams,pj williams,2021,18,NO,CB,Out,2022-01-07T20:14:03Z,1,1,https://www.nbcsports.com/nfl/profootballtalk/rumor-mill/news/ryan-ramczyk-returns-to-practice-but-terron-armstead-marcus-davenport-sit-out,"Ryan Ramczyk returns to practice, but Terron Armstead, Marcus Davenport sit out",2022-01-06 00:31:00+00:00,True,True
Keisean Nixon,keisean nixon,2021,10,LV,CB,Doubtful,2021-11-12T20:49:01Z,0,0,,,,False,False
Xavier Rhodes,xavier rhodes,2021,1,IND,CB,Out,2021-09-10T19:50:23Z,1,1,https://www.nbcsports.com/nfl/profootballtalk/rumor-mill/news/quenton-nelson-returns-to-practice-carson-wentz-remains-a-full-participant,Quenton Nelson returns to practice; Carson Wentz remains a full participant,2021-09-09 16:34:20+00:00,True,True
James Conner,james conner,2022,6,ARI,RB,Out,2022-10-14T19:54:40Z,1,1,https://www.nbcsports.com/nfl/profootballtalk/rumor-mill/news/cardinals-signing-tyson-williams-to-practice-squad-with-several-backs-injured,Cardinals sign Ty’Son Williams to practice squad with several backs injured,2022-10-12 15:30:00+00:00,True,True
Andy Dalton,andy dalton,2021,16,CHI,QB,Out,2021-12-24T20:34:42Z,4,4,https://www.nbcsports.com/nfl/profootballtalk/rumor-mill/news/bears-activate-andy-dalton-off-covid-19-list | https://www.nbcsports.com/nfl/profootballtalk/rumor-mill/news/david-montgomery-returns-after-missing-wednesdays-practice | https://www.nbcsports.com/nfl/profootballtalk/rumor-mill/news/nfl-week-14-injury-report-roundup-joe-mixon-questionable-for-the-bengals | https://www.nbcsports.com/nfl/profootballtalk/rumor-mill/news/no-injury-designations-for-david-montgomery-allen-robinson,Bears activate Andy Dalton off COVID-19 list | David Montgomery returns after missing Wednesday’s practice | NFL Week 14 injury report roundup: Joe Mixon questionable for the Bengals,2021-12-09 22:18:00+00:00,True,True
Jamycal Hasty,jamycal hasty,2021,12,SF,RB,Out,2021-11-26T21:38:19Z,2,2,https://www.nbcsports.com/nfl/profootballtalk/rumor-mill/news/nfl-week-11-injury-report-roundup-tyron-smith-questionable-for-cowboys | https://www.nbcsports.com/nfl/profootballtalk/rumor-mill/news/nfl-week-11-early-inactives-allen-robinson-eddie-jackson-out-for-bears,"NFL Week 11 injury report roundup: Tyron Smith questionable for Cowboys | NFL Week 11 early inactives: Allen Robinson, Eddie Jackson out for Bears",2021-11-19 23:11:00+00:00,True,True
Jake Gervase,jake gervase,2022,16,LA,LB,Out,2022-12-23T20:37:05Z,1,1,https://www.nbcsports.com/nfl/profootballtalk/rumor-mill/news/ben-skowronek-brian-allen-are-out-for-the-year-with-calf-strains,"Ben Skowronek, Brian Allen are out for the season with calf strains",2022-12-21 00:41:00+00:00,True,True
Andrew Beck,andrew beck,2022,13,DEN,TE,Out,2022-12-02T20:48:22Z,3,3,https://www.nbcsports.com/nfl/profootballtalk/rumor-mill/news/jerry-jeudy-ruled-out-for-week-11 | https://www.nbcsports.com/nfl/profootballtalk/rumor-mill/news/nfl-2022-week-11-injury-report-roundup-christian-barmore-out-for-patriots | https://www.nbcsports.com/nfl/profootballtalk/rumor-mill/news/nfl-2022-week-12-injury-report-roundup-cam-jordan-marshon-lattimore-questionable-for-saints,"Jerry Jeudy ruled out for Week 11 | NFL 2022 Week 11 injury report roundup: Christian Barmore out for Patriots | NFL 2022 Week 12 injury report roundup: Cam Jordan, Marshon Lattimore questionable for Saints",2022-11-18 21:15:00+00:00,True,True
Jonathan Ward,jonathan ward,2021,11,ARI,RB,Out,2021-11-19T20:38:04Z,7,7,https://www.nbcsports.com/nfl/profootballtalk/rumor-mill/news/cam-newton-active-kyler-murray-and-deandre-hopkins-inactive | https://www.nbcsports.com/nfl/profootballtalk/rumor-mill/news/cardinals-practice-report-remains-mostly-unchanged-kyler-murray-deandre-hopkins-still-dnp | https://www.nbcsports.com/nfl/profootballtalk/rumor-mill/news/kyler-murray-deandre-hopkins-questionable-vs-49ers | https://www.nbcsports.com/nfl/profootballtalk/rumor-mill/news/kyler-murray-remains-out-of-practice | https://www.nbcsports.com/nfl/profootballtalk/rumor-mill/news/kyler-murray-officially-limited-in-wednesdays-practice,"Cam Newton active, Kyler Murray and DeAndre Hopkins inactive | Cardinals’ practice report remains mostly unchanged: Kyler Murray, DeAndre Hopkins still DNP | Kyler Murray, DeAndre Hopkins questionable vs. 49ers",2021-11-05 20:42:00+00:00,True,True
Justin Houston,justin houston,2022,5,BAL,LB,Out,2022-10-07T19:05:11Z,5,5,https://www.nbcsports.com/nfl/profootballtalk/rumor-mill/news/j-k-dobbins-has-a-chest-injury-that-limited-him-wednesday | https://www.nbcsports.com/nfl/profootballtalk/rumor-mill/news/j-k-dobbins-is-expected-to-play-ronnie-stanley-questionable | https://www.nbcsports.com/nfl/profootballtalk/rumor-mill/news/j-k-dobbins-a-full-participant-in-thursdays-practice | https://www.nbcsports.com/nfl/profootballtalk/rumor-mill/news/nfl-week-4-injury-report-roundup-dalvin-cook-set-to-play-zadarius-smith-questionable | https://www.nbcsports.com/nfl/profootballtalk/rumor-mill/news/nfl-week-4-early-inactives-ronnie-stanley-out-again,"J.K. Dobbins has a chest injury that limited him Wednesday | J.K. Dobbins is expected to play, Ronnie Stanley questionable | J.K. Dobbins a full participant in Thursday’s practice",2022-09-28 21:46:00+00:00,True,True
K.J. Hamler,kj hamler,2022,13,DEN,WR,Out,2022-12-02T20:48:27Z,4,4,https://www.nbcsports.com/nfl/profootballtalk/rumor-mill/news/jerry-jeudy-ruled-out-for-week-11 | https://www.nbcsports.com/nfl/profootballtalk/rumor-mill/news/nfl-2022-week-11-injury-report-roundup-christian-barmore-out-for-patriots | https://www.nbcsports.com/nfl/profootballtalk/rumor-mill/news/nfl-2022-week-12-injury-report-roundup-cam-jordan-marshon-lattimore-questionable-for-saints | https://www.nbcsports.com/nfl/profootballtalk/rumor-mill/news/kj-hamler-suffered-a-setback-in-his-recovery-from-his-hamstring-injury,"Jerry Jeudy ruled out for Week 11 | NFL 2022 Week 11 injury report roundup: Christian Barmore out for Patriots | NFL 2022 Week 12 injury report roundup: Cam Jordan, Marshon Lattimore questionable for Saints",2022-11-18 21:15:00+00:00,True,True
Javon Kinlaw,javon kinlaw,2021,1,SF,DT,Doubtful,2021-09-10T20:25:26Z,1,1,https://www.nbcsports.com/nfl/profootballtalk/rumor-mill/news/trey-lance-sheds-splint-but-still-limited-in-practice,Trey Lance sheds splint but still limited in practice,2021-09-09 18:46:32+00:00,True,True
Akiem Hicks,akiem hicks,2021,11,CHI,DT,Out,2021-11-19T20:21:17Z,2,2,https://www.nbcsports.com/nfl/profootballtalk/rumor-mill/news/allen-robinson-remains-out-of-practice-eddie-jackson-back-on-the-field | https://www.nbcsports.com/nfl/profootballtalk/rumor-mill/news/khalil-mack-allen-robinson-out-of-practice-for-bears,"Allen Robinson remains out of practice, Eddie Jackson back on the field | Khalil Mack, Allen Robinson out of practice for Bears",2021-11-17 22:09:00+00:00,True,True
Ronnie Stanley,ronnie stanley,2021,4,BAL,T,Out,2021-10-01T19:59:20Z,8,8,https://www.nbcsports.com/nfl/profootballtalk/rumor-mill/news/lamar-jackson-misses-practice-with-back-injury | https://www.nbcsports.com/nfl/profootballtalk/rumor-mill/news/lamar-jackson-misses-thursday-practice-with-back-injury | https://www.nbcsports.com/nfl/profootballtalk/rumor-mill/news/nfl-week-three-early-inactives-joey-bosa-set-to-play-for-chargers | https://www.nbcsports.com/nfl/profootballtalk/rumor-mill/news/nfl-week-two-injury-report-roundup-a-lot-of-question-marks-for-the-ravens | https://www.nbcsports.com/nfl/profootballtalk/rumor-mill/news/ravens-list-lamar-jackson-as-questionable-3,Lamar Jackson misses practice with back injury | Lamar Jackson misses Thursday practice with back injury | NFL Week Three early inactives: Joey Bosa set to play for Chargers,2021-09-17 18:31:07+00:00,True,True
Maliek Collins,maliek collins,2022,9,HOU,DT,Out,2022-11-02T20:31:33Z,4,4,https://www.nbcsports.com/nfl/profootballtalk/rumor-mill/news/brandin-cooks-questionable-after-a-full-practice-friday | https://www.nbcsports.com/nfl/profootballtalk/rumor-mill/news/maliek-collins-nico-collins-remain-out-of-practice | https://www.nbcsports.com/nfl/profootballtalk/rumor-mill/news/nfl-2022-week-8-injury-report-roundup-marshon-lattimore-out-for-saints | https://www.nbcsports.com/nfl/profootballtalk/rumor-mill/news/nico-collins-a-j-cann-maliek-collins-ruled-out-for-texans,"Brandin Cooks questionable after a full practice Friday | Maliek Collins, Nico Collins remain out of practice | NFL 2022 Week 8 injury report roundup: Marshon Lattimore out for Saints",2022-10-28 20:45:00+00:00,True,True
Marshon Lattimore,marshon lattimore,2022,8,NO,CB,Out,2022-10-28T19:18:04Z,11,11,https://www.nbcsports.com/nfl/profootballtalk/rumor-mill/news/andy-dalton-jameis-winston-remain-limited-in-tuesdays-practice | https://www.nbcsports.com/nfl/profootballtalk/rumor-mill/news/andy-dalton-jameis-winston-would-have-been-limited-in-practice-monday | https://www.nbcsports.com/nfl/profootballtalk/rumor-mill/news/jamie-winston-still-limited-michael-thomas-jarvis-landry-remain-out | https://www.nbcsports.com/nfl/profootballtalk/rumor-mill/news/jarvis-landry-michael-thomas-remain-out-of-saints-practice | https://www.nbcsports.com/nfl/profootballtalk/rumor-mill/news/nfl-week-6-early-inactives-nick-bosa-out-for-49ers,"Andy Dalton, Jameis Winston remain limited in Tuesday’s practice | Andy Dalton, Jameis Winston would have been limited in practice Monday | Jameis Winston still limited; Michael Thomas, Jarvis Landry remain out",2022-10-13 21:16:00+00:00,True,True
De'Vondre Campbell,devondre campbell,2022,9,GB,LB,Out,2022-11-04T19:59:14Z,0,0,,,,False,False
J.D. McKissic,jd mckissic,2022,10,WAS,RB,Out,2022-11-12T17:55:16Z,2,2,https://www.nbcsports.com/nfl/profootballtalk/rumor-mill/news/nfl-2022-week-9-early-inactives-allen-lazard-christian-watson-active-for-packers | https://www.nbcsports.com/nfl/profootballtalk/rumor-mill/news/nfl-2022-week-9-injury-report-roundup-james-conner-budda-baker-questionable-for-cardinals,"NFL 2022 Week 9 early inactives: Allen Lazard, Christian Watson active for Packers | NFL 2022 Week 9 injury report roundup: James Conner, Budda Baker questionable for Cardinals",2022-11-04 22:02:00+00:00,True,True
Harrison Butker,harrison butker,2022,3,KC,K,Out,2022-09-23T18:58:29Z,7,7,https://www.nbcsports.com/nfl/profootballtalk/rumor-mill/news/andy-reid-blames-loose-turf-in-arizona-for-injuries-to-trent-mcduffie-harrison-butker | https://www.nbcsports.com/nfl/profootballtalk/rumor-mill/news/cardinals-respond-to-claim-of-chiefs-injuries-due-to-loose-turf-at-state-farm-stadium | https://www.nbcsports.com/nfl/profootballtalk/rumor-mill/news/chiefs-place-trent-mcduffie-on-injured-reserve | https://www.nbcsports.com/nfl/profootballtalk/rumor-mill/news/chiefs-rule-harrison-butker-out-for-thursday-night | https://www.nbcsports.com/nfl/profootballtalk/rumor-mill/news/harrison-butker-did-not-practice-tuesday,"Andy Reid blames loose turf in Arizona for injuries to Trent McDuffie, Harrison Butker | Cardinals respond to claim of Chiefs injuries due to loose turf at State Farm Stadium | Chiefs place Trent McDuffie on injured reserve",2022-09-12 01:02:00+00:00,True,True
B.J. Finney,bj finney,2021,14,PIT,C,Out,2021-12-08T18:24:07Z,0,0,,,,False,False
Kaden Smith,kaden smith,2021,13,NYG,TE,Out,2021-12-03T19:11:49Z,7,7,https://www.nbcsports.com/nfl/profootballtalk/rumor-mill/news/kyle-rudolph-ruled-out-with-ankle-injury-for-giants | https://www.nbcsports.com/nfl/profootballtalk/rumor-mill/news/nfl-week-12-early-inactives-darius-leonard-vita-vea-will-play | https://www.nbcsports.com/nfl/profootballtalk/rumor-mill/news/nfl-week-12-injury-report-roundup-darius-leonard-quenton-nelson-questionable-for-colts | https://www.nbcsports.com/nfl/profootballtalk/rumor-mill/news/saquon-barkley-questionable-vs-buccaneers-on-monday-night | https://www.nbcsports.com/nfl/profootballtalk/rumor-mill/news/saquon-barkley-remains-limited-in-practice-but-hopes-to-return-this-week,"Kyle Rudolph ruled out with ankle injury for Giants | NFL Week 12 early inactives: Darius Leonard, Vita Vea will play | NFL Week 12 injury report roundup: Darius Leonard, Quenton Nelson questionable for Colts",2021-11-20 02:12:00+00:00,True,True
Andy Isabella,andy isabella,2022,2,ARI,WR,Out,2022-09-16T20:04:13Z,2,2,https://www.nbcsports.com/nfl/profootballtalk/rumor-mill/news/j-j-watt-rondale-moore-remain-out-of-cardinals-practice | https://www.nbcsports.com/nfl/profootballtalk/rumor-mill/news/rondale-moore-out-j-j-watt-questionable-for-cardinals,"J.J. Watt, Rondale Moore remain out of Cardinals practice | Rondale Moore out, J.J. Watt questionable for Cardinals",2022-09-09 20:36:00+00:00,True,True
Daniel Bellinger,daniel bellinger,2022,12,NYG,TE,Out,2022-11-23T21:52:35Z,7,7,https://www.nbcsports.com/nfl/profootballtalk/rumor-mill/news/evan-neal-doubtful-for-sunday-kenny-golladay-questionable | https://www.nbcsports.com/nfl/profootballtalk/rumor-mill/news/giants-add-shane-lemieux-andrew-thomas-to-practice-report | https://www.nbcsports.com/nfl/profootballtalk/rumor-mill/news/kenny-golladay-questionable-evan-neal-out-for-giants | https://www.nbcsports.com/nfl/profootballtalk/rumor-mill/news/nfl-2022-week-10-early-inactives-josh-allen-ryan-tannehill-officially-active | https://www.nbcsports.com/nfl/profootballtalk/rumor-mill/news/nfl-2022-week-11-early-inactives-lamar-jackson-is-officially-active,"Evan Neal doubtful for Sunday; Kenny Golladay questionable | Giants add Shane Lemieux, Andrew Thomas to practice report | Kenny Golladay questionable, Evan Neal out for Giants",2022-11-11 18:03:19+00:00,True,True
Corey Linsley,corey linsley,2022,3,LAC,C,Doubtful,2022-09-23T20:05:24Z,1,1,https://www.nbcsports.com/nfl/profootballtalk/rumor-mill/news/justin-herbert-keenan-allen-officially-listed-as-limited-in-wednesdays-practice,"Justin Herbert, Keenan Allen officially listed as limited in Wednesday’s practice",2022-09-21 22:43:00+00:00,True,True
Dwayne Washington,dwayne washington,2021,8,NO,RB,Out,2021-10-29T19:53:51Z,2,2,https://www.nbcsports.com/nfl/profootballtalk/rumor-mill/news/monday-night-football-taysom-hill-deonte-harris-out-for-saints-darrell-taylor-inactive-for-seahawks | https://www.nbcsports.com/nfl/profootballtalk/rumor-mill/news/saints-have-designated-seven-players-to-return-from-injured-reserve-this-week,"Monday Night Football: Taysom Hill, Deonte Harris out for Saints; Darrell Taylor inactive for Seahawks | Saints have designated seven players to return from injured reserve this week",2021-10-21 21:01:00+00:00,True,True
Deshaun Watson,deshaun watson,2021,5,HOU,QB,Out,2021-10-08T19:50:54Z,4,4,https://www.nbcsports.com/nfl/profootballtalk/rumor-mill/news/dolphins-put-tua-tagovailoa-on-injured-reserve | https://www.nbcsports.com/nfl/profootballtalk/rumor-mill/news/nfl-week-four-early-inactives-andy-dalton-officially-out-again-for-bears | https://www.nbcsports.com/nfl/profootballtalk/rumor-mill/news/nfl-week-four-injury-report-roundup-bears-taking-qb-call-into-the-weekend | https://www.nbcsports.com/nfl/profootballtalk/rumor-mill/news/texans-activate-zach-cunningham-from-covid-19-list,Dolphins put Tua Tagovailoa on injured reserve | NFL Week Four early inactives: Andy Dalton officially out again for Bears | NFL Week Four injury report roundup: Bears taking QB call into the weekend,2021-09-25 15:27:04+00:00,True,True
Antoine Winfield,antoine winfield,2022,14,TB,S,Doubtful,2022-12-09T17:55:56Z,2,2,https://www.nbcsports.com/nfl/profootballtalk/rumor-mill/news/todd-bowles-tristan-wirfs-week-to-week-with-high-ankle-sprain | https://www.nbcsports.com/nfl/profootballtalk/rumor-mill/news/leonard-fournette-returns-to-a-full-practice-thursday,Todd Bowles: Tristan Wirfs week-to-week with high ankle sprain | Leonard Fournette returns to a full practice Thursday,2022-11-28 18:05:00+00:00,True,True
Chukwuma Okorafor,chukwuma okorafor,2021,4,PIT,T,Out,2021-10-01T18:14:13Z,1,1,https://www.nbcsports.com/nfl/profootballtalk/rumor-mill/news/juju-smith-schuster-out-with-ribs-injury,JuJu Smith-Schuster out with ribs injury,2021-09-26 15:37:03+00:00,True,True
Shemar Jean-Charles,shemar jeancharles,2022,10,GB,CB,Out,2022-11-11T20:51:42Z,7,7,https://www.nbcsports.com/nfl/profootballtalk/rumor-mill/news/allen-lazard-out-christian-watson-questionable-sammy-watkins-set-to-play | https://www.nbcsports.com/nfl/profootballtalk/rumor-mill/news/nfl-2022-week-8-injury-report-roundup-marshon-lattimore-out-for-saints | https://www.nbcsports.com/nfl/profootballtalk/rumor-mill/news/aaron-rodgers-doesnt-practice-wednesday-aaron-jones-limited | https://www.nbcsports.com/nfl/profootballtalk/rumor-mill/news/aaron-rodgers-was-a-limited-participant-in-thursdays-practice | https://www.nbcsports.com/nfl/profootballtalk/rumor-mill/news/devondre-campbell-ruled-out-aaron-rodgers-exits-report,"Allen Lazard out, Christian Watson questionable, Sammy Watkins set to play | NFL 2022 Week 8 injury report roundup: Marshon Lattimore out for Saints | Aaron Rodgers doesn’t practice Wednesday, Aaron Jones limited",2022-10-28 20:13:00+00:00,True,True
Zach Wilson,zach wilson,2021,9,NYJ,QB,Out,2021-11-03T18:54:27Z,9,9,https://www.nbcsports.com/nfl/profootballtalk/rumor-mill/news/c-j-mosley-questionable-corey-davis-doubtful-for-jets | https://www.nbcsports.com/nfl/profootballtalk/rumor-mill/news/jets-add-corey-davis-to-injury-report-c-j-mosley-still-limited | https://www.nbcsports.com/nfl/profootballtalk/rumor-mill/news/nfl-week-eight-early-inactives-jadeveon-clowney-odell-beckham-will-play-for-browns | https://www.nbcsports.com/nfl/profootballtalk/rumor-mill/news/report-jamien-sherwood-out-for-the-season-with-torn-achilles | https://www.nbcsports.com/nfl/profootballtalk/rumor-mill/news/zach-wilson-thinks-he-has-a-pcl-injury-says-knee-feels-loose,"C.J. Mosley questionable, Corey Davis doubtful for Jets | Jets add Corey Davis to injury report, C.J. Mosley still limited | NFL Week Eight early inactives: Jadeveon Clowney, Odell Beckham will play for Browns",2021-10-24 14:57:20+00:00,True,True
Derek Stingley,derek stingley,2022,14,HOU,CB,Out,2022-12-09T21:37:17Z,4,4,https://www.nbcsports.com/nfl/profootballtalk/rumor-mill/news/nfl-2022-week-12-injury-report-roundup-cam-jordan-marshon-lattimore-questionable-for-saints | https://www.nbcsports.com/nfl/profootballtalk/rumor-mill/news/nfl-2022-week-13-injury-report-roundup-josh-jacobs-questionable-for-the-raiders | https://www.nbcsports.com/nfl/profootballtalk/rumor-mill/news/nfl-2022-week-13-early-inactives-t-j-watt-is-active-for-steelers | https://www.nbcsports.com/nfl/profootballtalk/rumor-mill/news/texans-ruled-out-brandin-cooks-with-calf-injury,"NFL 2022 Week 12 injury report roundup: Cam Jordan, Marshon Lattimore questionable for Saints | NFL 2022 Week 13 injury report roundup: Josh Jacobs questionable for the Raiders | NFL 2022 Week 13 early inactives: T.J. Watt is active for Steelers",2022-11-25 22:51:00+00:00,True,True
Ahkello Witherspoon,ahkello witherspoon,2022,12,PIT,CB,Out,2022-11-26T19:06:58Z,4,4,https://www.nbcsports.com/nfl/profootballtalk/rumor-mill/news/minkah-fitzpatrick-a-full-participant-in-thursdays-practice | https://www.nbcsports.com/nfl/profootballtalk/rumor-mill/news/minkah-fitzpatrick-off-injury-report-set-to-play-sunday | https://www.nbcsports.com/nfl/profootballtalk/rumor-mill/news/nfl-2022-week-10-early-inactives-josh-allen-ryan-tannehill-officially-active | https://www.nbcsports.com/nfl/profootballtalk/rumor-mill/news/nfl-2022-week-11-injury-report-roundup-christian-barmore-out-for-patriots,"Minkah Fitzpatrick a full participant in Thursday’s practice | Minkah Fitzpatrick off injury report, set to play Sunday | NFL 2022 Week 10 early inactives: Josh Allen, Ryan Tannehill officially active",2022-11-13 16:33:00+00:00,True,True
James O'Shaughnessy,james oshaughnessy,2021,18,JAX,TE,Out,2022-01-07T19:26:27Z,3,3,https://www.nbcsports.com/nfl/profootballtalk/rumor-mill/news/nfl-week-17-injury-report-roundup-lamar-jackson-questionable-again-this-week | https://www.nbcsports.com/nfl/profootballtalk/rumor-mill/news/nfl-week-17-early-inactives-lamar-jackson-officially-out-marquise-brown-active | https://www.nbcsports.com/nfl/profootballtalk/rumor-mill/news/jaguars-add-shaquil-griffin-to-covid-reserve,"NFL Week 17 injury report roundup: Lamar Jackson questionable again this week | NFL Week 17 early inactives: Lamar Jackson officially out, Marquise Brown active | Jaguars add Shaquil Griffin to COVID reserve",2021-12-31 21:17:00+00:00,True,True
Marquise Goodwin,marquise goodwin,2022,17,SEA,WR,Doubtful,2022-12-30T22:18:41Z,3,3,https://www.nbcsports.com/nfl/profootballtalk/rumor-mill/news/ken-walker-misses-another-practice | https://www.nbcsports.com/nfl/profootballtalk/rumor-mill/news/ken-walker-deejay-dallas-questionable-for-seahawks | https://www.nbcsports.com/nfl/profootballtalk/rumor-mill/news/nfl-2022-week-16-injury-report-roundup-bradley-chubb-jaelan-phillips-questionable,"Ken Walker misses another practice | Ken Walker, DeeJay Dallas questionable for Seahawks | NFL 2022 Week 16 injury report roundup: Bradley Chubb, Jaelan Phillips questionable",2022-12-22 03:27:00+00:00,True,True
Kenny Young,kenny young,2021,15,DEN,LB,Doubtful,2021-12-17T20:44:35Z,0,0,,,,False,False
Ty Nsekhe,ty nsekhe,2021,4,DAL,T,Out,2021-10-01T18:35:44Z,6,6,https://www.nbcsports.com/nfl/profootballtalk/rumor-mill/news/amari-cooper-returns-to-full-practice-friday | https://www.nbcsports.com/nfl/profootballtalk/rumor-mill/news/amari-cooper-will-be-limited-in-thursdays-practice | https://www.nbcsports.com/nfl/profootballtalk/rumor-mill/news/cowboys-add-randy-gregory-to-practice-report-with-knee-injury | https://www.nbcsports.com/nfl/profootballtalk/rumor-mill/news/nfl-week-two-injury-report-roundup-a-lot-of-question-marks-for-the-ravens | https://www.nbcsports.com/nfl/profootballtalk/rumor-mill/news/no-surprise-inactives-for-cowboys-chargers,Amari Cooper returns to full practice Friday | Amari Cooper will be limited in Thursday’s practice | Cowboys add Randy Gregory to practice report with knee injury,2021-09-17 12:17:17+00:00,True,True
Tremaine Edmunds,tremaine edmunds,2021,10,BUF,LB,Out,2021-11-12T19:21:21Z,0,0,,,,False,False
Jason Pinnock,jason pinnock,2022,2,NYG,CB,Out,2022-09-16T18:31:43Z,0,0,,,,False,False
Donovan Smith,donovan smith,2022,18,TB,T,Out,2023-01-06T18:38:12Z,7,7,https://www.nbcsports.com/nfl/profootballtalk/rumor-mill/news/bucs-place-josh-wells-on-ir-sign-j-j-russell-from-practice-squad | https://www.nbcsports.com/nfl/profootballtalk/rumor-mill/news/carlton-davis-misses-second-straight-practice | https://www.nbcsports.com/nfl/profootballtalk/rumor-mill/news/carlton-davis-doubtful-vita-vea-and-julio-jones-questionable-for-buccaneers | https://www.nbcsports.com/nfl/profootballtalk/rumor-mill/news/donovan-smith-vita-vea-jamel-dean-out-for-bucs-sunday | https://www.nbcsports.com/nfl/profootballtalk/rumor-mill/news/josh-wells-to-miss-rest-of-bucs-season-with-torn-patellar-tendon,"Bucs place Josh Wells on IR, sign J.J. Russell from practice squad | Carlton Davis misses second straight practice | Carlton Davis doubtful, Vita Vea and Julio Jones questionable for Buccaneers",2022-12-23 17:47:00+00:00,True,True
Colt McCoy,colt mccoy,2022,18,ARI,QB,Out,2023-01-06T21:00:16Z,5,5,https://www.nbcsports.com/nfl/profootballtalk/rumor-mill/news/cardinals-add-hollywood-brown-to-practice-report-with-a-groin-injury | https://www.nbcsports.com/nfl/profootballtalk/rumor-mill/news/colt-mccoy-clears-concussion-protocol-likely-will-start-for-cardinals-on-sunday | https://www.nbcsports.com/nfl/profootballtalk/rumor-mill/news/david-blough-will-start-for-cardinals-after-colt-mccoy-experiences-concussion-symptoms | https://www.nbcsports.com/nfl/profootballtalk/rumor-mill/news/nfl-2022-week-16-injury-report-roundup-bradley-chubb-jaelan-phillips-questionable | https://www.nbcsports.com/nfl/profootballtalk/rumor-mill/news/nfl-2022-week-17-injury-report-roundup-azeel-ojulari-questionable-adoree-jackson-doubtful-for-giants,"Cardinals add Hollywood Brown to practice report with a groin injury | Colt McCoy clears concussion protocol, likely will start for Cardinals on Sunday | David Blough will start for Cardinals after Colt McCoy experiences concussion symptoms",2022-12-22 22:00:00+00:00,True,True
Khalen Saunders,khalen saunders,2021,8,KC,DT,Out,2021-10-30T19:51:30Z,0,0,,,,False,False
Brandin Echols,brandin echols,2022,16,NYJ,CB,Out,2022-12-21T21:02:25Z,4,4,https://www.nbcsports.com/nfl/profootballtalk/rumor-mill/news/jets-estimate-mike-white-quinnen-williams-as-limited-monday | https://www.nbcsports.com/nfl/profootballtalk/rumor-mill/news/nfl-2022-week-15-injury-report-roundup-jakobi-meyers-rhamondre-stevenson-questionable-for-pats | https://www.nbcsports.com/nfl/profootballtalk/rumor-mill/news/nfl-2022-week-15-early-inactives-chris-jones-active-for-chiefs | https://www.nbcsports.com/nfl/profootballtalk/rumor-mill/news/quinnen-williams-misses-second-straight-practice,"Jets estimate Mike White, Quinnen Williams as limited Monday | NFL 2022 Week 15 injury report roundup: Jakobi Meyers, Rhamondre Stevenson questionable for Pats | NFL 2022 Week 15 early inactives: Chris Jones active for Chiefs",2022-12-15 16:29:42+00:00,True,True
Jason Cabinda,jason cabinda,2021,17,DET,FB,Out,2021-12-31T20:59:18Z,0,0,,,,False,False
Max Garcia,max garcia,2022,5,ARI,G,Out,2022-10-07T20:05:59Z,0,0,,,,False,False
Erik McCoy,erik mccoy,2021,3,NO,C,Out,2021-09-24T19:39:21Z,4,4,https://www.nbcsports.com/nfl/profootballtalk/rumor-mill/news/marcus-davenport-kwon-alexander-are-among-eight-saints-who-missed-practice | https://www.nbcsports.com/nfl/profootballtalk/rumor-mill/news/marshon-lattimore-returns-to-practice-on-limited-basis | https://www.nbcsports.com/nfl/profootballtalk/rumor-mill/news/nfl-week-two-injury-report-roundup-a-lot-of-question-marks-for-the-ravens | https://www.nbcsports.com/nfl/profootballtalk/rumor-mill/news/week-two-early-inactives-no-jamison-crowder-denzel-mims-for-jets,"Marcus Davenport, Kwon Alexander among eight Saints who missed practice | Marshon Lattimore returns to practice on limited basis | NFL Week Two injury report roundup: A lot of question marks for the Ravens",2021-09-15 18:19:45+00:00,True,True
Darren Waller,darren waller,2021,13,LV,TE,Doubtful,2021-12-03T21:10:52Z,5,5,https://www.nbcsports.com/nfl/profootballtalk/rumor-mill/news/darren-waller-sidelined-as-raiders-take-17-6-lead | https://www.nbcsports.com/nfl/profootballtalk/rumor-mill/news/darren-waller-getting-mri-on-injured-knee | https://www.nbcsports.com/nfl/profootballtalk/rumor-mill/news/darren-waller-week-to-week-with-knee-injury | https://www.nbcsports.com/nfl/profootballtalk/rumor-mill/news/report-darren-waller-avoided-major-injury | https://www.nbcsports.com/nfl/profootballtalk/rumor-mill/news/darren-waller-out-of-raiders-practice-desean-jackson-limited,Darren Waller sidelined as Raiders take 17-6 lead | Darren Waller getting MRI on injured knee | Darren Waller week-to-week with knee injury,2021-11-25 22:43:00+00:00,True,True
Aaron Patrick,aaron patrick,2022,5,DEN,LB,Out,2022-10-05T19:34:26Z,2,2,https://www.nbcsports.com/nfl/profootballtalk/rumor-mill/news/d-j-jones-randy-gregory-sit-out-broncos-practice-melvin-gordon-is-limited | https://www.nbcsports.com/nfl/profootballtalk/rumor-mill/news/russell-wilson-has-a-right-shoulder-injury,"D.J. Jones, Randy Gregory sit out Broncos’ practice; Melvin Gordon is limited | Russell Wilson has a right shoulder injury",2022-09-28 23:57:00+00:00,True,True
Chester Rogers,chester rogers,2021,7,TEN,WR,Out,2021-10-22T19:37:47Z,4,4,https://www.nbcsports.com/nfl/profootballtalk/rumor-mill/news/a-j-brown-julio-jones-bud-dupree-full-participants-thursday | https://www.nbcsports.com/nfl/profootballtalk/rumor-mill/news/kristian-fulton-out-for-titans-on-monday-night | https://www.nbcsports.com/nfl/profootballtalk/rumor-mill/news/monday-night-football-inactives-a-j-epenesa-is-a-healthy-scratch | https://www.nbcsports.com/nfl/profootballtalk/rumor-mill/news/julio-jones-returns-to-limited-practice-a-j-brown-remains-out,"A.J. Brown, Julio Jones, Bud Dupree full participants Thursday | Kristian Fulton out for Titans on Monday night | Monday Night Football inactives: A.J. Epenesa is a healthy scratch",2021-10-14 16:36:42+00:00,True,True
Deshaun Watson,deshaun watson,2021,2,HOU,QB,Out,2021-09-17T19:54:15Z,4,4,https://www.nbcsports.com/nfl/profootballtalk/rumor-mill/news/another-day-another-deshaun-watson-dnp | https://www.nbcsports.com/nfl/profootballtalk/rumor-mill/news/nfl-week-one-early-inactives-emmanuel-sanders-set-for-bills-debut | https://www.nbcsports.com/nfl/profootballtalk/rumor-mill/news/nfl-week-one-injury-report-roundup-carson-wentz-set-for-colts-debut | https://www.nbcsports.com/nfl/profootballtalk/rumor-mill/news/texans-list-deshaun-watson-as-not-practicing-with-no-injury,"Another day, another Deshaun Watson DNP | NFL Week One early inactives: Emmanuel Sanders set for Bills debut | NFL Week One injury report roundup: Carson Wentz set for Colts debut",2021-09-08 16:36:36+00:00,True,True
Nicholas Petit-Frere,nicholas petitfrere,2022,17,TEN,T,Out,2022-12-28T20:57:51Z,3,3,https://www.nbcsports.com/nfl/profootballtalk/rumor-mill/news/bud-dupree-questionable-to-return-with-chest-injury | https://www.nbcsports.com/nfl/profootballtalk/rumor-mill/news/derrick-henry-jeffery-simmons-listed-as-out-of-practice-monday | https://www.nbcsports.com/nfl/profootballtalk/rumor-mill/news/nfl-2022-week-16-injury-report-roundup-bradley-chubb-jaelan-phillips-questionable,"Bud Dupree questionable to return with chest injury | Derrick Henry, Jeffery Simmons listed as out of practice Monday | NFL 2022 Week 16 injury report roundup: Bradley Chubb, Jaelan Phillips questionable",2022-12-23 22:13:00+00:00,True,True
Elgton Jenkins,elgton jenkins,2021,3,GB,G,Doubtful,2021-09-24T19:49:47Z,1,1,https://www.nbcsports.com/nfl/profootballtalk/rumor-mill/news/packers-will-give-elgton-jenkins-the-full-week-to-see-if-he-can-play-on-injured-ankle,Packers will give Elgton Jenkins the full week to see if he can play on injured ankle,2021-09-23 12:12:37+00:00,True,True
Cody Whitehair,cody whitehair,2022,16,CHI,G,Doubtful,2022-12-22T18:35:32Z,0,0,,,,False,False
David Montgomery,david montgomery,2021,5,CHI,RB,Out,2021-10-08T18:25:44Z,3,3,https://www.nbcsports.com/nfl/profootballtalk/rumor-mill/news/khalil-mack-akiem-hicks-did-not-practice-on-thursday | https://www.nbcsports.com/nfl/profootballtalk/rumor-mill/news/no-update-on-david-montgomerys-knee-after-bears-win | https://www.nbcsports.com/nfl/profootballtalk/rumor-mill/news/report-david-montgomery-is-expected-to-miss-4-5-weeks-with-knee-sprain,"Khalil Mack, Akiem Hicks did not practice on Thursday | No update on David Montgomery’s knee after Bears win | Report: David Montgomery is expected to miss 4-5 weeks with knee sprain",2021-10-03 17:11:44+00:00,True,True
Anthony Barr,anthony barr,2021,2,MIN,LB,Out,2021-09-17T16:53:09Z,4,4,https://www.nbcsports.com/nfl/profootballtalk/rumor-mill/news/anthony-barr-christian-darrisaw-out-for-sunday | https://www.nbcsports.com/nfl/profootballtalk/rumor-mill/news/anthony-barr-out-of-practice-after-limited-work-wednesday | https://www.nbcsports.com/nfl/profootballtalk/rumor-mill/news/nfl-week-one-early-inactives-emmanuel-sanders-set-for-bills-debut | https://www.nbcsports.com/nfl/profootballtalk/rumor-mill/news/nfl-week-one-injury-report-roundup-carson-wentz-set-for-colts-debut,"Anthony Barr, Christian Darrisaw out for Sunday | Anthony Barr out of practice after limited work Wednesday | NFL Week One early inactives: Emmanuel Sanders set for Bills debut",2021-09-09 16:59:49+00:00,True,True
Brandon King,brandon king,2021,8,NE,LB,Out,2021-10-29T19:02:02Z,2,2,https://www.nbcsports.com/nfl/profootballtalk/rumor-mill/news/jonathan-jones-out-donta-hightower-questionable-for-patriots | https://www.nbcsports.com/nfl/profootballtalk/rumor-mill/news/week-seven-injury-report-roundup-a-j-brown-tyrann-mathieu-set-to-play,"Jonathan Jones out, Dont’a Hightower questionable for Patriots | NFL Week Seven injury report roundup: A.J. Brown, Tyrann Mathieu set to play",2021-10-22 16:33:13+00:00,True,True
Eric Fisher,eric fisher,2022,17,MIA,T,Doubtful,2022-12-30T20:08:43Z,1,1,https://www.nbcsports.com/nfl/profootballtalk/rumor-mill/news/nfl-2022-week-16-injury-report-roundup-bradley-chubb-jaelan-phillips-questionable,"NFL 2022 Week 16 injury report roundup: Bradley Chubb, Jaelan Phillips questionable",2022-12-23 22:13:00+00:00,True,True
River Cracraft,river cracraft,2022,8,MIA,WR,Out,2022-10-30T08:01:22Z,0,0,,,,False,False
Chris Rumph,chris rumph,2022,9,LAC,LB,Out,2022-11-04T20:06:59Z,1,1,https://www.nbcsports.com/nfl/profootballtalk/rumor-mill/news/mike-williams-carted-to-locker-room-with-ankle-injury,Mike Williams carted to locker room with ankle injury,2022-10-23 23:38:00+00:00,True,True
