season_et,dp_et,kickoff,team,headline,url
2018,2018-09-23 12:38:49,2018-09-23 13:00:00,SF,49ers fear torn ACL for Jimmy Garoppolo,https://www.nbcsports.com/nfl/profootballtalk/rumor-mill/news/49ers-fear-torn-acl-for-jimmy-garoppolo
2018,2018-09-30 14:11:51,2018-09-30 16:25:00,SF,"49ers lose Joe Staley, Dante Pettis to injuries",https://www.nbcsports.com/nfl/profootballtalk/rumor-mill/news/49ers-lose-joe-staley-dante-pettis-to-injuries
2018,2018-09-09 05:14:40,2018-09-09 13:00:00,IND,Andrew Luck admits to long-rumored snowboarding injury,https://www.nbcsports.com/nfl/profootballtalk/rumor-mill/news/andrew-luck-admits-to-long-rumored-snowboarding-injury
2018,2018-09-23 11:31:42,2018-09-23 13:00:00,WAS,"Another week, another questionable roughing the passer call on Clay Matthews",https://www.nbcsports.com/nfl/profootballtalk/rumor-mill/news/another-week-another-questionable-roughing-the-passer-call-on-clay-matthews
2018,2018-09-30 09:27:29,2018-09-30 13:00:00,CIN,Bengals answer to tie Falcons as Vic Beasley injures ankle,https://www.nbcsports.com/nfl/profootballtalk/rumor-mill/news/bengals-answer-to-tie-falcons-as-vic-beasley-injures-ankle
2018,2018-09-23 11:07:29,2018-09-23 13:00:00,TEN,"Blaine Gabbert, Adoree Jackson out with concussions",https://www.nbcsports.com/nfl/profootballtalk/rumor-mill/news/blaine-gabbert-adoree-jackson-out-with-concussions
2018,2018-09-23 11:07:29,2018-09-23 13:00:00,TEN,"Blaine Gabbert, Adoree Jackson out with concussions",https://www.nbcsports.com/nfl/profootballtalk/rumor-mill/news/blaine-gabbert-adoree-jackson-out-with-concussions
2018,2018-09-23 11:07:29,2018-09-23 13:00:00,JAX,"Blaine Gabbert, Adoree Jackson out with concussions",https://www.nbcsports.com/nfl/profootballtalk/rumor-mill/news/blaine-gabbert-adoree-jackson-out-with-concussions
2018,2018-09-30 14:08:22,2018-09-30 16:05:00,OAK,"Donald Penn hurt, Browns keep making plays",https://www.nbcsports.com/nfl/profootballtalk/rumor-mill/news/donald-penn-hurt-browns-keep-making-plays
2018,2018-09-30 14:08:22,2018-09-30 16:05:00,CLE,"Donald Penn hurt, Browns keep making plays",https://www.nbcsports.com/nfl/profootballtalk/rumor-mill/news/donald-penn-hurt-browns-keep-making-plays
2018,2018-09-09 13:38:25,2018-09-09 16:25:00,CAR,Greg Olsen out with foot injury,https://www.nbcsports.com/nfl/profootballtalk/rumor-mill/news/greg-olsen-out-with-foot-injury
2018,2018-09-16 05:56:41,2018-09-16 16:25:00,NE,Jaguars add Calais Campbell to injury report,https://www.nbcsports.com/nfl/profootballtalk/rumor-mill/news/jaguars-add-calais-campbell-to-injury-report
2018,2018-09-30 03:46:18,2018-09-30 16:25:00,SF,"Keenan Allen, Matt Breida expected to play in L.A.",https://www.nbcsports.com/nfl/profootballtalk/rumor-mill/news/keenan-allen-matt-breida-expected-to-play-in-l-a
2018,2018-09-30 03:46:18,2018-09-30 16:25:00,SF,"Keenan Allen, Matt Breida expected to play in L.A.",https://www.nbcsports.com/nfl/profootballtalk/rumor-mill/news/keenan-allen-matt-breida-expected-to-play-in-l-a
2018,2018-09-30 02:27:31,2018-09-30 16:05:00,ARI,Larry Fitzgerald will keep playing through hamstring injury,https://www.nbcsports.com/nfl/profootballtalk/rumor-mill/news/larry-fitzgerald-will-keep-playing-through-hamstring-injury
2018,2018-09-30 02:27:31,2018-09-30 16:05:00,ARI,Larry Fitzgerald will keep playing through hamstring injury,https://www.nbcsports.com/nfl/profootballtalk/rumor-mill/news/larry-fitzgerald-will-keep-playing-through-hamstring-injury
2018,2018-09-09 10:00:12,2018-09-09 13:00:00,JAX,Leonard Fournette questionable to return with hamstring injury,https://www.nbcsports.com/nfl/profootballtalk/rumor-mill/news/leonard-fournette-questionable-to-return-with-hamstring-injury
2018,2018-09-16 06:34:05,2018-09-16 13:00:00,GB,Making sense of the Aaron Rodgers knee injury,https://www.nbcsports.com/nfl/profootballtalk/rumor-mill/news/making-sense-of-the-aaron-rodgers-knee-injury
2018,2018-09-09 10:07:48,2018-09-09 13:00:00,PIT,"Myles Garrett sacks Ben Roethlisberger, gets questionable roughing penalty",https://www.nbcsports.com/nfl/profootballtalk/rumor-mill/news/myles-garrett-sacks-ben-roethlisberger-gets-questionable-roughing-penalty
2018,2018-09-09 15:06:25,2018-09-09 20:20:00,GB,"Oren Burks, Trevor Davis inactive for Packers on Sunday night",https://www.nbcsports.com/nfl/profootballtalk/rumor-mill/news/oren-burks-trevor-davis-inactive-for-packers-on-sunday-night
2018,2018-09-16 14:24:35,2018-09-16 16:25:00,JAX,"Patrick Chung, Trey Flowers out with concussions",https://www.nbcsports.com/nfl/profootballtalk/rumor-mill/news/patrick-chung-trey-flowers-out-with-concussions
2018,2018-09-16 15:07:56,2018-09-16 20:20:00,DAL,"Randy Gregory, Olivier Vernon inactive for Cowboys-Giants",https://www.nbcsports.com/nfl/profootballtalk/rumor-mill/news/randy-gregory-olivier-vernon-inactive-for-cowboys-giants
2018,2018-09-16 15:07:56,2018-09-16 20:20:00,NYG,"Randy Gregory, Olivier Vernon inactive for Cowboys-Giants",https://www.nbcsports.com/nfl/profootballtalk/rumor-mill/news/randy-gregory-olivier-vernon-inactive-for-cowboys-giants
2018,2018-09-16 08:19:15,2018-09-16 13:00:00,GB,Report: Aaron Rodgers has a bone bruise and a ligament sprain,https://www.nbcsports.com/nfl/profootballtalk/rumor-mill/news/report-aaron-rodgers-has-a-bone-bruise-and-a-ligament-sprain
2018,2018-09-09 14:21:40,2018-09-09 16:25:00,SEA,Seahawks lose Doug Baldwin to knee injury,https://www.nbcsports.com/nfl/profootballtalk/rumor-mill/news/seahawks-lose-doug-baldwin-to-knee-injury
2018,2018-09-30 09:40:25,2018-09-30 13:00:00,DAL,T.J. Lang leaves with concussion as Cowboys lead 3-0,https://www.nbcsports.com/nfl/profootballtalk/rumor-mill/news/t-j-lang-out-with-a-concussion-as-cowboys-take-3-0-lead
2018,2018-09-30 10:50:56,2018-09-30 16:05:00,CLE,Tyrod Taylor inactive for the Browns,https://www.nbcsports.com/nfl/profootballtalk/rumor-mill/news/tyrod-taylor-inactive-for-the-browns
2018,2018-09-30 10:50:56,2018-09-30 16:05:00,CLE,Tyrod Taylor inactive for the Browns,https://www.nbcsports.com/nfl/profootballtalk/rumor-mill/news/tyrod-taylor-inactive-for-the-browns
2018,2018-09-30 10:50:56,2018-09-30 16:05:00,CLE,Tyrod Taylor inactive for the Browns,https://www.nbcsports.com/nfl/profootballtalk/rumor-mill/news/tyrod-taylor-inactive-for-the-browns
2018,2018-09-30 07:35:06,2018-09-30 13:00:00,MIA,Week Four early inactives,https://www.nbcsports.com/nfl/profootballtalk/rumor-mill/news/week-four-early-inactives-7
2018,2018-09-30 07:35:06,2018-09-30 13:00:00,MIA,Week Four early inactives,https://www.nbcsports.com/nfl/profootballtalk/rumor-mill/news/week-four-early-inactives-7
2018,2018-09-30 07:35:06,2018-09-30 13:00:00,PHI,Week Four early inactives,https://www.nbcsports.com/nfl/profootballtalk/rumor-mill/news/week-four-early-inactives-7
2018,2018-09-30 07:35:06,2018-09-30 13:00:00,TEN,Week Four early inactives,https://www.nbcsports.com/nfl/profootballtalk/rumor-mill/news/week-four-early-inactives-7
2018,2018-09-30 07:35:06,2018-09-30 13:00:00,DAL,Week Four early inactives,https://www.nbcsports.com/nfl/profootballtalk/rumor-mill/news/week-four-early-inactives-7
2018,2018-09-30 07:35:06,2018-09-30 13:00:00,GB,Week Four early inactives,https://www.nbcsports.com/nfl/profootballtalk/rumor-mill/news/week-four-early-inactives-7
2018,2018-09-09 07:32:12,2018-09-09 13:00:00,BAL,Week One early inactives,https://www.nbcsports.com/nfl/profootballtalk/rumor-mill/news/week-one-early-inactives-8
2018,2018-09-09 07:32:12,2018-09-09 13:00:00,PIT,Week One early inactives,https://www.nbcsports.com/nfl/profootballtalk/rumor-mill/news/week-one-early-inactives-8
2018,2018-09-09 07:32:12,2018-09-09 13:00:00,CLE,Week One early inactives,https://www.nbcsports.com/nfl/profootballtalk/rumor-mill/news/week-one-early-inactives-8
2018,2018-09-09 07:32:12,2018-09-09 13:00:00,MIA,Week One early inactives,https://www.nbcsports.com/nfl/profootballtalk/rumor-mill/news/week-one-early-inactives-8
2018,2018-09-09 07:32:12,2018-09-09 13:00:00,MIA,Week One early inactives,https://www.nbcsports.com/nfl/profootballtalk/rumor-mill/news/week-one-early-inactives-8
2018,2018-09-09 07:32:12,2018-09-09 13:00:00,MIN,Week One early inactives,https://www.nbcsports.com/nfl/profootballtalk/rumor-mill/news/week-one-early-inactives-8
2018,2018-09-09 07:32:12,2018-09-09 13:00:00,NYG,Week One early inactives,https://www.nbcsports.com/nfl/profootballtalk/rumor-mill/news/week-one-early-inactives-8
2018,2018-09-23 07:37:22,2018-09-23 13:00:00,DEN,Week Three early inactives,https://www.nbcsports.com/nfl/profootballtalk/rumor-mill/news/week-three-early-inactives-7
2018,2018-09-23 07:37:22,2018-09-23 13:00:00,BAL,Week Three early inactives,https://www.nbcsports.com/nfl/profootballtalk/rumor-mill/news/week-three-early-inactives-7
2018,2018-09-23 07:37:22,2018-09-23 13:00:00,MIA,Week Three early inactives,https://www.nbcsports.com/nfl/profootballtalk/rumor-mill/news/week-three-early-inactives-7
2018,2018-09-23 07:37:22,2018-09-23 13:00:00,MIA,Week Three early inactives,https://www.nbcsports.com/nfl/profootballtalk/rumor-mill/news/week-three-early-inactives-7
2018,2018-09-23 07:37:22,2018-09-23 13:00:00,MIN,Week Three early inactives,https://www.nbcsports.com/nfl/profootballtalk/rumor-mill/news/week-three-early-inactives-7
2018,2018-09-23 07:37:22,2018-09-23 13:00:00,PHI,Week Three early inactives,https://www.nbcsports.com/nfl/profootballtalk/rumor-mill/news/week-three-early-inactives-7
2018,2018-09-23 07:37:22,2018-09-23 13:00:00,GB,Week Three early inactives,https://www.nbcsports.com/nfl/profootballtalk/rumor-mill/news/week-three-early-inactives-7
2018,2018-09-16 07:32:06,2018-09-16 13:00:00,MIA,Week Two early inactives,https://www.nbcsports.com/nfl/profootballtalk/rumor-mill/news/week-two-early-inactives-9
2018,2018-09-16 07:32:06,2018-09-16 13:00:00,MIA,Week Two early inactives,https://www.nbcsports.com/nfl/profootballtalk/rumor-mill/news/week-two-early-inactives-9
2018,2018-09-16 07:32:06,2018-09-16 13:00:00,CLE,Week Two early inactives,https://www.nbcsports.com/nfl/profootballtalk/rumor-mill/news/week-two-early-inactives-9
2018,2018-09-16 07:32:06,2018-09-16 13:00:00,PIT,Week Two early inactives,https://www.nbcsports.com/nfl/profootballtalk/rumor-mill/news/week-two-early-inactives-9
2018,2018-09-16 07:32:06,2018-09-16 13:00:00,PHI,Week Two early inactives,https://www.nbcsports.com/nfl/profootballtalk/rumor-mill/news/week-two-early-inactives-9
2018,2018-09-16 07:32:06,2018-09-16 13:00:00,MIN,Week Two early inactives,https://www.nbcsports.com/nfl/profootballtalk/rumor-mill/news/week-two-early-inactives-9
2018,2018-10-21 10:43:20,2018-10-21 13:00:00,MIA,"Albert Wilson injured, Dolphins struggling",https://www.nbcsports.com/nfl/profootballtalk/rumor-mill/news/albert-wilson-injured-dolphins-struggling
2018,2018-10-14 13:39:01,2018-10-14 16:05:00,DEN,"Case Keenum cleared in concussion evaluation, Rams lead 13-3 at half",https://www.nbcsports.com/nfl/profootballtalk/rumor-mill/news/case-keenum-cleared-in-concussion-evaluation-rams-lead-13-3-at-half
2018,2018-10-14 13:39:01,2018-10-14 16:05:00,DEN,"Case Keenum cleared in concussion evaluation, Rams lead 13-3 at half",https://www.nbcsports.com/nfl/profootballtalk/rumor-mill/news/case-keenum-cleared-in-concussion-evaluation-rams-lead-13-3-at-half
2018,2018-10-14 13:39:01,2018-10-14 16:05:00,LA,"Case Keenum cleared in concussion evaluation, Rams lead 13-3 at half",https://www.nbcsports.com/nfl/profootballtalk/rumor-mill/news/case-keenum-cleared-in-concussion-evaluation-rams-lead-13-3-at-half
2018,2018-10-07 14:35:09,2018-10-07 16:25:00,SEA,Cooper Kupp being evaluated for concussion as Rams and Seahawks trade touchdowns,https://www.nbcsports.com/nfl/profootballtalk/rumor-mill/news/cooper-kupp-being-evaluated-for-concussion-as-rams-and-seahawks-trade-touchdowns
2018,2018-10-07 16:42:37,2018-10-07 20:20:00,DAL,"Cowboys hit their field goals, Texans miss theirs",https://www.nbcsports.com/nfl/profootballtalk/rumor-mill/news/cowboys-hit-their-field-goal-texans-miss-theirs
2018,2018-10-07 16:42:37,2018-10-07 20:20:00,HOU,"Cowboys hit their field goals, Texans miss theirs",https://www.nbcsports.com/nfl/profootballtalk/rumor-mill/news/cowboys-hit-their-field-goal-texans-miss-theirs
2018,2018-10-21 13:11:04,2018-10-21 16:25:00,DAL,Dak Prescott takes hard hit to head but cleared to return,https://www.nbcsports.com/nfl/profootballtalk/rumor-mill/news/dak-prescott-cleared-of-a-concussion
2018,2018-10-21 13:11:04,2018-10-21 16:25:00,DAL,Dak Prescott takes hard hit to head but cleared to return,https://www.nbcsports.com/nfl/profootballtalk/rumor-mill/news/dak-prescott-cleared-of-a-concussion
2018,2018-10-21 13:11:04,2018-10-21 16:25:00,WAS,Dak Prescott takes hard hit to head but cleared to return,https://www.nbcsports.com/nfl/profootballtalk/rumor-mill/news/dak-prescott-cleared-of-a-concussion
2018,2018-10-14 11:34:23,2018-10-14 16:25:00,DAL,David Irving active for Cowboys; Brice Butler inactive,https://www.nbcsports.com/nfl/profootballtalk/rumor-mill/news/david-irving-active-for-cowboys-brice-butler-inactive
2018,2018-10-07 11:16:27,2018-10-07 16:25:00,PHI,Haloti Ngata among Eagles’ inactives,https://www.nbcsports.com/nfl/profootballtalk/rumor-mill/news/haloti-ngata-among-eagles-inactives
2018,2018-10-14 11:12:28,2018-10-14 13:00:00,BUF,Josh Allen questionable to return with elbow injury,https://www.nbcsports.com/nfl/profootballtalk/rumor-mill/news/josh-allen-questionable-to-return-with-elbow-injury
2018,2018-10-14 11:12:28,2018-10-14 13:00:00,BUF,Josh Allen questionable to return with elbow injury,https://www.nbcsports.com/nfl/profootballtalk/rumor-mill/news/josh-allen-questionable-to-return-with-elbow-injury
2018,2018-10-07 11:01:15,2018-10-07 13:00:00,JAX,"Justin Houston, Eric Murray out; Armani Watts questionable",https://www.nbcsports.com/nfl/profootballtalk/rumor-mill/news/justin-houston-eric-murray-out-armani-watts-questionable
2018,2018-10-21 10:53:35,2018-10-21 16:05:00,NO,Marlon Humphrey inactive for Ravens,https://www.nbcsports.com/nfl/profootballtalk/rumor-mill/news/marlon-humphrey-inactive-for-ravens
2018,2018-10-21 10:53:35,2018-10-21 16:05:00,BAL,Marlon Humphrey inactive for Ravens,https://www.nbcsports.com/nfl/profootballtalk/rumor-mill/news/marlon-humphrey-inactive-for-ravens
2018,2018-10-21 04:16:43,2018-10-21 13:00:00,MIA,Melvin Gordon is out for Sunday,https://www.nbcsports.com/nfl/profootballtalk/rumor-mill/news/melvin-gordon-is-out-for-sunday
2018,2018-10-07 13:57:21,2018-10-07 16:25:00,MIN,Michael Bennett gets a questionable roughing the passer penalty,https://www.nbcsports.com/nfl/profootballtalk/rumor-mill/news/michael-bennett-gets-a-questionable-roughing-the-passer-penalty
2018,2018-10-21 11:18:59,2018-10-21 16:25:00,DAL,"Quinton Dunbar, Chris Thompson inactive; Adrian Peterson will play",https://www.nbcsports.com/nfl/profootballtalk/rumor-mill/news/quinton-dunbar-chris-thompson-inactive-adrian-peterson-will-play
2018,2018-10-14 07:55:38,2018-10-14 13:00:00,MIA,Report: Cameron Wake had knee scope,https://www.nbcsports.com/nfl/profootballtalk/rumor-mill/news/report-cameron-wake-had-knee-scope
2018,2018-10-14 06:41:02,2018-10-14 13:00:00,MIA,Report: Ryan Tannehill not expected to play for Dolphins,https://www.nbcsports.com/nfl/profootballtalk/rumor-mill/news/report-ryan-tannehill-not-expected-to-play-for-dolphins
2018,2018-10-14 06:41:02,2018-10-14 13:00:00,MIA,Report: Ryan Tannehill not expected to play for Dolphins,https://www.nbcsports.com/nfl/profootballtalk/rumor-mill/news/report-ryan-tannehill-not-expected-to-play-for-dolphins
2018,2018-10-14 06:41:02,2018-10-14 13:00:00,MIA,Report: Ryan Tannehill not expected to play for Dolphins,https://www.nbcsports.com/nfl/profootballtalk/rumor-mill/news/report-ryan-tannehill-not-expected-to-play-for-dolphins
2018,2018-10-14 07:37:08,2018-10-14 13:00:00,MIA,Ryan Tannehill inactive for Dolphins vs. Bears,https://www.nbcsports.com/nfl/profootballtalk/rumor-mill/news/ryan-tannehill-inactive-for-dolphins-vs-bears
2018,2018-10-14 07:37:08,2018-10-14 13:00:00,MIA,Ryan Tannehill inactive for Dolphins vs. Bears,https://www.nbcsports.com/nfl/profootballtalk/rumor-mill/news/ryan-tannehill-inactive-for-dolphins-vs-bears
2018,2018-10-14 07:37:08,2018-10-14 13:00:00,MIA,Ryan Tannehill inactive for Dolphins vs. Bears,https://www.nbcsports.com/nfl/profootballtalk/rumor-mill/news/ryan-tannehill-inactive-for-dolphins-vs-bears
2018,2018-10-07 10:10:54,2018-10-07 13:00:00,TEN,Taylor Lewan questionable with foot injury,https://www.nbcsports.com/nfl/profootballtalk/rumor-mill/news/taylor-lewan-questionable-with-foot-injury
2018,2018-10-14 07:01:06,2018-10-14 13:00:00,MIA,Teams continue to not use “doubtful” like they should,https://www.nbcsports.com/nfl/profootballtalk/rumor-mill/news/teams-continue-to-not-use-doubtful-like-they-should
2018,2018-10-14 07:01:06,2018-10-14 13:00:00,MIA,Teams continue to not use “doubtful” like they should,https://www.nbcsports.com/nfl/profootballtalk/rumor-mill/news/teams-continue-to-not-use-doubtful-like-they-should
2018,2018-10-28 07:33:00,2018-10-28 13:00:00,CLE,Week Eight early inactives,https://www.nbcsports.com/nfl/profootballtalk/rumor-mill/news/week-eight-early-inactives-8
2018,2018-10-28 07:33:00,2018-10-28 13:00:00,PIT,Week Eight early inactives,https://www.nbcsports.com/nfl/profootballtalk/rumor-mill/news/week-eight-early-inactives-8
2018,2018-10-28 07:33:00,2018-10-28 13:00:00,TB,Week Eight early inactives,https://www.nbcsports.com/nfl/profootballtalk/rumor-mill/news/week-eight-early-inactives-8
2018,2018-10-28 07:33:00,2018-10-28 13:00:00,BAL,Week Eight early inactives,https://www.nbcsports.com/nfl/profootballtalk/rumor-mill/news/week-eight-early-inactives-8
2018,2018-10-28 07:33:00,2018-10-28 13:00:00,NYG,Week Eight early inactives,https://www.nbcsports.com/nfl/profootballtalk/rumor-mill/news/week-eight-early-inactives-8
2018,2018-10-07 07:34:38,2018-10-07 13:00:00,DEN,Week Five early inactives,https://www.nbcsports.com/nfl/profootballtalk/rumor-mill/news/week-five-early-inactives-8
2018,2018-10-07 07:34:38,2018-10-07 13:00:00,MIA,Week Five early inactives,https://www.nbcsports.com/nfl/profootballtalk/rumor-mill/news/week-five-early-inactives-8
2018,2018-10-07 07:34:38,2018-10-07 13:00:00,PIT,Week Five early inactives,https://www.nbcsports.com/nfl/profootballtalk/rumor-mill/news/week-five-early-inactives-8
2018,2018-10-07 07:34:38,2018-10-07 13:00:00,NYG,Week Five early inactives,https://www.nbcsports.com/nfl/profootballtalk/rumor-mill/news/week-five-early-inactives-8
2018,2018-10-07 07:34:38,2018-10-07 13:00:00,GB,Week Five early inactives,https://www.nbcsports.com/nfl/profootballtalk/rumor-mill/news/week-five-early-inactives-8
2018,2018-10-07 07:34:38,2018-10-07 13:00:00,BAL,Week Five early inactives,https://www.nbcsports.com/nfl/profootballtalk/rumor-mill/news/week-five-early-inactives-8
2018,2018-10-07 07:34:38,2018-10-07 13:00:00,CLE,Week Five early inactives,https://www.nbcsports.com/nfl/profootballtalk/rumor-mill/news/week-five-early-inactives-8
2018,2018-10-21 07:33:42,2018-10-21 13:00:00,MIN,Week Seven early inactives,https://www.nbcsports.com/nfl/profootballtalk/rumor-mill/news/week-seven-early-inactives-8
2018,2018-10-21 07:33:42,2018-10-21 13:00:00,BUF,Week Seven early inactives,https://www.nbcsports.com/nfl/profootballtalk/rumor-mill/news/week-seven-early-inactives-8
2018,2018-10-21 07:33:42,2018-10-21 13:00:00,CLE,Week Seven early inactives,https://www.nbcsports.com/nfl/profootballtalk/rumor-mill/news/week-seven-early-inactives-8
2018,2018-10-21 07:33:42,2018-10-21 13:00:00,MIA,Week Seven early inactives,https://www.nbcsports.com/nfl/profootballtalk/rumor-mill/news/week-seven-early-inactives-8
2018,2018-10-14 07:32:29,2018-10-14 13:00:00,MIA,Week Six early inactives,https://www.nbcsports.com/nfl/profootballtalk/rumor-mill/news/week-six-early-inactives-8
2018,2018-10-14 07:32:29,2018-10-14 13:00:00,CLE,Week Six early inactives,https://www.nbcsports.com/nfl/profootballtalk/rumor-mill/news/week-six-early-inactives-8
2018,2018-10-14 07:32:29,2018-10-14 13:00:00,BUF,Week Six early inactives,https://www.nbcsports.com/nfl/profootballtalk/rumor-mill/news/week-six-early-inactives-8
2018,2018-10-14 07:32:29,2018-10-14 13:00:00,ARI,Week Six early inactives,https://www.nbcsports.com/nfl/profootballtalk/rumor-mill/news/week-six-early-inactives-8
2018,2018-10-14 07:32:29,2018-10-14 13:00:00,MIN,Week Six early inactives,https://www.nbcsports.com/nfl/profootballtalk/rumor-mill/news/week-six-early-inactives-8
2018,2018-10-14 07:32:29,2018-10-14 13:00:00,PIT,Week Six early inactives,https://www.nbcsports.com/nfl/profootballtalk/rumor-mill/news/week-six-early-inactives-8
2018,2018-10-14 05:34:19,2018-10-14 13:00:00,MIA,"With Ryan Tannehill questionable, point spread shifts heavily toward Bears",https://www.nbcsports.com/nfl/profootballtalk/rumor-mill/news/with-ryan-tannehill-questionable-point-spread-shifts-heavily-toward-bears
2018,2018-10-14 05:34:19,2018-10-14 13:00:00,MIA,"With Ryan Tannehill questionable, point spread shifts heavily toward Bears",https://www.nbcsports.com/nfl/profootballtalk/rumor-mill/news/with-ryan-tannehill-questionable-point-spread-shifts-heavily-toward-bears
2018,2018-10-14 05:34:19,2018-10-14 13:00:00,MIA,"With Ryan Tannehill questionable, point spread shifts heavily toward Bears",https://www.nbcsports.com/nfl/profootballtalk/rumor-mill/news/with-ryan-tannehill-questionable-point-spread-shifts-heavily-toward-bears
2018,2018-10-28 15:03:03,2018-10-28 20:20:00,MIN,Xavier Rhodes out for Sunday night,https://www.nbcsports.com/nfl/profootballtalk/rumor-mill/news/xavier-rhodes-out-for-sunday-night
2018,2018-11-11 14:19:35,2018-11-11 16:25:00,GB,Aaron Jones leads Packers over injury plagued Dolphins,https://www.nbcsports.com/nfl/profootballtalk/rumor-mill/news/aaron-jones-leads-packers-over-injury-plagued-dolphins
2018,2018-11-11 14:19:35,2018-11-11 16:25:00,MIA,Aaron Jones leads Packers over injury plagued Dolphins,https://www.nbcsports.com/nfl/profootballtalk/rumor-mill/news/aaron-jones-leads-packers-over-injury-plagued-dolphins
2018,2018-11-25 06:42:41,2018-11-25 13:00:00,BAL,Alex Collins inactive for Ravens,https://www.nbcsports.com/nfl/profootballtalk/rumor-mill/news/alex-collins-inactive-for-ravens
2018,2018-11-18 11:36:47,2018-11-18 13:00:00,WAS,"Alex Smith broke tibia and fibula, undergoing immediate surgery",https://www.nbcsports.com/nfl/profootballtalk/rumor-mill/news/alex-smith-broke-tibia-and-fibula-undergoing-immediate-surgery
2018,2018-11-18 11:36:47,2018-11-18 13:00:00,WAS,"Alex Smith broke tibia and fibula, undergoing immediate surgery",https://www.nbcsports.com/nfl/profootballtalk/rumor-mill/news/alex-smith-broke-tibia-and-fibula-undergoing-immediate-surgery
2018,2018-11-18 10:02:55,2018-11-18 13:00:00,WAS,Alex Smith carted off with ankle injury,https://www.nbcsports.com/nfl/profootballtalk/rumor-mill/news/alex-smith-carted-off-with-ankle-injury
2018,2018-11-18 10:02:55,2018-11-18 13:00:00,WAS,Alex Smith carted off with ankle injury,https://www.nbcsports.com/nfl/profootballtalk/rumor-mill/news/alex-smith-carted-off-with-ankle-injury
2018,2018-11-18 10:16:02,2018-11-18 13:00:00,WAS,Alex Smith taken to hospital by ambulance after ankle injury,https://www.nbcsports.com/nfl/profootballtalk/rumor-mill/news/alex-smith-taken-to-hospital-by-ambulance-after-ankle-injury
2018,2018-11-25 10:50:32,2018-11-25 13:00:00,BUF,Andrew Norwell carted off with ankle injury,https://www.nbcsports.com/nfl/profootballtalk/rumor-mill/news/andrew-norwell-carted-off-with-ankle-injury
2018,2018-11-25 10:50:32,2018-11-25 13:00:00,JAX,Andrew Norwell carted off with ankle injury,https://www.nbcsports.com/nfl/profootballtalk/rumor-mill/news/andrew-norwell-carted-off-with-ankle-injury
2018,2018-11-25 10:01:15,2018-11-25 13:00:00,CIN,Andy Dalton headed to locker room with thumb injury,https://www.nbcsports.com/nfl/profootballtalk/rumor-mill/news/andy-dalton-headed-to-locker-room-with-thumb-injury
2018,2018-11-25 10:01:15,2018-11-25 13:00:00,CIN,Andy Dalton headed to locker room with thumb injury,https://www.nbcsports.com/nfl/profootballtalk/rumor-mill/news/andy-dalton-headed-to-locker-room-with-thumb-injury
2018,2018-11-25 11:49:27,2018-11-25 13:00:00,CIN,Andy Dalton will undergo further evaluation on thumb,https://www.nbcsports.com/nfl/profootballtalk/rumor-mill/news/andy-dalton-will-undergo-further-evaluation-on-thumb
2018,2018-11-25 11:49:27,2018-11-25 13:00:00,CIN,Andy Dalton will undergo further evaluation on thumb,https://www.nbcsports.com/nfl/profootballtalk/rumor-mill/news/andy-dalton-will-undergo-further-evaluation-on-thumb
2018,2018-11-18 13:58:43,2018-11-18 20:20:00,MIN,Anthony Barr inactive for Vikings on Sunday night,https://www.nbcsports.com/nfl/profootballtalk/rumor-mill/news/anthony-barr-inactive-for-vikings-on-sunday-night
2018,2018-11-04 08:47:36,2018-11-04 13:00:00,PIT,Antonio Brown gets hand stepped on as Steelers take lead,https://www.nbcsports.com/nfl/profootballtalk/rumor-mill/news/antonio-brown-gets-hand-stepped-on-as-steelers-take-lead
2018,2018-11-11 11:14:45,2018-11-11 13:00:00,NYJ,Bills hand Jets a humiliating 41-10 loss,https://www.nbcsports.com/nfl/profootballtalk/rumor-mill/news/bills-hand-jets-a-humiliating-41-10-loss
2018,2018-11-11 11:14:45,2018-11-11 13:00:00,BUF,Bills hand Jets a humiliating 41-10 loss,https://www.nbcsports.com/nfl/profootballtalk/rumor-mill/news/bills-hand-jets-a-humiliating-41-10-loss
2018,2018-11-18 09:50:25,2018-11-18 13:00:00,TEN,"Blaine Gabbert in for Titans, Mariota questionable with elbow injury",https://www.nbcsports.com/nfl/profootballtalk/rumor-mill/news/blaine-gabbert-in-for-titans-mariota-questionable-with-elbow-injury
2018,2018-11-18 09:50:25,2018-11-18 13:00:00,TEN,"Blaine Gabbert in for Titans, Mariota questionable with elbow injury",https://www.nbcsports.com/nfl/profootballtalk/rumor-mill/news/blaine-gabbert-in-for-titans-mariota-questionable-with-elbow-injury
2018,2018-11-04 14:25:28,2018-11-04 16:05:00,DEN,"Broncos miss last-play field goal, giving Houston sixth win in a row",https://www.nbcsports.com/nfl/profootballtalk/rumor-mill/news/broncos-miss-last-play-field-goal-giving-houston-sixth-win-in-a-row
2018,2018-11-04 14:25:28,2018-11-04 16:05:00,HOU,"Broncos miss last-play field goal, giving Houston sixth win in a row",https://www.nbcsports.com/nfl/profootballtalk/rumor-mill/news/broncos-miss-last-play-field-goal-giving-houston-sixth-win-in-a-row
2018,2018-11-25 12:11:24,2018-11-25 13:00:00,OAK,Derek Carr doesn’t expect injured ankle to keep him out,https://www.nbcsports.com/nfl/profootballtalk/rumor-mill/news/derek-carr-doesnt-expect-injured-ankle-to-keep-him-out
2018,2018-11-04 12:39:15,2018-11-04 13:00:00,NYJ,"Jamal Adams: Enough is enough, I’m sick of losing",https://www.nbcsports.com/nfl/profootballtalk/rumor-mill/news/jamal-adams-enough-is-enough-im-sick-of-losing
2018,2018-11-18 06:49:11,2018-11-18 13:00:00,BAL,"Joe Flacco, A.J. Green officially inactive for Ravens-Bengals clash",https://www.nbcsports.com/nfl/profootballtalk/rumor-mill/news/joe-flacco-a-j-green-officially-inactive-for-ravens-bengals-clash
2018,2018-11-18 06:49:11,2018-11-18 13:00:00,BAL,"Joe Flacco, A.J. Green officially inactive for Ravens-Bengals clash",https://www.nbcsports.com/nfl/profootballtalk/rumor-mill/news/joe-flacco-a-j-green-officially-inactive-for-ravens-bengals-clash
2018,2018-11-18 06:49:11,2018-11-18 13:00:00,BAL,"Joe Flacco, A.J. Green officially inactive for Ravens-Bengals clash",https://www.nbcsports.com/nfl/profootballtalk/rumor-mill/news/joe-flacco-a-j-green-officially-inactive-for-ravens-bengals-clash
2018,2018-11-25 11:25:32,2018-11-25 13:00:00,BUF,Josh Allen leads Bills to win in return from elbow injury,https://www.nbcsports.com/nfl/profootballtalk/rumor-mill/news/josh-allen-leads-bills-to-win-in-return-from-elbow-injury
2018,2018-11-25 11:25:32,2018-11-25 13:00:00,JAX,Josh Allen leads Bills to win in return from elbow injury,https://www.nbcsports.com/nfl/profootballtalk/rumor-mill/news/josh-allen-leads-bills-to-win-in-return-from-elbow-injury
2018,2018-11-25 15:33:12,2018-11-25 16:05:00,ARI,Josh Rosen “freaked out” when penalty flag hit his hand,https://www.nbcsports.com/nfl/profootballtalk/rumor-mill/news/josh-rosen-freaked-out-when-penalty-flag-hit-his-hand
2018,2018-11-11 10:54:55,2018-11-11 13:00:00,NE,Julian Edelman leaves for locker room with ankle injury,https://www.nbcsports.com/nfl/profootballtalk/rumor-mill/news/julian-edelman-leaves-for-locker-room-with-ankle-injury
2018,2018-11-18 09:32:17,2018-11-18 13:00:00,TEN,Marcus Mariota hurt at end of first half; Colts lead 24-3,https://www.nbcsports.com/nfl/profootballtalk/rumor-mill/news/marcus-mariota-hurt-at-end-of-first-half-colts-lead-24-3
2018,2018-11-18 09:32:17,2018-11-18 13:00:00,TEN,Marcus Mariota hurt at end of first half; Colts lead 24-3,https://www.nbcsports.com/nfl/profootballtalk/rumor-mill/news/marcus-mariota-hurt-at-end-of-first-half-colts-lead-24-3
2018,2018-11-25 13:25:54,2018-11-25 16:05:00,LAC,Melvin Gordon exits with knee injury,https://www.nbcsports.com/nfl/profootballtalk/rumor-mill/news/melvin-gordon-exits-with-knee-injury
2018,2018-11-25 09:00:52,2018-11-25 13:00:00,NYG,Michael Bennett in locker room with foot injury,https://www.nbcsports.com/nfl/profootballtalk/rumor-mill/news/michael-bennett-in-locker-room-with-foot-injury
2018,2018-11-18 11:43:53,2018-11-18 13:00:00,TEN,Mike Vrabel will have more on Marcus Mariota injury on Monday,https://www.nbcsports.com/nfl/profootballtalk/rumor-mill/news/mike-vrabel-will-have-more-on-marcus-mariota-injury-on-monday
2018,2018-11-18 11:43:53,2018-11-18 13:00:00,TEN,Mike Vrabel will have more on Marcus Mariota injury on Monday,https://www.nbcsports.com/nfl/profootballtalk/rumor-mill/news/mike-vrabel-will-have-more-on-marcus-mariota-injury-on-monday
2018,2018-11-25 14:00:54,2018-11-25 20:20:00,GB,Randall Cobb inactive again for the Packers,https://www.nbcsports.com/nfl/profootballtalk/rumor-mill/news/randall-cobb-inactive-again-for-the-packers
2018,2018-11-25 14:00:54,2018-11-25 20:20:00,MIN,Randall Cobb inactive again for the Packers,https://www.nbcsports.com/nfl/profootballtalk/rumor-mill/news/randall-cobb-inactive-again-for-the-packers
2018,2018-11-25 14:00:54,2018-11-25 20:20:00,MIN,Randall Cobb inactive again for the Packers,https://www.nbcsports.com/nfl/profootballtalk/rumor-mill/news/randall-cobb-inactive-again-for-the-packers
2018,2018-11-11 10:07:41,2018-11-11 16:25:00,GB,"Randall Cobb inactive for the Packers, Dolphins without both tackles",https://www.nbcsports.com/nfl/profootballtalk/rumor-mill/news/randall-cobb-inactive-for-the-packers-dolphins-without-both-tackles
2018,2018-11-11 10:07:41,2018-11-11 16:25:00,MIA,"Randall Cobb inactive for the Packers, Dolphins without both tackles",https://www.nbcsports.com/nfl/profootballtalk/rumor-mill/news/randall-cobb-inactive-for-the-packers-dolphins-without-both-tackles
2018,2018-11-04 13:57:40,2018-11-04 20:20:00,GB,"Rob Gronkowski, Sony Michel out for Patriots",https://www.nbcsports.com/nfl/profootballtalk/rumor-mill/news/rob-gronkowski-sony-michel-out-for-patriots
2018,2018-11-25 13:35:12,2018-11-25 16:25:00,DEN,Vance McDonald leaves with hip injury,https://www.nbcsports.com/nfl/profootballtalk/rumor-mill/news/vance-mcdonald-leaves-with-hip-injury
2018,2018-11-11 06:31:50,2018-11-11 13:00:00,BUF,Week 10 early inactives,https://www.nbcsports.com/nfl/profootballtalk/rumor-mill/news/week-10-early-inactives-8
2018,2018-11-11 06:31:50,2018-11-11 13:00:00,NYJ,Week 10 early inactives,https://www.nbcsports.com/nfl/profootballtalk/rumor-mill/news/week-10-early-inactives-8
2018,2018-11-11 06:31:50,2018-11-11 13:00:00,CLE,Week 10 early inactives,https://www.nbcsports.com/nfl/profootballtalk/rumor-mill/news/week-10-early-inactives-8
2018,2018-11-11 06:31:50,2018-11-11 13:00:00,TB,Week 10 early inactives,https://www.nbcsports.com/nfl/profootballtalk/rumor-mill/news/week-10-early-inactives-8
2018,2018-11-18 06:34:12,2018-11-18 13:00:00,DAL,Week 11 early inactives,https://www.nbcsports.com/nfl/profootballtalk/rumor-mill/news/week-11-early-inactives-8
2018,2018-11-18 06:34:12,2018-11-18 13:00:00,NYG,Week 11 early inactives,https://www.nbcsports.com/nfl/profootballtalk/rumor-mill/news/week-11-early-inactives-8
2018,2018-11-18 06:34:12,2018-11-18 13:00:00,PIT,Week 11 early inactives,https://www.nbcsports.com/nfl/profootballtalk/rumor-mill/news/week-11-early-inactives-8
2018,2018-11-18 06:34:12,2018-11-18 13:00:00,JAX,Week 11 early inactives,https://www.nbcsports.com/nfl/profootballtalk/rumor-mill/news/week-11-early-inactives-8
2018,2018-11-18 06:34:12,2018-11-18 13:00:00,BAL,Week 11 early inactives,https://www.nbcsports.com/nfl/profootballtalk/rumor-mill/news/week-11-early-inactives-8
2018,2018-11-25 06:32:40,2018-11-25 13:00:00,BAL,Week 12 early inactives,https://www.nbcsports.com/nfl/profootballtalk/rumor-mill/news/week-12-early-inactives-8
2018,2018-11-25 06:32:40,2018-11-25 13:00:00,BUF,Week 12 early inactives,https://www.nbcsports.com/nfl/profootballtalk/rumor-mill/news/week-12-early-inactives-8
2018,2018-11-25 06:32:40,2018-11-25 13:00:00,CLE,Week 12 early inactives,https://www.nbcsports.com/nfl/profootballtalk/rumor-mill/news/week-12-early-inactives-8
2018,2018-11-25 06:32:40,2018-11-25 13:00:00,NYJ,Week 12 early inactives,https://www.nbcsports.com/nfl/profootballtalk/rumor-mill/news/week-12-early-inactives-8
2018,2018-11-25 06:32:40,2018-11-25 13:00:00,NYG,Week 12 early inactives,https://www.nbcsports.com/nfl/profootballtalk/rumor-mill/news/week-12-early-inactives-8
2018,2018-11-25 06:32:40,2018-11-25 13:00:00,PHI,Week 12 early inactives,https://www.nbcsports.com/nfl/profootballtalk/rumor-mill/news/week-12-early-inactives-8
2018,2018-11-25 06:32:40,2018-11-25 13:00:00,TB,Week 12 early inactives,https://www.nbcsports.com/nfl/profootballtalk/rumor-mill/news/week-12-early-inactives-8
2018,2018-11-04 06:34:40,2018-11-04 13:00:00,BUF,Week Nine early inactives,https://www.nbcsports.com/nfl/profootballtalk/rumor-mill/news/week-nine-early-inactives-9
2018,2018-11-04 06:34:40,2018-11-04 13:00:00,BUF,Week Nine early inactives,https://www.nbcsports.com/nfl/profootballtalk/rumor-mill/news/week-nine-early-inactives-9
2018,2018-11-04 06:34:40,2018-11-04 13:00:00,TB,Week Nine early inactives,https://www.nbcsports.com/nfl/profootballtalk/rumor-mill/news/week-nine-early-inactives-9
2018,2018-11-04 06:34:40,2018-11-04 13:00:00,CLE,Week Nine early inactives,https://www.nbcsports.com/nfl/profootballtalk/rumor-mill/news/week-nine-early-inactives-9
2018,2018-11-04 06:34:40,2018-11-04 13:00:00,MIA,Week Nine early inactives,https://www.nbcsports.com/nfl/profootballtalk/rumor-mill/news/week-nine-early-inactives-9
2018,2018-11-04 06:34:40,2018-11-04 13:00:00,MIN,Week Nine early inactives,https://www.nbcsports.com/nfl/profootballtalk/rumor-mill/news/week-nine-early-inactives-9
2018,2018-11-04 06:34:40,2018-11-04 13:00:00,PIT,Week Nine early inactives,https://www.nbcsports.com/nfl/profootballtalk/rumor-mill/news/week-nine-early-inactives-9
2018,2018-11-04 06:34:40,2018-11-04 13:00:00,BAL,Week Nine early inactives,https://www.nbcsports.com/nfl/profootballtalk/rumor-mill/news/week-nine-early-inactives-9
2018,2018-11-11 15:47:26,2018-11-11 20:20:00,DAL,Zack Martin heads to locker room with knee injury,https://www.nbcsports.com/nfl/profootballtalk/rumor-mill/news/zack-martin-heads-to-locker-room-with-knee-injury
2018,2018-12-30 08:59:48,2018-12-30 13:00:00,GB,Aaron Rodgers heads to locker room for concussion evaluation,https://www.nbcsports.com/nfl/profootballtalk/rumor-mill/news/aaron-rodgers-heads-to-locker-room-for-concussion-evaluation
2018,2018-12-30 08:59:48,2018-12-30 13:00:00,GB,Aaron Rodgers heads to locker room for concussion evaluation,https://www.nbcsports.com/nfl/profootballtalk/rumor-mill/news/aaron-rodgers-heads-to-locker-room-for-concussion-evaluation
2018,2018-12-30 10:03:00,2018-12-30 16:25:00,PIT,Antonio Brown inactive for Steelers,https://www.nbcsports.com/nfl/profootballtalk/rumor-mill/news/antonio-brown-inactive-for-steelers
2018,2018-12-16 11:00:17,2018-12-16 13:00:00,BUF,Bills win a close one as Lions miss key kicks,https://www.nbcsports.com/nfl/profootballtalk/rumor-mill/news/bills-win-a-close-one-as-lions-miss-key-kicks
2018,2018-12-23 09:16:31,2018-12-23 13:00:00,JAX,Blake Bortles makes a return appearance with Cody Kessler injured,https://www.nbcsports.com/nfl/profootballtalk/rumor-mill/news/blake-bortles-makes-a-return-appearance-with-cody-kessler-injured
2018,2018-12-23 09:16:31,2018-12-23 13:00:00,JAX,Blake Bortles makes a return appearance with Cody Kessler injured,https://www.nbcsports.com/nfl/profootballtalk/rumor-mill/news/blake-bortles-makes-a-return-appearance-with-cody-kessler-injured
2018,2018-12-09 10:01:08,2018-12-09 16:25:00,PIT,C.J. Anderson inactive for Raiders,https://www.nbcsports.com/nfl/profootballtalk/rumor-mill/news/c-j-anderson-inactive-for-raiders
2018,2018-12-16 13:18:59,2018-12-16 16:25:00,PIT,"Chris Boswell misses field goal, Steelers still up 14-7",https://www.nbcsports.com/nfl/profootballtalk/rumor-mill/news/chris-boswell-misses-field-goal-steelers-still-up-14-7
2018,2018-12-30 12:03:52,2018-12-30 16:25:00,CIN,Cody Core leaves with injury as Bengals and Steelers remain scoreless,https://www.nbcsports.com/nfl/profootballtalk/rumor-mill/news/cody-core-leaves-with-injury-as-bengals-and-steelers-remain-scoreless
2018,2018-12-23 10:27:11,2018-12-23 13:00:00,HOU,Demaryius Thomas carted off with leg injury,https://www.nbcsports.com/nfl/profootballtalk/rumor-mill/news/demaryius-thomas-carted-off-with-leg-injury
2018,2018-12-16 11:52:10,2018-12-16 13:00:00,GB,Eddie Jackson sprained his ankle in Bears win,https://www.nbcsports.com/nfl/profootballtalk/rumor-mill/news/eddie-jackson-sprained-his-ankle-in-bears-win
2018,2018-12-02 11:47:24,2018-12-02 13:00:00,CAR,"Greg Olsen done for season, Cam Newton’s shoulder an issue",https://www.nbcsports.com/nfl/profootballtalk/rumor-mill/news/greg-olsen-done-for-season-cam-newtons-shoulder-an-issue
2018,2018-12-30 12:27:56,2018-12-30 13:00:00,JAX,J.J. Watt injures elbow but says “you can cut it off and still play”,https://www.nbcsports.com/nfl/profootballtalk/rumor-mill/news/j-j-watt-injures-elbow-but-says-you-can-cut-it-off-and-still-play
2018,2018-12-16 11:34:02,2018-12-16 16:05:00,SEA,"Janikowski misses PAT, sees kickoff returned for TD",https://www.nbcsports.com/nfl/profootballtalk/rumor-mill/news/janikowski-misses-pat-sees-kickoff-returned-for-td
2018,2018-12-09 06:32:45,2018-12-09 13:00:00,BAL,Joe Flacco inactive for Ravens vs. Chiefs,https://www.nbcsports.com/nfl/profootballtalk/rumor-mill/news/joe-flacco-inactive-for-ravens-vs-chiefs
2018,2018-12-09 06:32:45,2018-12-09 13:00:00,BAL,Joe Flacco inactive for Ravens vs. Chiefs,https://www.nbcsports.com/nfl/profootballtalk/rumor-mill/news/joe-flacco-inactive-for-ravens-vs-chiefs
2018,2018-12-09 06:32:45,2018-12-09 13:00:00,BAL,Joe Flacco inactive for Ravens vs. Chiefs,https://www.nbcsports.com/nfl/profootballtalk/rumor-mill/news/joe-flacco-inactive-for-ravens-vs-chiefs
2018,2018-12-16 13:53:52,2018-12-16 16:25:00,NE,"Julian Edelman hurt, Patriots down 14-10 after Tom Brady INT",https://www.nbcsports.com/nfl/profootballtalk/rumor-mill/news/julian-edelman-hurt-patriots-down-14-10-after-tom-brady-int
2018,2018-12-16 13:53:52,2018-12-16 16:25:00,PIT,"Julian Edelman hurt, Patriots down 14-10 after Tom Brady INT",https://www.nbcsports.com/nfl/profootballtalk/rumor-mill/news/julian-edelman-hurt-patriots-down-14-10-after-tom-brady-int
2018,2018-12-02 10:03:51,2018-12-02 13:00:00,BAL,"Lamar Jackson in concussion protocol, RG3 now in game",https://www.nbcsports.com/nfl/profootballtalk/rumor-mill/news/lamar-jackson-in-concussion-protocol-rg3-now-in-game
2018,2018-12-02 10:03:51,2018-12-02 13:00:00,BAL,"Lamar Jackson in concussion protocol, RG3 now in game",https://www.nbcsports.com/nfl/profootballtalk/rumor-mill/news/lamar-jackson-in-concussion-protocol-rg3-now-in-game
2018,2018-12-02 10:03:51,2018-12-02 13:00:00,BAL,"Lamar Jackson in concussion protocol, RG3 now in game",https://www.nbcsports.com/nfl/profootballtalk/rumor-mill/news/lamar-jackson-in-concussion-protocol-rg3-now-in-game
2018,2018-12-23 06:56:58,2018-12-23 13:00:00,MIN,Laquon Treadwell inactive for Vikings in Detroit,https://www.nbcsports.com/nfl/profootballtalk/rumor-mill/news/laquon-treadwell-inactive-for-vikings-in-detroit
2018,2018-12-30 13:53:34,2018-12-30 20:20:00,TEN,Marcus Mariota officially out for Sunday night,https://www.nbcsports.com/nfl/profootballtalk/rumor-mill/news/marcus-mariota-officially-out-for-sunday-night
2018,2018-12-30 13:53:34,2018-12-30 20:20:00,TEN,Marcus Mariota officially out for Sunday night,https://www.nbcsports.com/nfl/profootballtalk/rumor-mill/news/marcus-mariota-officially-out-for-sunday-night
2018,2018-12-30 13:53:34,2018-12-30 20:20:00,TEN,Marcus Mariota officially out for Sunday night,https://www.nbcsports.com/nfl/profootballtalk/rumor-mill/news/marcus-mariota-officially-out-for-sunday-night
2018,2018-12-23 00:07:48,2018-12-23 13:00:00,DET,"Matthew Stafford is expected to play, but should he?",https://www.nbcsports.com/nfl/profootballtalk/rumor-mill/news/matthew-stafford-is-expected-to-play-but-should-he
2018,2018-12-23 00:07:48,2018-12-23 13:00:00,MIA,"Matthew Stafford is expected to play, but should he?",https://www.nbcsports.com/nfl/profootballtalk/rumor-mill/news/matthew-stafford-is-expected-to-play-but-should-he
2018,2018-12-23 00:07:48,2018-12-23 13:00:00,CAR,"Matthew Stafford is expected to play, but should he?",https://www.nbcsports.com/nfl/profootballtalk/rumor-mill/news/matthew-stafford-is-expected-to-play-but-should-he
2018,2018-12-23 00:07:48,2018-12-23 13:00:00,GB,"Matthew Stafford is expected to play, but should he?",https://www.nbcsports.com/nfl/profootballtalk/rumor-mill/news/matthew-stafford-is-expected-to-play-but-should-he
2018,2018-12-30 13:45:35,2018-12-30 16:25:00,PHI,Nick Foles heads to locker room with chest injury,https://www.nbcsports.com/nfl/profootballtalk/rumor-mill/news/nick-foles-heads-to-locker-room-with-chest-injury
2018,2018-12-30 13:45:35,2018-12-30 16:25:00,PHI,Nick Foles heads to locker room with chest injury,https://www.nbcsports.com/nfl/profootballtalk/rumor-mill/news/nick-foles-heads-to-locker-room-with-chest-injury
2018,2018-12-30 15:13:56,2018-12-30 16:25:00,PHI,"Nick Foles: I’m sore, we’ll find out more Monday",https://www.nbcsports.com/nfl/profootballtalk/rumor-mill/news/nick-foles-im-sore-well-find-out-more-monday
2018,2018-12-30 15:13:56,2018-12-30 16:25:00,PHI,"Nick Foles: I’m sore, we’ll find out more Monday",https://www.nbcsports.com/nfl/profootballtalk/rumor-mill/news/nick-foles-im-sore-well-find-out-more-monday
2018,2018-12-30 15:13:56,2018-12-30 16:25:00,PHI,"Nick Foles: I’m sore, we’ll find out more Monday",https://www.nbcsports.com/nfl/profootballtalk/rumor-mill/news/nick-foles-im-sore-well-find-out-more-monday
2018,2018-12-30 06:49:55,2018-12-30 13:00:00,CAR,Panthers sit Devin Funchess for Week 17,https://www.nbcsports.com/nfl/profootballtalk/rumor-mill/news/panthers-sit-devin-funchess-for-week-17
2018,2018-12-30 06:49:55,2018-12-30 13:00:00,NO,Panthers sit Devin Funchess for Week 17,https://www.nbcsports.com/nfl/profootballtalk/rumor-mill/news/panthers-sit-devin-funchess-for-week-17
2018,2018-12-30 06:49:55,2018-12-30 13:00:00,NO,Panthers sit Devin Funchess for Week 17,https://www.nbcsports.com/nfl/profootballtalk/rumor-mill/news/panthers-sit-devin-funchess-for-week-17
2018,2018-12-30 10:08:23,2018-12-30 13:00:00,NYJ,"Patriots lose Devin McCourty to head injury, remain firmly in control",https://www.nbcsports.com/nfl/profootballtalk/rumor-mill/news/patriots-lose-devin-mccourty-to-head-injury-remain-firmly-in-control
2018,2018-12-09 08:17:16,2018-12-09 13:00:00,NE,Patriots score quickly but miss PAT,https://www.nbcsports.com/nfl/profootballtalk/rumor-mill/news/patriots-score-quickly-but-miss-pat
2018,2018-12-23 10:39:42,2018-12-23 13:00:00,HOU,Report: Demaryius Thomas ruptures Achilles,https://www.nbcsports.com/nfl/profootballtalk/rumor-mill/news/report-demaryius-thomas-ruptures-achilles
2018,2018-12-09 04:21:32,2018-12-09 13:00:00,NE,Report: Xavien Howard had knee surgery,https://www.nbcsports.com/nfl/profootballtalk/rumor-mill/news/report-xavien-howard-had-knee-surgery
2018,2018-12-30 08:31:19,2018-12-30 13:00:00,NO,Saints lose three starters early with injuries,https://www.nbcsports.com/nfl/profootballtalk/rumor-mill/news/saints-lose-three-starters-early-with-injuries
2018,2018-12-30 08:31:19,2018-12-30 13:00:00,CAR,Saints lose three starters early with injuries,https://www.nbcsports.com/nfl/profootballtalk/rumor-mill/news/saints-lose-three-starters-early-with-injuries
2018,2018-12-09 08:46:19,2018-12-09 13:00:00,NYJ,"Sam Darnold back, LeSean McCoy questionable with hamstring injury",https://www.nbcsports.com/nfl/profootballtalk/rumor-mill/news/sam-darnold-back-lesean-mccoy-questionable-with-hamstring-injury
2018,2018-12-09 08:46:19,2018-12-09 13:00:00,BUF,"Sam Darnold back, LeSean McCoy questionable with hamstring injury",https://www.nbcsports.com/nfl/profootballtalk/rumor-mill/news/sam-darnold-back-lesean-mccoy-questionable-with-hamstring-injury
2018,2018-12-02 09:45:22,2018-12-02 16:05:00,NYJ,Sam Darnold officially out for Sunday’s game,https://www.nbcsports.com/nfl/profootballtalk/rumor-mill/news/sam-darnold-officially-out-for-sundays-game
2018,2018-12-02 09:45:22,2018-12-02 16:05:00,NYJ,Sam Darnold officially out for Sunday’s game,https://www.nbcsports.com/nfl/profootballtalk/rumor-mill/news/sam-darnold-officially-out-for-sundays-game
2018,2018-12-02 09:45:22,2018-12-02 16:05:00,NYJ,Sam Darnold officially out for Sunday’s game,https://www.nbcsports.com/nfl/profootballtalk/rumor-mill/news/sam-darnold-officially-out-for-sundays-game
2018,2018-12-30 14:29:50,2018-12-30 16:25:00,ARI,"Seahawks head to Dallas, hand Cardinals first overall pick",https://www.nbcsports.com/nfl/profootballtalk/rumor-mill/news/seahawks-head-to-dallas-hand-cardinals-first-overall-pick
2018,2018-12-16 10:04:25,2018-12-16 16:25:00,PIT,Steelers officially make James Conner inactive against Patriots,https://www.nbcsports.com/nfl/profootballtalk/rumor-mill/news/steelers-officially-make-james-conner-inactive-against-patriots
2018,2018-12-23 09:40:49,2018-12-23 16:05:00,LA,Todd Gurley is inactive for the Rams,https://www.nbcsports.com/nfl/profootballtalk/rumor-mill/news/todd-gurley-is-inactive-for-the-rams
2018,2018-12-09 09:37:59,2018-12-09 13:00:00,KC,"Tyreek Hill, Spencer Ware suffer injuries",https://www.nbcsports.com/nfl/profootballtalk/rumor-mill/news/tyreek-hill-spencer-ware-suffer-injuries
2018,2018-12-23 08:44:36,2018-12-23 13:00:00,DAL,Tyrone Crawford transported to hospital for evaluation of neck injury,https://www.nbcsports.com/nfl/profootballtalk/rumor-mill/news/tyrone-crawford-transported-to-hospital-for-evaluation-of-neck-injury
2018,2018-12-23 08:44:36,2018-12-23 13:00:00,TB,Tyrone Crawford transported to hospital for evaluation of neck injury,https://www.nbcsports.com/nfl/profootballtalk/rumor-mill/news/tyrone-crawford-transported-to-hospital-for-evaluation-of-neck-injury
2018,2018-12-16 09:52:58,2018-12-16 13:00:00,WAS,"Vernon Davis evaluated for head/neck injury, Washington trails 10-6",https://www.nbcsports.com/nfl/profootballtalk/rumor-mill/news/vernon-davis-evaluated-for-head-neck-injury-washington-trails-10-6
2018,2018-12-02 06:32:33,2018-12-02 13:00:00,BAL,Week 13 early inactives,https://www.nbcsports.com/nfl/profootballtalk/rumor-mill/news/week-13-early-inactives-8
2018,2018-12-02 06:32:33,2018-12-02 13:00:00,GB,Week 13 early inactives,https://www.nbcsports.com/nfl/profootballtalk/rumor-mill/news/week-13-early-inactives-8
2018,2018-12-02 06:32:33,2018-12-02 13:00:00,BUF,Week 13 early inactives,https://www.nbcsports.com/nfl/profootballtalk/rumor-mill/news/week-13-early-inactives-8
2018,2018-12-02 06:32:33,2018-12-02 13:00:00,MIA,Week 13 early inactives,https://www.nbcsports.com/nfl/profootballtalk/rumor-mill/news/week-13-early-inactives-8
2018,2018-12-02 06:32:33,2018-12-02 13:00:00,CHI,Week 13 early inactives,https://www.nbcsports.com/nfl/profootballtalk/rumor-mill/news/week-13-early-inactives-8
2018,2018-12-02 06:32:33,2018-12-02 13:00:00,NYG,Week 13 early inactives,https://www.nbcsports.com/nfl/profootballtalk/rumor-mill/news/week-13-early-inactives-8
2018,2018-12-02 06:32:33,2018-12-02 13:00:00,CLE,Week 13 early inactives,https://www.nbcsports.com/nfl/profootballtalk/rumor-mill/news/week-13-early-inactives-8
2018,2018-12-09 06:33:04,2018-12-09 13:00:00,CLE,Week 14 early inactives,https://www.nbcsports.com/nfl/profootballtalk/rumor-mill/news/week-14-early-inactives-8
2018,2018-12-09 06:33:04,2018-12-09 13:00:00,NYJ,Week 14 early inactives,https://www.nbcsports.com/nfl/profootballtalk/rumor-mill/news/week-14-early-inactives-8
2018,2018-12-09 06:33:04,2018-12-09 13:00:00,BUF,Week 14 early inactives,https://www.nbcsports.com/nfl/profootballtalk/rumor-mill/news/week-14-early-inactives-8
2018,2018-12-09 06:33:04,2018-12-09 13:00:00,GB,Week 14 early inactives,https://www.nbcsports.com/nfl/profootballtalk/rumor-mill/news/week-14-early-inactives-8
2018,2018-12-09 06:33:04,2018-12-09 13:00:00,BAL,Week 14 early inactives,https://www.nbcsports.com/nfl/profootballtalk/rumor-mill/news/week-14-early-inactives-8
2018,2018-12-09 06:33:04,2018-12-09 13:00:00,MIA,Week 14 early inactives,https://www.nbcsports.com/nfl/profootballtalk/rumor-mill/news/week-14-early-inactives-8
2018,2018-12-09 06:33:04,2018-12-09 13:00:00,NYG,Week 14 early inactives,https://www.nbcsports.com/nfl/profootballtalk/rumor-mill/news/week-14-early-inactives-8
2018,2018-12-09 06:33:04,2018-12-09 13:00:00,WAS,Week 14 early inactives,https://www.nbcsports.com/nfl/profootballtalk/rumor-mill/news/week-14-early-inactives-8
2018,2018-12-16 06:35:15,2018-12-16 13:00:00,DAL,Week 15 early inactives,https://www.nbcsports.com/nfl/profootballtalk/rumor-mill/news/week-15-early-inactives-8
2018,2018-12-16 06:35:15,2018-12-16 13:00:00,BUF,Week 15 early inactives,https://www.nbcsports.com/nfl/profootballtalk/rumor-mill/news/week-15-early-inactives-8
2018,2018-12-16 06:35:15,2018-12-16 13:00:00,GB,Week 15 early inactives,https://www.nbcsports.com/nfl/profootballtalk/rumor-mill/news/week-15-early-inactives-8
2018,2018-12-16 06:35:15,2018-12-16 13:00:00,CHI,Week 15 early inactives,https://www.nbcsports.com/nfl/profootballtalk/rumor-mill/news/week-15-early-inactives-8
2018,2018-12-16 06:35:15,2018-12-16 13:00:00,MIA,Week 15 early inactives,https://www.nbcsports.com/nfl/profootballtalk/rumor-mill/news/week-15-early-inactives-8
2018,2018-12-16 06:35:15,2018-12-16 13:00:00,MIN,Week 15 early inactives,https://www.nbcsports.com/nfl/profootballtalk/rumor-mill/news/week-15-early-inactives-8
2018,2018-12-16 06:35:15,2018-12-16 13:00:00,NYG,Week 15 early inactives,https://www.nbcsports.com/nfl/profootballtalk/rumor-mill/news/week-15-early-inactives-8
2018,2018-12-16 06:35:15,2018-12-16 13:00:00,TB,Week 15 early inactives,https://www.nbcsports.com/nfl/profootballtalk/rumor-mill/news/week-15-early-inactives-8
2018,2018-12-16 06:35:15,2018-12-16 13:00:00,BAL,Week 15 early inactives,https://www.nbcsports.com/nfl/profootballtalk/rumor-mill/news/week-15-early-inactives-8
2018,2018-12-23 06:32:36,2018-12-23 13:00:00,GB,Week 16 early inactives,https://www.nbcsports.com/nfl/profootballtalk/rumor-mill/news/week-16-early-inactives-8
2018,2018-12-23 06:32:36,2018-12-23 13:00:00,NYJ,Week 16 early inactives,https://www.nbcsports.com/nfl/profootballtalk/rumor-mill/news/week-16-early-inactives-8
2018,2018-12-23 06:32:36,2018-12-23 13:00:00,CLE,Week 16 early inactives,https://www.nbcsports.com/nfl/profootballtalk/rumor-mill/news/week-16-early-inactives-8
2018,2018-12-23 06:32:36,2018-12-23 13:00:00,TB,Week 16 early inactives,https://www.nbcsports.com/nfl/profootballtalk/rumor-mill/news/week-16-early-inactives-8
2018,2018-12-23 06:32:36,2018-12-23 13:00:00,DAL,Week 16 early inactives,https://www.nbcsports.com/nfl/profootballtalk/rumor-mill/news/week-16-early-inactives-8
2018,2018-12-23 06:32:36,2018-12-23 13:00:00,MIN,Week 16 early inactives,https://www.nbcsports.com/nfl/profootballtalk/rumor-mill/news/week-16-early-inactives-8
2018,2018-12-23 06:32:36,2018-12-23 13:00:00,NYG,Week 16 early inactives,https://www.nbcsports.com/nfl/profootballtalk/rumor-mill/news/week-16-early-inactives-8
2018,2018-12-23 06:32:36,2018-12-23 13:00:00,MIA,Week 16 early inactives,https://www.nbcsports.com/nfl/profootballtalk/rumor-mill/news/week-16-early-inactives-8
2018,2018-12-23 06:32:36,2018-12-23 13:00:00,BUF,Week 16 early inactives,https://www.nbcsports.com/nfl/profootballtalk/rumor-mill/news/week-16-early-inactives-8
2018,2018-12-23 06:32:36,2018-12-23 13:00:00,PHI,Week 16 early inactives,https://www.nbcsports.com/nfl/profootballtalk/rumor-mill/news/week-16-early-inactives-8
2018,2018-12-23 06:32:36,2018-12-23 13:00:00,CAR,Week 16 early inactives,https://www.nbcsports.com/nfl/profootballtalk/rumor-mill/news/week-16-early-inactives-8
2018,2018-12-30 06:38:05,2018-12-30 13:00:00,DAL,Week 17 early inactives,https://www.nbcsports.com/nfl/profootballtalk/rumor-mill/news/week-17-early-inactives-8
2018,2018-12-30 06:38:05,2018-12-30 13:00:00,MIA,Week 17 early inactives,https://www.nbcsports.com/nfl/profootballtalk/rumor-mill/news/week-17-early-inactives-8
2018,2018-12-30 06:38:05,2018-12-30 13:00:00,BUF,Week 17 early inactives,https://www.nbcsports.com/nfl/profootballtalk/rumor-mill/news/week-17-early-inactives-8
2018,2018-12-30 06:38:05,2018-12-30 13:00:00,GB,Week 17 early inactives,https://www.nbcsports.com/nfl/profootballtalk/rumor-mill/news/week-17-early-inactives-8
2018,2018-12-30 06:38:05,2018-12-30 13:00:00,NYJ,Week 17 early inactives,https://www.nbcsports.com/nfl/profootballtalk/rumor-mill/news/week-17-early-inactives-8
2018,2018-12-30 06:38:05,2018-12-30 13:00:00,CAR,Week 17 early inactives,https://www.nbcsports.com/nfl/profootballtalk/rumor-mill/news/week-17-early-inactives-8
2018,2018-12-30 06:38:05,2018-12-30 13:00:00,NO,Week 17 early inactives,https://www.nbcsports.com/nfl/profootballtalk/rumor-mill/news/week-17-early-inactives-8
2018,2018-12-30 06:38:05,2018-12-30 13:00:00,TB,Week 17 early inactives,https://www.nbcsports.com/nfl/profootballtalk/rumor-mill/news/week-17-early-inactives-8
2018,2018-12-30 06:38:05,2018-12-30 13:00:00,JAX,Week 17 early inactives,https://www.nbcsports.com/nfl/profootballtalk/rumor-mill/news/week-17-early-inactives-8
2018,2018-12-09 13:56:58,2018-12-09 16:25:00,DAL,Zack Martin leaves for locker room with knee injury,https://www.nbcsports.com/nfl/profootballtalk/rumor-mill/news/zack-martin-leaves-for-locker-room-with-knee-injury
2019,2019-09-15 13:21:16,2019-09-15 16:25:00,NO,Aaron Donald questionable to return with back injury,https://www.nbcsports.com/nfl/profootballtalk/rumor-mill/news/aaron-donald-questionable-to-return-with-back-injury
2019,2019-09-22 14:59:12,2019-09-22 16:25:00,PIT,Ahkello Witherspoon carted off with foot injury,https://www.nbcsports.com/nfl/profootballtalk/rumor-mill/news/ahkello-witherspoon-carted-off-with-foot-injury
2019,2019-09-08 11:33:52,2019-09-08 13:00:00,BUF,C.J. Mosley doubtful to return with groin injury,https://www.nbcsports.com/nfl/profootballtalk/rumor-mill/news/c-j-mosley-doubtful-to-return-with-groin-injury
2019,2019-09-08 09:22:07,2019-09-08 13:00:00,BUF,"C.J. Mosley returns pick for touchdown, Kaare Vedvik misses XP",https://www.nbcsports.com/nfl/profootballtalk/rumor-mill/news/c-j-mosley-returns-pick-for-touchdown-kaare-vedvik-misses-xp
2019,2019-09-15 09:46:05,2019-09-15 13:00:00,ARI,David Johnson questionable to return with wrist injury,https://www.nbcsports.com/nfl/profootballtalk/rumor-mill/news/david-johnson-questionable-to-return-with-wrist-injury-2
2019,2019-09-22 11:10:52,2019-09-22 16:25:00,SF,"Donte Moncrief inactive for Steelers; Dee Ford, Jason Verrett active for 49ers",https://www.nbcsports.com/nfl/profootballtalk/rumor-mill/news/donte-moncrief-among-steelers-inactives-dee-ford-jason-verrett-active
2019,2019-09-22 10:12:47,2019-09-22 13:00:00,MIA,"Josh Rosen pulled from game for concussion test, but returns",https://www.nbcsports.com/nfl/profootballtalk/rumor-mill/news/josh-rosen-pulled-from-game-for-concussion-test-but-returns
2019,2019-09-22 10:12:47,2019-09-22 13:00:00,MIA,"Josh Rosen pulled from game for concussion test, but returns",https://www.nbcsports.com/nfl/profootballtalk/rumor-mill/news/josh-rosen-pulled-from-game-for-concussion-test-but-returns
2019,2019-09-08 15:24:18,2019-09-08 20:20:00,PIT,"Kyle Van Noy inactive, for the best reason",https://www.nbcsports.com/nfl/profootballtalk/rumor-mill/news/kyle-van-noy-inactive-for-the-best-reason
2019,2019-09-15 11:25:37,2019-09-15 13:00:00,HOU,Laremy Tunsil limps off with ankle injury as Texans take 13-3 lead,https://www.nbcsports.com/nfl/profootballtalk/rumor-mill/news/laremy-tunsil-limps-off-with-ankle-injury-as-texans-take-13-3-lead
2019,2019-09-15 11:25:37,2019-09-15 13:00:00,JAX,Laremy Tunsil limps off with ankle injury as Texans take 13-3 lead,https://www.nbcsports.com/nfl/profootballtalk/rumor-mill/news/laremy-tunsil-limps-off-with-ankle-injury-as-texans-take-13-3-lead
2019,2019-09-29 03:49:35,2019-09-29 13:00:00,DET,Matthew Stafford expected to play,https://www.nbcsports.com/nfl/profootballtalk/rumor-mill/news/matthew-stafford-expected-to-play
2019,2019-09-29 03:49:35,2019-09-29 13:00:00,DET,Matthew Stafford expected to play,https://www.nbcsports.com/nfl/profootballtalk/rumor-mill/news/matthew-stafford-expected-to-play
2019,2019-09-29 03:49:35,2019-09-29 13:00:00,DET,Matthew Stafford expected to play,https://www.nbcsports.com/nfl/profootballtalk/rumor-mill/news/matthew-stafford-expected-to-play
2019,2019-09-08 10:42:12,2019-09-08 16:05:00,LAC,Michael Badgley officially out for the Chargers,https://www.nbcsports.com/nfl/profootballtalk/rumor-mill/news/michael-badgley-officially-out-for-the-chargers
2019,2019-09-08 10:42:12,2019-09-08 16:05:00,LAC,Michael Badgley officially out for the Chargers,https://www.nbcsports.com/nfl/profootballtalk/rumor-mill/news/michael-badgley-officially-out-for-the-chargers
2019,2019-09-08 09:39:33,2019-09-08 13:00:00,JAX,Nick Foles is out with shoulder injury,https://www.nbcsports.com/nfl/profootballtalk/rumor-mill/news/nick-foles-is-out-with-shoulder-injury
2019,2019-09-08 09:39:33,2019-09-08 13:00:00,JAX,Nick Foles is out with shoulder injury,https://www.nbcsports.com/nfl/profootballtalk/rumor-mill/news/nick-foles-is-out-with-shoulder-injury
2019,2019-09-22 11:03:29,2019-09-22 16:25:00,NO,Rashaad Penny inactive for Seahawks,https://www.nbcsports.com/nfl/profootballtalk/rumor-mill/news/rashaad-penny-inactive-for-seahawks
2019,2019-09-15 05:32:14,2019-09-15 13:00:00,JAX,Report: Jaguars wanted Chris Jones fined for hit that injured Nick Foles,https://www.nbcsports.com/nfl/profootballtalk/rumor-mill/news/report-jaguars-wanted-chris-jones-fined-for-hit-that-injured-nick-foles
2019,2019-09-15 12:53:52,2019-09-15 13:00:00,PIT,"Steelers say Ben Roethlisberger, James Conner being evaluated after injuries",https://www.nbcsports.com/nfl/profootballtalk/rumor-mill/news/steelers-say-ben-roethlisberger-james-conner-being-evaluated-after-injuries
2019,2019-09-15 12:53:52,2019-09-15 13:00:00,PIT,"Steelers say Ben Roethlisberger, James Conner being evaluated after injuries",https://www.nbcsports.com/nfl/profootballtalk/rumor-mill/news/steelers-say-ben-roethlisberger-james-conner-being-evaluated-after-injuries
2019,2019-09-08 11:12:20,2019-09-08 16:25:00,NYG,"Taco Charlton, Trysten Hill among Cowboys inactives",https://www.nbcsports.com/nfl/profootballtalk/rumor-mill/news/taco-charlton-trysten-hill-among-cowboys-inactives
2019,2019-09-15 12:59:44,2019-09-15 16:25:00,NO,Teddy Bridgewater in after Drew Brees hurts hand,https://www.nbcsports.com/nfl/profootballtalk/rumor-mill/news/teddy-bridgewater-in-after-drew-brees-hurts-hand
2019,2019-09-15 12:59:44,2019-09-15 16:25:00,NO,Teddy Bridgewater in after Drew Brees hurts hand,https://www.nbcsports.com/nfl/profootballtalk/rumor-mill/news/teddy-bridgewater-in-after-drew-brees-hurts-hand
2019,2019-09-15 14:22:51,2019-09-15 16:25:00,NO,"Tyler Higbee, Andrus Peat, Austin Blythe leave with injuries in L.A.",https://www.nbcsports.com/nfl/profootballtalk/rumor-mill/news/tyler-higbee-andrus-peat-austin-blythe-leave-with-injuries-in-l-a
2019,2019-09-08 12:21:10,2019-09-08 13:00:00,JAX,Tyreek Hill is having tests on injured collarbone,https://www.nbcsports.com/nfl/profootballtalk/rumor-mill/news/tyreek-hill-is-having-tests-on-injured-collarbone
2019,2019-09-08 09:48:56,2019-09-08 13:00:00,KC,Tyreek Hill questionable with shoulder injury,https://www.nbcsports.com/nfl/profootballtalk/rumor-mill/news/tyreek-hill-questionable-with-shoulder-injury
2019,2019-09-29 19:57:59,2019-09-29 20:20:00,DAL,Tyron Smith has high-ankle sprain,https://www.nbcsports.com/nfl/profootballtalk/rumor-mill/news/tyron-smith-has-high-ankle-sprain
2019,2019-09-29 07:32:15,2019-09-29 13:00:00,OAK,Week Four early inactives,https://www.nbcsports.com/nfl/profootballtalk/rumor-mill/news/week-four-early-inactives-8
2019,2019-09-29 07:32:15,2019-09-29 13:00:00,NE,Week Four early inactives,https://www.nbcsports.com/nfl/profootballtalk/rumor-mill/news/week-four-early-inactives-8
2019,2019-09-29 07:32:15,2019-09-29 13:00:00,BAL,Week Four early inactives,https://www.nbcsports.com/nfl/profootballtalk/rumor-mill/news/week-four-early-inactives-8
2019,2019-09-29 07:32:15,2019-09-29 13:00:00,CAR,Week Four early inactives,https://www.nbcsports.com/nfl/profootballtalk/rumor-mill/news/week-four-early-inactives-8
2019,2019-09-29 07:32:15,2019-09-29 13:00:00,HOU,Week Four early inactives,https://www.nbcsports.com/nfl/profootballtalk/rumor-mill/news/week-four-early-inactives-8
2019,2019-09-29 07:32:15,2019-09-29 13:00:00,LAC,Week Four early inactives,https://www.nbcsports.com/nfl/profootballtalk/rumor-mill/news/week-four-early-inactives-8
2019,2019-09-29 07:32:15,2019-09-29 13:00:00,WAS,Week Four early inactives,https://www.nbcsports.com/nfl/profootballtalk/rumor-mill/news/week-four-early-inactives-8
2019,2019-09-29 07:32:15,2019-09-29 13:00:00,NYG,Week Four early inactives,https://www.nbcsports.com/nfl/profootballtalk/rumor-mill/news/week-four-early-inactives-8
2019,2019-09-08 07:34:00,2019-09-08 13:00:00,WAS,Week One early inactives,https://www.nbcsports.com/nfl/profootballtalk/rumor-mill/news/week-one-early-inactives-9
2019,2019-09-08 07:34:00,2019-09-08 13:00:00,PHI,Week One early inactives,https://www.nbcsports.com/nfl/profootballtalk/rumor-mill/news/week-one-early-inactives-9
2019,2019-09-08 07:34:00,2019-09-08 13:00:00,CAR,Week One early inactives,https://www.nbcsports.com/nfl/profootballtalk/rumor-mill/news/week-one-early-inactives-9
2019,2019-09-08 07:34:00,2019-09-08 13:00:00,CLE,Week One early inactives,https://www.nbcsports.com/nfl/profootballtalk/rumor-mill/news/week-one-early-inactives-9
2019,2019-09-08 07:34:00,2019-09-08 13:00:00,BAL,Week One early inactives,https://www.nbcsports.com/nfl/profootballtalk/rumor-mill/news/week-one-early-inactives-9
2019,2019-09-22 07:36:14,2019-09-22 13:00:00,DET,Week Three early inactives,https://www.nbcsports.com/nfl/profootballtalk/rumor-mill/news/week-three-early-inactives-8
2019,2019-09-22 07:36:14,2019-09-22 13:00:00,NYJ,Week Three early inactives,https://www.nbcsports.com/nfl/profootballtalk/rumor-mill/news/week-three-early-inactives-8
2019,2019-09-22 07:36:14,2019-09-22 13:00:00,CIN,Week Three early inactives,https://www.nbcsports.com/nfl/profootballtalk/rumor-mill/news/week-three-early-inactives-8
2019,2019-09-22 07:36:14,2019-09-22 13:00:00,BAL,Week Three early inactives,https://www.nbcsports.com/nfl/profootballtalk/rumor-mill/news/week-three-early-inactives-8
2019,2019-09-22 07:36:14,2019-09-22 13:00:00,OAK,Week Three early inactives,https://www.nbcsports.com/nfl/profootballtalk/rumor-mill/news/week-three-early-inactives-8
2019,2019-09-15 07:33:53,2019-09-15 13:00:00,HOU,Week Two early inactives,https://www.nbcsports.com/nfl/profootballtalk/rumor-mill/news/week-two-early-inactives-10
2019,2019-09-15 07:33:53,2019-09-15 13:00:00,BAL,Week Two early inactives,https://www.nbcsports.com/nfl/profootballtalk/rumor-mill/news/week-two-early-inactives-10
2019,2019-09-15 07:33:53,2019-09-15 13:00:00,SF,Week Two early inactives,https://www.nbcsports.com/nfl/profootballtalk/rumor-mill/news/week-two-early-inactives-10
2019,2019-09-15 07:33:53,2019-09-15 13:00:00,CIN,Week Two early inactives,https://www.nbcsports.com/nfl/profootballtalk/rumor-mill/news/week-two-early-inactives-10
2019,2019-09-15 07:33:53,2019-09-15 13:00:00,LAC,Week Two early inactives,https://www.nbcsports.com/nfl/profootballtalk/rumor-mill/news/week-two-early-inactives-10
2019,2019-09-15 07:33:53,2019-09-15 13:00:00,DET,Week Two early inactives,https://www.nbcsports.com/nfl/profootballtalk/rumor-mill/news/week-two-early-inactives-10
2019,2019-09-15 07:33:53,2019-09-15 13:00:00,NYG,Week Two early inactives,https://www.nbcsports.com/nfl/profootballtalk/rumor-mill/news/week-two-early-inactives-10
2019,2019-09-15 07:33:53,2019-09-15 13:00:00,WAS,Week Two early inactives,https://www.nbcsports.com/nfl/profootballtalk/rumor-mill/news/week-two-early-inactives-10
2019,2019-09-08 10:54:44,2019-09-08 16:05:00,CIN,Ziggy Ansah inactive for the Seahawks,https://www.nbcsports.com/nfl/profootballtalk/rumor-mill/news/ziggy-ansah-inactive-for-the-seahawks
2019,2019-10-27 18:02:44,2019-10-27 20:20:00,KC,Aaron Jones questionable to return with shoulder injury,https://www.nbcsports.com/nfl/profootballtalk/rumor-mill/news/aaron-jones-questionable-to-return-with-shoulder-injury
2019,2019-10-27 18:02:44,2019-10-27 20:20:00,KC,Aaron Jones questionable to return with shoulder injury,https://www.nbcsports.com/nfl/profootballtalk/rumor-mill/news/aaron-jones-questionable-to-return-with-shoulder-injury
2019,2019-10-13 03:22:22,2019-10-13 13:00:00,NO,Alvin Kamara expected to play Sunday,https://www.nbcsports.com/nfl/profootballtalk/rumor-mill/news/alvin-kamara-expected-to-play-sunday
2019,2019-10-13 13:08:52,2019-10-13 16:25:00,DAL,Amari Cooper watching from sideline with quadriceps injury,https://www.nbcsports.com/nfl/profootballtalk/rumor-mill/news/amari-cooper-watching-from-sideline-with-quadriceps-injury
2019,2019-10-27 12:01:46,2019-10-27 13:00:00,CHI,Chargers win as Bears miss last-second field goal,https://www.nbcsports.com/nfl/profootballtalk/rumor-mill/news/chargers-win-as-bears-miss-last-second-field-goal
2019,2019-10-27 12:01:46,2019-10-27 13:00:00,LAC,Chargers win as Bears miss last-second field goal,https://www.nbcsports.com/nfl/profootballtalk/rumor-mill/news/chargers-win-as-bears-miss-last-second-field-goal
2019,2019-10-06 11:22:25,2019-10-06 13:00:00,NYJ,Darren Sproles leaves with quad injury,https://www.nbcsports.com/nfl/profootballtalk/rumor-mill/news/darren-sproles-leaves-with-quad-injury
2019,2019-10-20 12:44:00,2019-10-20 13:00:00,OAK,Derek Carr: Extending ball with one hand was stupid,https://www.nbcsports.com/nfl/profootballtalk/rumor-mill/news/derek-carr-extending-ball-with-one-hand-was-stupid
2019,2019-10-06 18:31:48,2019-10-06 20:20:00,KC,Injuries piling up for the Chiefs,https://www.nbcsports.com/nfl/profootballtalk/rumor-mill/news/injuries-piling-up-for-the-chiefs
2019,2019-10-27 14:03:17,2019-10-27 16:25:00,OAK,J.J. Watt has shoulder injury and Texans trail Raiders 14-10 at halftime,https://www.nbcsports.com/nfl/profootballtalk/rumor-mill/news/j-j-watt-has-shoulder-injury-and-texans-trail-raiders-14-10-at-halftime
2019,2019-10-27 14:03:17,2019-10-27 16:25:00,HOU,J.J. Watt has shoulder injury and Texans trail Raiders 14-10 at halftime,https://www.nbcsports.com/nfl/profootballtalk/rumor-mill/news/j-j-watt-has-shoulder-injury-and-texans-trail-raiders-14-10-at-halftime
2019,2019-10-27 14:32:30,2019-10-27 16:25:00,OAK,"J.J. Watt, Lonnie Johnson ruled out by Texans",https://www.nbcsports.com/nfl/profootballtalk/rumor-mill/news/j-j-watt-lonnie-johnson-ruled-out-by-texans
2019,2019-10-27 10:44:51,2019-10-27 16:05:00,SF,Marquise Goodwin inactive for the 49ers,https://www.nbcsports.com/nfl/profootballtalk/rumor-mill/news/marquise-goodwin-inactive-for-the-49ers
2019,2019-10-27 10:44:51,2019-10-27 16:05:00,CAR,Marquise Goodwin inactive for the 49ers,https://www.nbcsports.com/nfl/profootballtalk/rumor-mill/news/marquise-goodwin-inactive-for-the-49ers
2019,2019-10-20 12:34:10,2019-10-20 13:00:00,ATL,Matt Ryan’s right foot in boot after Falcons loss,https://www.nbcsports.com/nfl/profootballtalk/rumor-mill/news/matt-ryans-right-foot-in-boot-after-falcons-loss
2019,2019-10-20 12:34:10,2019-10-20 13:00:00,ATL,Matt Ryan’s right foot in boot after Falcons loss,https://www.nbcsports.com/nfl/profootballtalk/rumor-mill/news/matt-ryans-right-foot-in-boot-after-falcons-loss
2019,2019-10-06 10:47:47,2019-10-06 16:05:00,LAC,Melvin Ingram inactive for Chargers,https://www.nbcsports.com/nfl/profootballtalk/rumor-mill/news/melvin-ingram-inactive-for-chargers
2019,2019-10-20 10:43:35,2019-10-20 16:05:00,LAC,"Melvin Ingram, Michael Badgley inactive for Chargers",https://www.nbcsports.com/nfl/profootballtalk/rumor-mill/news/melvin-ingram-michael-badgley-inactive-for-chargers
2019,2019-10-27 15:39:49,2019-10-27 16:25:00,HOU,"Texans survive injuries, Raiders 27-24",https://www.nbcsports.com/nfl/profootballtalk/rumor-mill/news/texans-survive-injuries-raiders-27-24
2019,2019-10-06 08:19:36,2019-10-06 13:00:00,OAK,"Tyrell Williams, J.J. Nelson out for Raiders",https://www.nbcsports.com/nfl/profootballtalk/rumor-mill/news/tyrell-williams-j-j-nelson-out-for-raiders
2019,2019-10-06 09:29:22,2019-10-06 13:00:00,NYG,Wayne Gallman being evaluated for a concussion,https://www.nbcsports.com/nfl/profootballtalk/rumor-mill/news/wayne-gallman-being-evaluated-for-a-concussion
2019,2019-10-27 07:31:45,2019-10-27 13:00:00,ATL,Week Eight early inactives,https://www.nbcsports.com/nfl/profootballtalk/rumor-mill/news/week-eight-early-inactives-9
2019,2019-10-27 07:31:45,2019-10-27 13:00:00,LAC,Week Eight early inactives,https://www.nbcsports.com/nfl/profootballtalk/rumor-mill/news/week-eight-early-inactives-9
2019,2019-10-27 07:31:45,2019-10-27 13:00:00,NYG,Week Eight early inactives,https://www.nbcsports.com/nfl/profootballtalk/rumor-mill/news/week-eight-early-inactives-9
2019,2019-10-27 07:31:45,2019-10-27 13:00:00,DET,Week Eight early inactives,https://www.nbcsports.com/nfl/profootballtalk/rumor-mill/news/week-eight-early-inactives-9
2019,2019-10-27 07:31:45,2019-10-27 13:00:00,CIN,Week Eight early inactives,https://www.nbcsports.com/nfl/profootballtalk/rumor-mill/news/week-eight-early-inactives-9
2019,2019-10-06 07:34:25,2019-10-06 13:00:00,CAR,Week Five early inactives,https://www.nbcsports.com/nfl/profootballtalk/rumor-mill/news/week-five-early-inactives-9
2019,2019-10-06 07:34:25,2019-10-06 13:00:00,NYJ,Week Five early inactives,https://www.nbcsports.com/nfl/profootballtalk/rumor-mill/news/week-five-early-inactives-9
2019,2019-10-06 07:34:25,2019-10-06 13:00:00,PHI,Week Five early inactives,https://www.nbcsports.com/nfl/profootballtalk/rumor-mill/news/week-five-early-inactives-9
2019,2019-10-06 07:34:25,2019-10-06 13:00:00,NYG,Week Five early inactives,https://www.nbcsports.com/nfl/profootballtalk/rumor-mill/news/week-five-early-inactives-9
2019,2019-10-06 07:34:25,2019-10-06 13:00:00,NE,Week Five early inactives,https://www.nbcsports.com/nfl/profootballtalk/rumor-mill/news/week-five-early-inactives-9
2019,2019-10-06 07:34:25,2019-10-06 13:00:00,WAS,Week Five early inactives,https://www.nbcsports.com/nfl/profootballtalk/rumor-mill/news/week-five-early-inactives-9
2019,2019-10-06 07:34:25,2019-10-06 13:00:00,CIN,Week Five early inactives,https://www.nbcsports.com/nfl/profootballtalk/rumor-mill/news/week-five-early-inactives-9
2019,2019-10-06 07:34:25,2019-10-06 13:00:00,HOU,Week Five early inactives,https://www.nbcsports.com/nfl/profootballtalk/rumor-mill/news/week-five-early-inactives-9
2019,2019-10-06 07:34:25,2019-10-06 13:00:00,NO,Week Five early inactives,https://www.nbcsports.com/nfl/profootballtalk/rumor-mill/news/week-five-early-inactives-9
2019,2019-10-06 07:34:25,2019-10-06 13:00:00,CHI,Week Five early inactives,https://www.nbcsports.com/nfl/profootballtalk/rumor-mill/news/week-five-early-inactives-9
2019,2019-10-06 07:34:25,2019-10-06 13:00:00,OAK,Week Five early inactives,https://www.nbcsports.com/nfl/profootballtalk/rumor-mill/news/week-five-early-inactives-9
2019,2019-10-06 07:34:25,2019-10-06 13:00:00,BAL,Week Five early inactives,https://www.nbcsports.com/nfl/profootballtalk/rumor-mill/news/week-five-early-inactives-9
2019,2019-10-20 07:37:06,2019-10-20 13:00:00,OAK,Week Seven early inactives,https://www.nbcsports.com/nfl/profootballtalk/rumor-mill/news/week-seven-early-inactives-9
2019,2019-10-20 07:37:06,2019-10-20 13:00:00,DET,Week Seven early inactives,https://www.nbcsports.com/nfl/profootballtalk/rumor-mill/news/week-seven-early-inactives-9
2019,2019-10-20 07:37:06,2019-10-20 13:00:00,NYG,Week Seven early inactives,https://www.nbcsports.com/nfl/profootballtalk/rumor-mill/news/week-seven-early-inactives-9
2019,2019-10-20 07:37:06,2019-10-20 13:00:00,SF,Week Seven early inactives,https://www.nbcsports.com/nfl/profootballtalk/rumor-mill/news/week-seven-early-inactives-9
2019,2019-10-20 07:37:06,2019-10-20 13:00:00,WAS,Week Seven early inactives,https://www.nbcsports.com/nfl/profootballtalk/rumor-mill/news/week-seven-early-inactives-9
2019,2019-10-13 07:34:03,2019-10-13 13:00:00,CIN,Week Six early inactives,https://www.nbcsports.com/nfl/profootballtalk/rumor-mill/news/week-six-early-inactives-9
2019,2019-10-13 07:34:03,2019-10-13 13:00:00,BAL,Week Six early inactives,https://www.nbcsports.com/nfl/profootballtalk/rumor-mill/news/week-six-early-inactives-9
2019,2019-10-13 07:34:03,2019-10-13 13:00:00,NO,Week Six early inactives,https://www.nbcsports.com/nfl/profootballtalk/rumor-mill/news/week-six-early-inactives-9
2019,2019-10-13 07:34:03,2019-10-13 13:00:00,HOU,Week Six early inactives,https://www.nbcsports.com/nfl/profootballtalk/rumor-mill/news/week-six-early-inactives-9
2019,2019-10-13 07:34:03,2019-10-13 13:00:00,WAS,Week Six early inactives,https://www.nbcsports.com/nfl/profootballtalk/rumor-mill/news/week-six-early-inactives-9
2019,2019-10-20 09:24:49,2019-10-20 13:00:00,IND,Will Fuller questionable with hamstring injury,https://www.nbcsports.com/nfl/profootballtalk/rumor-mill/news/will-fuller-questionable-with-hamstring-injury
2019,2019-11-03 08:43:43,2019-11-03 13:00:00,MIN,Adam Thielen questionable to return with his hamstring injury,https://www.nbcsports.com/nfl/profootballtalk/rumor-mill/news/adam-thielen-questionable-to-return-with-his-hamstring-injury
2019,2019-11-03 11:19:15,2019-11-03 13:00:00,IND,Adam Vinatieri misses late go-ahead kick as Steelers hang on 26-24,https://www.nbcsports.com/nfl/profootballtalk/rumor-mill/news/adam-vinatieri-misses-late-go-ahead-kick-as-steelers-hang-on-26-24
2019,2019-11-03 11:19:15,2019-11-03 13:00:00,PIT,Adam Vinatieri misses late go-ahead kick as Steelers hang on 26-24,https://www.nbcsports.com/nfl/profootballtalk/rumor-mill/news/adam-vinatieri-misses-late-go-ahead-kick-as-steelers-hang-on-26-24
2019,2019-11-03 11:19:15,2019-11-03 13:00:00,IND,Adam Vinatieri misses late go-ahead kick as Steelers hang on 26-24,https://www.nbcsports.com/nfl/profootballtalk/rumor-mill/news/adam-vinatieri-misses-late-go-ahead-kick-as-steelers-hang-on-26-24
2019,2019-11-03 11:19:15,2019-11-03 13:00:00,PIT,Adam Vinatieri misses late go-ahead kick as Steelers hang on 26-24,https://www.nbcsports.com/nfl/profootballtalk/rumor-mill/news/adam-vinatieri-misses-late-go-ahead-kick-as-steelers-hang-on-26-24
2019,2019-11-17 18:53:09,2019-11-17 20:20:00,CHI,Bears claim a hip injury forced Mitchell Trubisky out,https://www.nbcsports.com/nfl/profootballtalk/rumor-mill/news/bears-claim-a-hip-injury-forced-mitchell-trubisky-out
2019,2019-11-17 18:53:09,2019-11-17 20:20:00,CHI,Bears claim a hip injury forced Mitchell Trubisky out,https://www.nbcsports.com/nfl/profootballtalk/rumor-mill/news/bears-claim-a-hip-injury-forced-mitchell-trubisky-out
2019,2019-11-24 08:49:58,2019-11-24 13:00:00,PHI,Brandon Brooks questionable to return for Eagles,https://www.nbcsports.com/nfl/profootballtalk/rumor-mill/news/brandon-brooks-questionable-to-return-for-eagles
2019,2019-11-24 11:42:08,2019-11-24 13:00:00,PHI,"Carson Wentz had right hand x-rayed, more tests to come",https://www.nbcsports.com/nfl/profootballtalk/rumor-mill/news/carson-wentz-had-right-hand-x-rayed-more-tests-to-come
2019,2019-11-10 17:27:58,2019-11-10 20:20:00,DAL,Cowboys take first lead on Amari Cooper’s toe-tapping touchdown,https://www.nbcsports.com/nfl/profootballtalk/rumor-mill/news/cowboys-take-first-lead-on-amari-coopers-toe-tapping-touchdown
2019,2019-11-24 11:54:53,2019-11-24 13:00:00,WAS,Dwayne Haskins misses victory formation while taking photo with fans,https://www.nbcsports.com/nfl/profootballtalk/rumor-mill/news/dwayne-haskins-misses-victory-formation-while-taking-photo-with-fans
2019,2019-11-24 11:54:53,2019-11-24 13:00:00,WAS,Dwayne Haskins misses victory formation while taking photo with fans,https://www.nbcsports.com/nfl/profootballtalk/rumor-mill/news/dwayne-haskins-misses-victory-formation-while-taking-photo-with-fans
2019,2019-11-24 11:54:53,2019-11-24 13:00:00,DET,Dwayne Haskins misses victory formation while taking photo with fans,https://www.nbcsports.com/nfl/profootballtalk/rumor-mill/news/dwayne-haskins-misses-victory-formation-while-taking-photo-with-fans
2019,2019-11-03 11:37:47,2019-11-03 13:00:00,IND,Frank Reich thinks Jacoby Brissett has MCL sprain,https://www.nbcsports.com/nfl/profootballtalk/rumor-mill/news/frank-reich-thinks-jacoby-brissett-has-mcl-sprain
2019,2019-11-03 11:37:47,2019-11-03 13:00:00,IND,Frank Reich thinks Jacoby Brissett has MCL sprain,https://www.nbcsports.com/nfl/profootballtalk/rumor-mill/news/frank-reich-thinks-jacoby-brissett-has-mcl-sprain
2019,2019-11-10 09:11:08,2019-11-10 13:00:00,NYG,"Giants lose Nate Solder to concussion, cut Jets lead to 14-13",https://www.nbcsports.com/nfl/profootballtalk/rumor-mill/news/giants-lose-nate-solder-to-concussion-cut-jets-lead-to-14-13
2019,2019-11-17 12:32:24,2019-11-17 13:00:00,TB,Jameis Winston says ankle will be fine for next week,https://www.nbcsports.com/nfl/profootballtalk/rumor-mill/news/jameis-winston-says-ankle-will-be-fine-for-next-week
2019,2019-11-17 12:32:24,2019-11-17 13:00:00,TB,Jameis Winston says ankle will be fine for next week,https://www.nbcsports.com/nfl/profootballtalk/rumor-mill/news/jameis-winston-says-ankle-will-be-fine-for-next-week
2019,2019-11-10 10:01:08,2019-11-10 16:25:00,GB,James Bradberry inactive for Panthers at Packers,https://www.nbcsports.com/nfl/profootballtalk/rumor-mill/news/james-bradberry-inactive-for-panthers-at-packers
2019,2019-11-24 10:19:52,2019-11-24 16:25:00,NE,"Jason McCourty, Mohamed Sanu, Phillip Dorsett are inactive",https://www.nbcsports.com/nfl/profootballtalk/rumor-mill/news/jason-mccourty-mohamed-sanu-phillip-dorsett-are-inactive
2019,2019-11-24 10:19:52,2019-11-24 16:25:00,NE,"Jason McCourty, Mohamed Sanu, Phillip Dorsett are inactive",https://www.nbcsports.com/nfl/profootballtalk/rumor-mill/news/jason-mccourty-mohamed-sanu-phillip-dorsett-are-inactive
2019,2019-11-24 06:57:15,2019-11-24 13:00:00,WAS,Josh Norman active despite reports he’d be scratched,https://www.nbcsports.com/nfl/profootballtalk/rumor-mill/news/josh-norman-active-despite-reports-hed-be-scratched
2019,2019-11-03 13:57:00,2019-11-03 20:20:00,NE,N’Keal Harry inactive for Sunday night’s game,https://www.nbcsports.com/nfl/profootballtalk/rumor-mill/news/nkeal-harry-inactive-for-sunday-nights-game
2019,2019-11-03 13:57:00,2019-11-03 20:20:00,BAL,N’Keal Harry inactive for Sunday night’s game,https://www.nbcsports.com/nfl/profootballtalk/rumor-mill/news/nkeal-harry-inactive-for-sunday-nights-game
2019,2019-11-03 02:53:01,2019-11-03 13:00:00,KC,Patrick Mahomes expected to sit out on Sunday,https://www.nbcsports.com/nfl/profootballtalk/rumor-mill/news/patrick-mahomes-expected-to-sit-out-on-sunday
2019,2019-11-03 02:53:01,2019-11-03 13:00:00,KC,Patrick Mahomes expected to sit out on Sunday,https://www.nbcsports.com/nfl/profootballtalk/rumor-mill/news/patrick-mahomes-expected-to-sit-out-on-sunday
2019,2019-11-03 02:53:01,2019-11-03 13:00:00,KC,Patrick Mahomes expected to sit out on Sunday,https://www.nbcsports.com/nfl/profootballtalk/rumor-mill/news/patrick-mahomes-expected-to-sit-out-on-sunday
2019,2019-11-03 06:46:32,2019-11-03 13:00:00,KC,Patrick Mahomes officially inactive against Vikings,https://www.nbcsports.com/nfl/profootballtalk/rumor-mill/news/patrick-mahomes-officially-inactive-against-vikings
2019,2019-11-03 06:46:32,2019-11-03 13:00:00,KC,Patrick Mahomes officially inactive against Vikings,https://www.nbcsports.com/nfl/profootballtalk/rumor-mill/news/patrick-mahomes-officially-inactive-against-vikings
2019,2019-11-10 05:53:50,2019-11-10 16:25:00,CAR,Report: Cam Newton considering foot surgery,https://www.nbcsports.com/nfl/profootballtalk/rumor-mill/news/report-cam-newton-considering-foot-surgery
2019,2019-11-03 01:45:13,2019-11-03 13:00:00,CAR,"Report: Cam Newton out several more weeks, may go on injured reserve",https://www.nbcsports.com/nfl/profootballtalk/rumor-mill/news/report-cam-newton-out-several-more-weeks-may-go-on-injured-reserve
2019,2019-11-03 01:45:13,2019-11-03 13:00:00,CAR,"Report: Cam Newton out several more weeks, may go on injured reserve",https://www.nbcsports.com/nfl/profootballtalk/rumor-mill/news/report-cam-newton-out-several-more-weeks-may-go-on-injured-reserve
2019,2019-11-03 12:35:32,2019-11-03 16:05:00,TB,"Seahawks get closer, but kicking woes hurt",https://www.nbcsports.com/nfl/profootballtalk/rumor-mill/news/seahawks-get-closer-but-kicking-woes-hurt
2019,2019-11-03 18:21:28,2019-11-03 20:20:00,BAL,Sunday Night wrap-up: Ravens hand Patriots their first loss,https://www.nbcsports.com/nfl/profootballtalk/rumor-mill/news/sunday-night-wrap-up-ravens-hand-patriots-their-first-loss
2019,2019-11-10 06:33:37,2019-11-10 13:00:00,NYG,Week 10 early inactives,https://www.nbcsports.com/nfl/profootballtalk/rumor-mill/news/week-10-early-inactives-9
2019,2019-11-10 06:33:37,2019-11-10 13:00:00,DET,Week 10 early inactives,https://www.nbcsports.com/nfl/profootballtalk/rumor-mill/news/week-10-early-inactives-9
2019,2019-11-10 06:33:37,2019-11-10 13:00:00,BAL,Week 10 early inactives,https://www.nbcsports.com/nfl/profootballtalk/rumor-mill/news/week-10-early-inactives-9
2019,2019-11-10 06:33:37,2019-11-10 13:00:00,CIN,Week 10 early inactives,https://www.nbcsports.com/nfl/profootballtalk/rumor-mill/news/week-10-early-inactives-9
2019,2019-11-10 06:33:37,2019-11-10 13:00:00,KC,Week 10 early inactives,https://www.nbcsports.com/nfl/profootballtalk/rumor-mill/news/week-10-early-inactives-9
2019,2019-11-17 06:32:24,2019-11-17 13:00:00,BAL,Week 11 early inactives,https://www.nbcsports.com/nfl/profootballtalk/rumor-mill/news/week-11-early-inactives-9
2019,2019-11-17 06:32:24,2019-11-17 13:00:00,DET,Week 11 early inactives,https://www.nbcsports.com/nfl/profootballtalk/rumor-mill/news/week-11-early-inactives-9
2019,2019-11-17 06:32:24,2019-11-17 13:00:00,IND,Week 11 early inactives,https://www.nbcsports.com/nfl/profootballtalk/rumor-mill/news/week-11-early-inactives-9
2019,2019-11-17 06:32:24,2019-11-17 13:00:00,WAS,Week 11 early inactives,https://www.nbcsports.com/nfl/profootballtalk/rumor-mill/news/week-11-early-inactives-9
2019,2019-11-24 06:32:43,2019-11-24 13:00:00,NYG,Week 12 early inactives,https://www.nbcsports.com/nfl/profootballtalk/rumor-mill/news/week-12-early-inactives-9
2019,2019-11-24 06:32:43,2019-11-24 13:00:00,PIT,Week 12 early inactives,https://www.nbcsports.com/nfl/profootballtalk/rumor-mill/news/week-12-early-inactives-9
2019,2019-11-24 06:32:43,2019-11-24 13:00:00,CIN,Week 12 early inactives,https://www.nbcsports.com/nfl/profootballtalk/rumor-mill/news/week-12-early-inactives-9
2019,2019-11-24 06:32:43,2019-11-24 13:00:00,OAK,Week 12 early inactives,https://www.nbcsports.com/nfl/profootballtalk/rumor-mill/news/week-12-early-inactives-9
2019,2019-11-24 06:32:43,2019-11-24 13:00:00,PHI,Week 12 early inactives,https://www.nbcsports.com/nfl/profootballtalk/rumor-mill/news/week-12-early-inactives-9
2019,2019-11-24 06:32:43,2019-11-24 13:00:00,DET,Week 12 early inactives,https://www.nbcsports.com/nfl/profootballtalk/rumor-mill/news/week-12-early-inactives-9
2019,2019-11-24 06:32:43,2019-11-24 13:00:00,WAS,Week 12 early inactives,https://www.nbcsports.com/nfl/profootballtalk/rumor-mill/news/week-12-early-inactives-9
2019,2019-11-03 06:35:28,2019-11-03 13:00:00,PIT,Week Nine early inactives,https://www.nbcsports.com/nfl/profootballtalk/rumor-mill/news/week-nine-early-inactives-10
2019,2019-11-03 06:35:28,2019-11-03 13:00:00,WAS,Week Nine early inactives,https://www.nbcsports.com/nfl/profootballtalk/rumor-mill/news/week-nine-early-inactives-10
2019,2019-11-03 06:35:28,2019-11-03 13:00:00,KC,Week Nine early inactives,https://www.nbcsports.com/nfl/profootballtalk/rumor-mill/news/week-nine-early-inactives-10
2019,2019-11-03 06:35:28,2019-11-03 13:00:00,PHI,Week Nine early inactives,https://www.nbcsports.com/nfl/profootballtalk/rumor-mill/news/week-nine-early-inactives-10
2019,2019-11-03 06:35:28,2019-11-03 13:00:00,CAR,Week Nine early inactives,https://www.nbcsports.com/nfl/profootballtalk/rumor-mill/news/week-nine-early-inactives-10
2019,2019-12-01 12:58:38,2019-12-01 13:00:00,CLE,Baker Mayfield doesn’t expect hand injury will keep him out,https://www.nbcsports.com/nfl/profootballtalk/rumor-mill/news/baker-mayfield-doesnt-expect-hand-injury-will-keep-him-out
2019,2019-12-01 09:43:07,2019-12-01 13:00:00,CLE,Baker Mayfield injures hand near end of first half,https://www.nbcsports.com/nfl/profootballtalk/rumor-mill/news/baker-mayfield-injures-hand-near-end-of-first-half
2019,2019-12-01 09:43:07,2019-12-01 13:00:00,CLE,Baker Mayfield injures hand near end of first half,https://www.nbcsports.com/nfl/profootballtalk/rumor-mill/news/baker-mayfield-injures-hand-near-end-of-first-half
2019,2019-12-01 09:43:07,2019-12-01 13:00:00,PIT,Baker Mayfield injures hand near end of first half,https://www.nbcsports.com/nfl/profootballtalk/rumor-mill/news/baker-mayfield-injures-hand-near-end-of-first-half
2019,2019-12-01 09:43:07,2019-12-01 13:00:00,PIT,Baker Mayfield injures hand near end of first half,https://www.nbcsports.com/nfl/profootballtalk/rumor-mill/news/baker-mayfield-injures-hand-near-end-of-first-half
2019,2019-12-01 09:58:51,2019-12-01 13:00:00,CLE,Baker Mayfield returns for second half after injuring hand,https://www.nbcsports.com/nfl/profootballtalk/rumor-mill/news/baker-mayfield-returns-for-second-half-after-injuring-hand
2019,2019-12-01 09:58:51,2019-12-01 13:00:00,CLE,Baker Mayfield returns for second half after injuring hand,https://www.nbcsports.com/nfl/profootballtalk/rumor-mill/news/baker-mayfield-returns-for-second-half-after-injuring-hand
2019,2019-12-29 10:14:06,2019-12-29 16:25:00,HOU,"Bradley Roby, Kenny Stills and Laremy Tunsil among Texans inactives",https://www.nbcsports.com/nfl/profootballtalk/rumor-mill/news/bradley-roby-kenny-stills-and-laremy-tunsil-among-texans-inactives
2019,2019-12-15 10:25:59,2019-12-15 13:00:00,TB,Bucs lose Chris Godwin to hamstring injury,https://www.nbcsports.com/nfl/profootballtalk/rumor-mill/news/bucs-lose-chris-godwin-to-leg-injury
2019,2019-12-08 08:58:43,2019-12-08 13:00:00,IND,"Bucs storm back with big play, but Mike Evans hurt",https://www.nbcsports.com/nfl/profootballtalk/rumor-mill/news/bucs-storm-back-with-big-play-but-mike-evans-hurt
2019,2019-12-15 13:00:29,2019-12-15 16:05:00,LAC,Dalvin Cook out with shoulder injury,https://www.nbcsports.com/nfl/profootballtalk/rumor-mill/news/dalvin-cook-out-with-shoulder-injury
2019,2019-12-29 12:51:36,2019-12-29 16:25:00,PHI,"Eagles lead Giants 10-3 at halftime with Brandon Brooks, Miles Sanders injured",https://www.nbcsports.com/nfl/profootballtalk/rumor-mill/news/eagles-lead-giants-10-3-at-halftime-with-brandon-brooks-miles-sanders-injured
2019,2019-12-29 10:33:41,2019-12-29 16:25:00,PHI,"Eagles list Lane Johnson, Jalen Mills among inactives",https://www.nbcsports.com/nfl/profootballtalk/rumor-mill/news/eagles-list-lane-johnson-jalen-mills-among-inactives
2019,2019-12-29 10:33:41,2019-12-29 16:25:00,NYG,"Eagles list Lane Johnson, Jalen Mills among inactives",https://www.nbcsports.com/nfl/profootballtalk/rumor-mill/news/eagles-list-lane-johnson-jalen-mills-among-inactives
2019,2019-12-08 10:02:45,2019-12-08 16:25:00,NE,"Frank Clark active for Chiefs, Ted Karras out for Patriots",https://www.nbcsports.com/nfl/profootballtalk/rumor-mill/news/frank-clark-active-for-chiefs-ted-karras-out-for-patriots
2019,2019-12-08 10:02:45,2019-12-08 16:25:00,KC,"Frank Clark active for Chiefs, Ted Karras out for Patriots",https://www.nbcsports.com/nfl/profootballtalk/rumor-mill/news/frank-clark-active-for-chiefs-ted-karras-out-for-patriots
2019,2019-12-22 10:03:20,2019-12-22 16:25:00,ARI,"Jadeveon Clowney, Quandre Diggs, Shaquill Griffin out for Seahawks",https://www.nbcsports.com/nfl/profootballtalk/rumor-mill/news/jadeveon-clowney-quandre-diggs-shaquill-griffin-out-for-seahawks
2019,2019-12-08 12:26:16,2019-12-08 13:00:00,TB,Jameis Winston has “slight crack” in thumb; Mike Evans’ hamstring “not good”,https://www.nbcsports.com/nfl/profootballtalk/rumor-mill/news/jameis-winston-has-slight-crack-in-thumb-mike-evans-hamstring-not-good
2019,2019-12-08 12:26:16,2019-12-08 13:00:00,TB,Jameis Winston has “slight crack” in thumb; Mike Evans’ hamstring “not good”,https://www.nbcsports.com/nfl/profootballtalk/rumor-mill/news/jameis-winston-has-slight-crack-in-thumb-mike-evans-hamstring-not-good
2019,2019-12-29 14:00:18,2019-12-29 20:20:00,SF,"Jaquiski Tartt inactive for the 49ers, Quandre Diggs out for Seahawks",https://www.nbcsports.com/nfl/profootballtalk/rumor-mill/news/jaquiski-tartt-inactive-for-the-49ers-quandre-diggs-out-for-seahawks
2019,2019-12-22 12:12:13,2019-12-22 13:00:00,BAL,John Harbaugh will decide whether to rest starters on Monday,https://www.nbcsports.com/nfl/profootballtalk/rumor-mill/news/john-harbaugh-will-decide-whether-to-rest-starters-on-monday
2019,2019-12-15 10:09:49,2019-12-15 16:25:00,SF,Jordan Matthews inactive in return to 49ers,https://www.nbcsports.com/nfl/profootballtalk/rumor-mill/news/jordan-matthews-inactive-in-return-to-49ers
2019,2019-12-15 09:49:32,2019-12-15 16:05:00,OAK,"Josh Jacobs back, Trent Brown inactive for Raiders",https://www.nbcsports.com/nfl/profootballtalk/rumor-mill/news/josh-jacobs-back-trent-brown-inactive-for-raiders
2019,2019-12-08 10:32:56,2019-12-08 16:25:00,OAK,"Josh Jacobs inactive, scheduled for MRI this week",https://www.nbcsports.com/nfl/profootballtalk/rumor-mill/news/josh-jacobs-inactive-scheduled-for-mri-this-week
2019,2019-12-15 14:07:43,2019-12-15 20:20:00,PIT,JuJu Smith-Schuster inactive for Steelers against Bills,https://www.nbcsports.com/nfl/profootballtalk/rumor-mill/news/juju-smith-schuster-inactive-for-steelers-against-bills
2019,2019-12-22 13:42:15,2019-12-22 16:25:00,ARI,Kyler Murray leaves with hamstring injury,https://www.nbcsports.com/nfl/profootballtalk/rumor-mill/news/kyler-murray-leaves-with-hamstring-injury
2019,2019-12-22 13:42:15,2019-12-22 16:25:00,ARI,Kyler Murray leaves with hamstring injury,https://www.nbcsports.com/nfl/profootballtalk/rumor-mill/news/kyler-murray-leaves-with-hamstring-injury
2019,2019-12-22 14:00:31,2019-12-22 20:20:00,KC,LeSean McCoy inactive for the Chiefs,https://www.nbcsports.com/nfl/profootballtalk/rumor-mill/news/lesean-mccoy-inactive-for-the-chiefs
2019,2019-12-29 10:08:20,2019-12-29 16:25:00,BAL,"Mark Andrews, Earl Thomas sitting out for Ravens Sunday",https://www.nbcsports.com/nfl/profootballtalk/rumor-mill/news/mark-andrews-earl-thomas-sitting-out-for-ravens-sunday
2019,2019-12-22 10:45:44,2019-12-22 13:00:00,BAL,Mark Ingram limps off with calf injury,https://www.nbcsports.com/nfl/profootballtalk/rumor-mill/news/mark-ingram-limps-off-with-calf-injury
2019,2019-12-22 10:45:44,2019-12-22 13:00:00,BAL,Mark Ingram limps off with calf injury,https://www.nbcsports.com/nfl/profootballtalk/rumor-mill/news/mark-ingram-limps-off-with-calf-injury
2019,2019-12-22 10:26:47,2019-12-22 13:00:00,PIT,"Mason Rudolph hurt, Devlin Hodges back in for Steelers",https://www.nbcsports.com/nfl/profootballtalk/rumor-mill/news/mason-rudolph-hurt-devlin-hodges-back-in-for-steelers
2019,2019-12-22 10:26:47,2019-12-22 13:00:00,PIT,"Mason Rudolph hurt, Devlin Hodges back in for Steelers",https://www.nbcsports.com/nfl/profootballtalk/rumor-mill/news/mason-rudolph-hurt-devlin-hodges-back-in-for-steelers
2019,2019-12-29 08:41:23,2019-12-29 13:00:00,BUF,"Matt Barkley in, Levi Wallace out for Bills",https://www.nbcsports.com/nfl/profootballtalk/rumor-mill/news/matt-barkley-in-levi-wallace-out-for-bills
2019,2019-12-29 08:41:23,2019-12-29 13:00:00,BUF,"Matt Barkley in, Levi Wallace out for Bills",https://www.nbcsports.com/nfl/profootballtalk/rumor-mill/news/matt-barkley-in-levi-wallace-out-for-bills
2019,2019-12-29 08:41:23,2019-12-29 13:00:00,NYJ,"Matt Barkley in, Levi Wallace out for Bills",https://www.nbcsports.com/nfl/profootballtalk/rumor-mill/news/matt-barkley-in-levi-wallace-out-for-bills
2019,2019-12-08 04:26:42,2019-12-08 13:00:00,CAR,Panthers haven’t ruled out keeping Cam Newton,https://www.nbcsports.com/nfl/profootballtalk/rumor-mill/news/panthers-havent-ruled-out-keeping-cam-newton
2019,2019-12-01 14:59:00,2019-12-01 16:25:00,LAC,Von Miller inactive for Broncos,https://www.nbcsports.com/nfl/profootballtalk/rumor-mill/news/von-miller-inactive-for-broncos
2019,2019-12-01 14:59:00,2019-12-01 16:25:00,LAC,Von Miller inactive for Broncos,https://www.nbcsports.com/nfl/profootballtalk/rumor-mill/news/von-miller-inactive-for-broncos
2019,2019-12-15 11:34:00,2019-12-15 13:00:00,NE,Week 15 early inactives,https://www.nbcsports.com/nfl/profootballtalk/rumor-mill/news/week-15-early-inactives-9
2019,2019-12-15 11:34:00,2019-12-15 13:00:00,CIN,Week 15 early inactives,https://www.nbcsports.com/nfl/profootballtalk/rumor-mill/news/week-15-early-inactives-9
2019,2019-12-15 11:34:00,2019-12-15 13:00:00,DET,Week 15 early inactives,https://www.nbcsports.com/nfl/profootballtalk/rumor-mill/news/week-15-early-inactives-9
2019,2019-12-15 11:34:00,2019-12-15 13:00:00,KC,Week 15 early inactives,https://www.nbcsports.com/nfl/profootballtalk/rumor-mill/news/week-15-early-inactives-9
2019,2019-12-15 11:34:00,2019-12-15 13:00:00,NYG,Week 15 early inactives,https://www.nbcsports.com/nfl/profootballtalk/rumor-mill/news/week-15-early-inactives-9
2019,2019-12-15 11:34:00,2019-12-15 13:00:00,PHI,Week 15 early inactives,https://www.nbcsports.com/nfl/profootballtalk/rumor-mill/news/week-15-early-inactives-9
2019,2019-12-15 11:34:00,2019-12-15 13:00:00,WAS,Week 15 early inactives,https://www.nbcsports.com/nfl/profootballtalk/rumor-mill/news/week-15-early-inactives-9
2019,2019-12-08 11:33:00,2019-12-08 13:00:00,DET,Week 14 early inactives,https://www.nbcsports.com/nfl/profootballtalk/rumor-mill/news/week-14-early-inactives-9
2019,2019-12-08 11:33:00,2019-12-08 13:00:00,CIN,Week 14 early inactives,https://www.nbcsports.com/nfl/profootballtalk/rumor-mill/news/week-14-early-inactives-9
2019,2019-12-08 11:33:00,2019-12-08 13:00:00,BAL,Week 14 early inactives,https://www.nbcsports.com/nfl/profootballtalk/rumor-mill/news/week-14-early-inactives-9
2019,2019-12-08 11:33:00,2019-12-08 13:00:00,WAS,Week 14 early inactives,https://www.nbcsports.com/nfl/profootballtalk/rumor-mill/news/week-14-early-inactives-9
2019,2019-12-08 11:33:00,2019-12-08 13:00:00,SF,Week 14 early inactives,https://www.nbcsports.com/nfl/profootballtalk/rumor-mill/news/week-14-early-inactives-9
2019,2019-12-08 11:33:00,2019-12-08 13:00:00,IND,Week 14 early inactives,https://www.nbcsports.com/nfl/profootballtalk/rumor-mill/news/week-14-early-inactives-9
2019,2019-12-01 11:33:00,2019-12-01 13:00:00,PHI,Week 13 early inactives,https://www.nbcsports.com/nfl/profootballtalk/rumor-mill/news/week-13-early-inactives-9
2019,2019-12-01 11:33:00,2019-12-01 13:00:00,SF,Week 13 early inactives,https://www.nbcsports.com/nfl/profootballtalk/rumor-mill/news/week-13-early-inactives-9
2019,2019-12-01 11:33:00,2019-12-01 13:00:00,BAL,Week 13 early inactives,https://www.nbcsports.com/nfl/profootballtalk/rumor-mill/news/week-13-early-inactives-9
2019,2019-12-01 11:33:00,2019-12-01 13:00:00,WAS,Week 13 early inactives,https://www.nbcsports.com/nfl/profootballtalk/rumor-mill/news/week-13-early-inactives-9
2019,2019-12-01 11:33:00,2019-12-01 13:00:00,CIN,Week 13 early inactives,https://www.nbcsports.com/nfl/profootballtalk/rumor-mill/news/week-13-early-inactives-9
2019,2019-12-01 11:33:00,2019-12-01 13:00:00,IND,Week 13 early inactives,https://www.nbcsports.com/nfl/profootballtalk/rumor-mill/news/week-13-early-inactives-9
2019,2019-12-01 11:33:00,2019-12-01 13:00:00,NYG,Week 13 early inactives,https://www.nbcsports.com/nfl/profootballtalk/rumor-mill/news/week-13-early-inactives-9
2019,2019-12-01 11:33:00,2019-12-01 13:00:00,PIT,Week 13 early inactives,https://www.nbcsports.com/nfl/profootballtalk/rumor-mill/news/week-13-early-inactives-9
2019,2019-12-22 11:34:00,2019-12-22 13:00:00,BAL,Week 16 early inactives,https://www.nbcsports.com/nfl/profootballtalk/rumor-mill/news/week-16-early-inactives-9
2019,2019-12-22 11:34:00,2019-12-22 13:00:00,IND,Week 16 early inactives,https://www.nbcsports.com/nfl/profootballtalk/rumor-mill/news/week-16-early-inactives-9
2019,2019-12-22 11:34:00,2019-12-22 13:00:00,CIN,Week 16 early inactives,https://www.nbcsports.com/nfl/profootballtalk/rumor-mill/news/week-16-early-inactives-9
2019,2019-12-22 11:34:00,2019-12-22 13:00:00,PIT,Week 16 early inactives,https://www.nbcsports.com/nfl/profootballtalk/rumor-mill/news/week-16-early-inactives-9
2019,2019-12-22 11:34:00,2019-12-22 13:00:00,NYG,Week 16 early inactives,https://www.nbcsports.com/nfl/profootballtalk/rumor-mill/news/week-16-early-inactives-9
2019,2019-12-22 11:34:00,2019-12-22 13:00:00,WAS,Week 16 early inactives,https://www.nbcsports.com/nfl/profootballtalk/rumor-mill/news/week-16-early-inactives-9
2019,2019-12-29 11:34:00,2019-12-29 13:00:00,NE,Week 17 early inactives,https://www.nbcsports.com/nfl/profootballtalk/rumor-mill/news/week-17-early-inactives-9
2019,2019-12-29 11:34:00,2019-12-29 13:00:00,CIN,Week 17 early inactives,https://www.nbcsports.com/nfl/profootballtalk/rumor-mill/news/week-17-early-inactives-9
2019,2019-12-29 11:34:00,2019-12-29 13:00:00,LAC,Week 17 early inactives,https://www.nbcsports.com/nfl/profootballtalk/rumor-mill/news/week-17-early-inactives-9
2019,2019-12-29 11:34:00,2019-12-29 13:00:00,KC,Week 17 early inactives,https://www.nbcsports.com/nfl/profootballtalk/rumor-mill/news/week-17-early-inactives-9
2020,2020-09-13 15:08:00,2020-09-13 16:25:00,ARI,"Brett Hundley inactive for Cardinals, leaving Chris Streveler as backup QB",https://www.nbcsports.com/nfl/profootballtalk/rumor-mill/news/brett-hundley-inactive-for-cardinals-leaving-chris-streveler-as-backup-qb
2020,2020-09-13 15:08:00,2020-09-13 16:25:00,ARI,"Brett Hundley inactive for Cardinals, leaving Chris Streveler as backup QB",https://www.nbcsports.com/nfl/profootballtalk/rumor-mill/news/brett-hundley-inactive-for-cardinals-leaving-chris-streveler-as-backup-qb
2020,2020-09-13 15:08:00,2020-09-13 16:25:00,ARI,"Brett Hundley inactive for Cardinals, leaving Chris Streveler as backup QB",https://www.nbcsports.com/nfl/profootballtalk/rumor-mill/news/brett-hundley-inactive-for-cardinals-leaving-chris-streveler-as-backup-qb
2020,2020-09-13 15:08:00,2020-09-13 16:25:00,SF,"Brett Hundley inactive for Cardinals, leaving Chris Streveler as backup QB",https://www.nbcsports.com/nfl/profootballtalk/rumor-mill/news/brett-hundley-inactive-for-cardinals-leaving-chris-streveler-as-backup-qb
2020,2020-09-27 11:30:00,2020-09-27 16:05:00,LAC,Chargers expect Tyrod Taylor to miss at least one more game,https://www.nbcsports.com/nfl/profootballtalk/rumor-mill/news/chargers-expect-tyrod-taylor-to-miss-at-least-one-more-game
2020,2020-09-27 11:30:00,2020-09-27 16:05:00,LAC,Chargers expect Tyrod Taylor to miss at least one more game,https://www.nbcsports.com/nfl/profootballtalk/rumor-mill/news/chargers-expect-tyrod-taylor-to-miss-at-least-one-more-game
2020,2020-09-27 19:11:00,2020-09-27 20:20:00,GB,"Davante Adams, Kenny Clark inactive for Packers tonight",https://www.nbcsports.com/nfl/profootballtalk/rumor-mill/news/davante-adams-kenny-clark-inactive-for-packers-tonight
2020,2020-09-20 15:32:00,2020-09-20 16:25:00,BAL,Duke Johnson inactive for the Texans,https://www.nbcsports.com/nfl/profootballtalk/rumor-mill/news/duke-johnson-inactive-for-the-texans
2020,2020-09-20 11:57:00,2020-09-20 13:00:00,PHI,Jalen Hurts active as Eagles No. 2 QB,https://www.nbcsports.com/nfl/profootballtalk/rumor-mill/news/jalen-hurts-active-as-eagles-no-2-qb
2020,2020-09-20 11:57:00,2020-09-20 13:00:00,PHI,Jalen Hurts active as Eagles No. 2 QB,https://www.nbcsports.com/nfl/profootballtalk/rumor-mill/news/jalen-hurts-active-as-eagles-no-2-qb
2020,2020-09-20 11:57:00,2020-09-20 13:00:00,PHI,Jalen Hurts active as Eagles No. 2 QB,https://www.nbcsports.com/nfl/profootballtalk/rumor-mill/news/jalen-hurts-active-as-eagles-no-2-qb
2020,2020-09-20 19:00:00,2020-09-20 20:20:00,NE,"James White inactive for Patriots, after loss of father",https://www.nbcsports.com/nfl/profootballtalk/rumor-mill/news/james-white-inactive-for-patriots-after-loss-of-father
2020,2020-09-13 12:00:00,2020-09-13 13:00:00,NE,Jarrett Stidham inactive for Patriots,https://www.nbcsports.com/nfl/profootballtalk/rumor-mill/news/jarrett-stidham-inactive-for-patriots
2020,2020-09-13 12:00:00,2020-09-13 13:00:00,NE,Jarrett Stidham inactive for Patriots,https://www.nbcsports.com/nfl/profootballtalk/rumor-mill/news/jarrett-stidham-inactive-for-patriots
2020,2020-09-13 12:00:00,2020-09-13 13:00:00,NE,Jarrett Stidham inactive for Patriots,https://www.nbcsports.com/nfl/profootballtalk/rumor-mill/news/jarrett-stidham-inactive-for-patriots
2020,2020-09-20 15:02:00,2020-09-20 16:05:00,WAS,Kendall Fuller inactive for Washington,https://www.nbcsports.com/nfl/profootballtalk/rumor-mill/news/kendall-fuller-inactive-for-washington
2020,2020-09-20 15:02:00,2020-09-20 16:05:00,ARI,Kendall Fuller inactive for Washington,https://www.nbcsports.com/nfl/profootballtalk/rumor-mill/news/kendall-fuller-inactive-for-washington
2020,2020-09-27 15:15:00,2020-09-27 16:25:00,DAL,"Tyron Smith, Quinton Dunbar inactive; DeMarcus Lawrence will play",https://www.nbcsports.com/nfl/profootballtalk/rumor-mill/news/tyron-smith-quinton-dunbar-inactive-demarcus-lawrence-will-play
2020,2020-09-27 11:39:00,2020-09-27 13:00:00,BUF,Week Three early inactives,https://www.nbcsports.com/nfl/profootballtalk/rumor-mill/news/week-three-early-inactives-9
2020,2020-09-27 11:39:00,2020-09-27 13:00:00,NE,Week Three early inactives,https://www.nbcsports.com/nfl/profootballtalk/rumor-mill/news/week-three-early-inactives-9
2020,2020-09-27 11:39:00,2020-09-27 13:00:00,WAS,Week Three early inactives,https://www.nbcsports.com/nfl/profootballtalk/rumor-mill/news/week-three-early-inactives-9
2020,2020-09-27 11:39:00,2020-09-27 13:00:00,SF,Week Three early inactives,https://www.nbcsports.com/nfl/profootballtalk/rumor-mill/news/week-three-early-inactives-9
2020,2020-09-27 11:39:00,2020-09-27 13:00:00,PHI,Week Three early inactives,https://www.nbcsports.com/nfl/profootballtalk/rumor-mill/news/week-three-early-inactives-9
2020,2020-09-27 10:46:29,2020-09-27 16:05:00,CAR,"Russell Okung inactive for Panthers, Trai Turner for Chargers",https://www.nbcsports.com/nfl/profootballtalk/rumor-mill/news/russell-okung-inactive-for-panthers-trai-turner-for-chargers
2020,2020-09-27 10:46:29,2020-09-27 16:05:00,LAC,"Russell Okung inactive for Panthers, Trai Turner for Chargers",https://www.nbcsports.com/nfl/profootballtalk/rumor-mill/news/russell-okung-inactive-for-panthers-trai-turner-for-chargers
2020,2020-09-20 09:49:22,2020-09-20 13:00:00,NYG,"Saquon Barkley carted off after leg injury, out for game",https://www.nbcsports.com/nfl/profootballtalk/rumor-mill/news/saquon-barkley-carted-off-after-leg-injury
2020,2020-09-13 07:34:57,2020-09-13 13:00:00,NYJ,Week One early inactives,https://www.nbcsports.com/nfl/profootballtalk/rumor-mill/news/week-one-early-inactives-10
2020,2020-09-13 07:34:57,2020-09-13 13:00:00,NYJ,Week One early inactives,https://www.nbcsports.com/nfl/profootballtalk/rumor-mill/news/week-one-early-inactives-10
2020,2020-09-13 07:34:57,2020-09-13 13:00:00,BUF,Week One early inactives,https://www.nbcsports.com/nfl/profootballtalk/rumor-mill/news/week-one-early-inactives-10
2020,2020-09-13 07:34:57,2020-09-13 13:00:00,NE,Week One early inactives,https://www.nbcsports.com/nfl/profootballtalk/rumor-mill/news/week-one-early-inactives-10
2020,2020-09-13 07:34:57,2020-09-13 13:00:00,BAL,Week One early inactives,https://www.nbcsports.com/nfl/profootballtalk/rumor-mill/news/week-one-early-inactives-10
2020,2020-09-13 07:34:57,2020-09-13 13:00:00,IND,Week One early inactives,https://www.nbcsports.com/nfl/profootballtalk/rumor-mill/news/week-one-early-inactives-10
2020,2020-09-13 07:34:57,2020-09-13 13:00:00,JAX,Week One early inactives,https://www.nbcsports.com/nfl/profootballtalk/rumor-mill/news/week-one-early-inactives-10
2020,2020-09-13 07:34:57,2020-09-13 13:00:00,PHI,Week One early inactives,https://www.nbcsports.com/nfl/profootballtalk/rumor-mill/news/week-one-early-inactives-10
2020,2020-09-13 07:34:57,2020-09-13 13:00:00,WAS,Week One early inactives,https://www.nbcsports.com/nfl/profootballtalk/rumor-mill/news/week-one-early-inactives-10
2020,2020-09-13 07:34:57,2020-09-13 13:00:00,GB,Week One early inactives,https://www.nbcsports.com/nfl/profootballtalk/rumor-mill/news/week-one-early-inactives-10
2020,2020-09-20 07:32:55,2020-09-20 13:00:00,JAX,Week Two early inactives,https://www.nbcsports.com/nfl/profootballtalk/rumor-mill/news/week-two-early-inactives-11
2020,2020-09-20 07:32:55,2020-09-20 13:00:00,SF,Week Two early inactives,https://www.nbcsports.com/nfl/profootballtalk/rumor-mill/news/week-two-early-inactives-11
2020,2020-09-20 07:32:55,2020-09-20 13:00:00,NYJ,Week Two early inactives,https://www.nbcsports.com/nfl/profootballtalk/rumor-mill/news/week-two-early-inactives-11
2020,2020-09-20 07:32:55,2020-09-20 13:00:00,NYJ,Week Two early inactives,https://www.nbcsports.com/nfl/profootballtalk/rumor-mill/news/week-two-early-inactives-11
2020,2020-09-20 07:32:55,2020-09-20 13:00:00,BUF,Week Two early inactives,https://www.nbcsports.com/nfl/profootballtalk/rumor-mill/news/week-two-early-inactives-11
2020,2020-09-20 07:32:55,2020-09-20 13:00:00,IND,Week Two early inactives,https://www.nbcsports.com/nfl/profootballtalk/rumor-mill/news/week-two-early-inactives-11
2020,2020-09-20 07:32:55,2020-09-20 13:00:00,DAL,Week Two early inactives,https://www.nbcsports.com/nfl/profootballtalk/rumor-mill/news/week-two-early-inactives-11
2020,2020-09-20 07:32:55,2020-09-20 13:00:00,PHI,Week Two early inactives,https://www.nbcsports.com/nfl/profootballtalk/rumor-mill/news/week-two-early-inactives-11
2020,2020-09-20 07:32:55,2020-09-20 13:00:00,GB,Week Two early inactives,https://www.nbcsports.com/nfl/profootballtalk/rumor-mill/news/week-two-early-inactives-11
2020,2020-09-20 07:32:55,2020-09-20 13:00:00,CAR,Week Two early inactives,https://www.nbcsports.com/nfl/profootballtalk/rumor-mill/news/week-two-early-inactives-11
2020,2020-10-25 11:32:20,2020-10-25 13:00:00,DAL,Cowboys rule out Andy Dalton,https://www.nbcsports.com/nfl/profootballtalk/rumor-mill/news/andy-dalton-being-evaluated-for-concussion
2020,2020-10-25 11:32:20,2020-10-25 13:00:00,DAL,Cowboys rule out Andy Dalton,https://www.nbcsports.com/nfl/profootballtalk/rumor-mill/news/andy-dalton-being-evaluated-for-concussion
2020,2020-10-25 11:32:20,2020-10-25 13:00:00,DAL,Cowboys rule out Andy Dalton,https://www.nbcsports.com/nfl/profootballtalk/rumor-mill/news/andy-dalton-being-evaluated-for-concussion
2020,2020-10-11 16:11:27,2020-10-11 16:25:00,CLE,Baker Mayfield getting X-rays on ribs,https://www.nbcsports.com/nfl/profootballtalk/rumor-mill/news/baker-mayfield-getting-x-rays-on-ribs
2020,2020-10-04 12:32:12,2020-10-04 13:00:00,TB,Bucs think O.J. Howard is out for year with ruptured Achilles,https://www.nbcsports.com/nfl/profootballtalk/rumor-mill/news/bucs-think-o-j-howard-is-out-for-year-with-ruptured-achilles
2020,2020-10-11 11:01:44,2020-10-11 13:00:00,KC,"Chiefs, Raiders in a shootout, tied 24-24 with Sammy Watkins nursing a hamstring",https://www.nbcsports.com/nfl/profootballtalk/rumor-mill/news/chiefs-raiders-in-a-shootout-tied-24-24-with-sammy-watkins-nursing-a-hamstring
2020,2020-10-11 11:01:44,2020-10-11 13:00:00,LV,"Chiefs, Raiders in a shootout, tied 24-24 with Sammy Watkins nursing a hamstring",https://www.nbcsports.com/nfl/profootballtalk/rumor-mill/news/chiefs-raiders-in-a-shootout-tied-24-24-with-sammy-watkins-nursing-a-hamstring
2020,2020-10-04 10:34:24,2020-10-04 13:00:00,SEA,Chris Carson injured as Seahawks hold 17-9 halftime lead,https://www.nbcsports.com/nfl/profootballtalk/rumor-mill/news/chris-carson-injured-as-seahawks-hold-17-9-halftime-lead
2020,2020-10-04 10:34:24,2020-10-04 13:00:00,MIA,Chris Carson injured as Seahawks hold 17-9 halftime lead,https://www.nbcsports.com/nfl/profootballtalk/rumor-mill/news/chris-carson-injured-as-seahawks-hold-17-9-halftime-lead
2020,2020-10-11 14:47:02,2020-10-11 16:25:00,DAL,Dak Prescott carted off with lower leg injury,https://www.nbcsports.com/nfl/profootballtalk/rumor-mill/news/dak-prescott-carted-off-with-nasty-ankle-injury
2020,2020-10-11 14:47:02,2020-10-11 16:25:00,DAL,Dak Prescott carted off with lower leg injury,https://www.nbcsports.com/nfl/profootballtalk/rumor-mill/news/dak-prescott-carted-off-with-nasty-ankle-injury
2020,2020-10-11 15:02:59,2020-10-11 16:25:00,DAL,Dak Prescott headed to hospital for “serious right ankle injury”,https://www.nbcsports.com/nfl/profootballtalk/rumor-mill/news/dak-prescott-headed-to-hospital-for-serious-right-ankle-injury
2020,2020-10-11 15:02:59,2020-10-11 16:25:00,DAL,Dak Prescott headed to hospital for “serious right ankle injury”,https://www.nbcsports.com/nfl/profootballtalk/rumor-mill/news/dak-prescott-headed-to-hospital-for-serious-right-ankle-injury
2020,2020-10-11 18:09:37,2020-10-11 20:20:00,SEA,Dalvin Cook leaves for locker room with groin injury,https://www.nbcsports.com/nfl/profootballtalk/rumor-mill/news/dalvin-cook-leaves-for-locker-room-with-groin-injury
2020,2020-10-25 11:05:20,2020-10-25 16:05:00,LV,"David Irving inactive, but four of Raiders’ starting offensive linemen are dressed",https://www.nbcsports.com/nfl/profootballtalk/rumor-mill/news/david-irving-inactive-but-four-of-raiders-starting-offensive-linemen-are-dressed
2020,2020-10-25 11:05:20,2020-10-25 16:05:00,TB,"David Irving inactive, but four of Raiders’ starting offensive linemen are dressed",https://www.nbcsports.com/nfl/profootballtalk/rumor-mill/news/david-irving-inactive-but-four-of-raiders-starting-offensive-linemen-are-dressed
2020,2020-10-25 14:54:37,2020-10-25 16:25:00,NE,Deebo Samuel ruled out with hamstring injury,https://www.nbcsports.com/nfl/profootballtalk/rumor-mill/news/deebo-samuel-ruled-out-with-hamstring-injury
2020,2020-10-25 14:54:37,2020-10-25 16:25:00,NE,Deebo Samuel ruled out with hamstring injury,https://www.nbcsports.com/nfl/profootballtalk/rumor-mill/news/deebo-samuel-ruled-out-with-hamstring-injury
2020,2020-10-18 12:25:25,2020-10-18 13:00:00,HOU,Derrick Henry leads Titans to OT win after questionable Romeo Crennel decision,https://www.nbcsports.com/nfl/profootballtalk/rumor-mill/news/derrick-henry-leads-titans-to-ot-win-after-questionable-romeo-crennel-decision
2020,2020-10-18 12:25:25,2020-10-18 13:00:00,TEN,Derrick Henry leads Titans to OT win after questionable Romeo Crennel decision,https://www.nbcsports.com/nfl/profootballtalk/rumor-mill/news/derrick-henry-leads-titans-to-ot-win-after-questionable-romeo-crennel-decision
2020,2020-10-11 12:57:32,2020-10-11 16:25:00,DAL,"Giants lead 14-3, though Lorenzo Carter carted off with Achilles",https://www.nbcsports.com/nfl/profootballtalk/rumor-mill/news/giants-lead-14-3-though-lorenzo-carter-carted-off-with-ankle-injury
2020,2020-10-18 10:53:05,2020-10-18 13:00:00,NYG,Giants WR C.J. Board immobilized and carted off after injury,https://www.nbcsports.com/nfl/profootballtalk/rumor-mill/news/giants-wr-c-j-board-immobilized-and-carted-off-after-injury
2020,2020-10-04 11:10:12,2020-10-04 16:25:00,BUF,"Henry Ruggs, Trent Brown are inactive for Raiders",https://www.nbcsports.com/nfl/profootballtalk/rumor-mill/news/henry-ruggs-trent-brown-are-inactive-for-raiders
2020,2020-10-11 11:20:13,2020-10-11 16:25:00,IND,Karl Joseph inactive for Browns,https://www.nbcsports.com/nfl/profootballtalk/rumor-mill/news/karl-joseph-inactive-for-browns
2020,2020-10-11 09:24:46,2020-10-11 13:00:00,KC,Kelechi Osemele carted off with knee injury,https://www.nbcsports.com/nfl/profootballtalk/rumor-mill/news/kelechi-osemele-carted-off-with-knee-injury
2020,2020-10-11 10:54:24,2020-10-11 13:00:00,WAS,"Kyle Allen cleared to return, Washington sticks with Alex Smith",https://www.nbcsports.com/nfl/profootballtalk/rumor-mill/news/kyle-allen-cleared-to-return-washington-sticks-with-alex-smith
2020,2020-10-11 10:54:24,2020-10-11 13:00:00,WAS,"Kyle Allen cleared to return, Washington sticks with Alex Smith",https://www.nbcsports.com/nfl/profootballtalk/rumor-mill/news/kyle-allen-cleared-to-return-washington-sticks-with-alex-smith
2020,2020-10-18 10:47:57,2020-10-18 16:05:00,NYJ,Kyle Van Noy inactive for Dolphins,https://www.nbcsports.com/nfl/profootballtalk/rumor-mill/news/kyle-van-noy-inactive-for-dolphins
2020,2020-10-25 10:06:27,2020-10-25 13:00:00,DAL,Landon Collins out with ankle injury as Washington leads 15-3,https://www.nbcsports.com/nfl/profootballtalk/rumor-mill/news/landon-collins-out-with-ankle-injury-as-washington-leads-15-3
2020,2020-10-25 10:06:27,2020-10-25 13:00:00,WAS,Landon Collins out with ankle injury as Washington leads 15-3,https://www.nbcsports.com/nfl/profootballtalk/rumor-mill/news/landon-collins-out-with-ankle-injury-as-washington-leads-15-3
2020,2020-10-18 11:07:53,2020-10-18 16:25:00,GB,Leonard Fournette is inactive for Sunday’s game vs. Packers,https://www.nbcsports.com/nfl/profootballtalk/rumor-mill/news/leonard-fournette-is-inactive-for-sundays-game-vs-packers
2020,2020-10-18 11:07:53,2020-10-18 16:25:00,TB,Leonard Fournette is inactive for Sunday’s game vs. Packers,https://www.nbcsports.com/nfl/profootballtalk/rumor-mill/news/leonard-fournette-is-inactive-for-sundays-game-vs-packers
2020,2020-10-04 12:55:10,2020-10-04 13:00:00,CLE,Nick Chubb to undergo MRI on injured knee,https://www.nbcsports.com/nfl/profootballtalk/rumor-mill/news/nick-chubb-to-undergo-mri-on-injured-knee
2020,2020-10-18 15:10:10,2020-10-18 20:20:00,SF,Nick Mullens returns to backup role as C.J. Beathard is inactive,https://www.nbcsports.com/nfl/profootballtalk/rumor-mill/news/nick-mullens-returns-to-backup-role-as-c-j-beathard-is-inactive
2020,2020-10-18 15:10:10,2020-10-18 20:20:00,SF,Nick Mullens returns to backup role as C.J. Beathard is inactive,https://www.nbcsports.com/nfl/profootballtalk/rumor-mill/news/nick-mullens-returns-to-backup-role-as-c-j-beathard-is-inactive
2020,2020-10-18 15:10:10,2020-10-18 20:20:00,SF,Nick Mullens returns to backup role as C.J. Beathard is inactive,https://www.nbcsports.com/nfl/profootballtalk/rumor-mill/news/nick-mullens-returns-to-backup-role-as-c-j-beathard-is-inactive
2020,2020-10-25 09:23:09,2020-10-25 13:00:00,CLE,"Odell Beckham, JC Tretter injured on same play for Browns",https://www.nbcsports.com/nfl/profootballtalk/rumor-mill/news/odell-beckham-jc-tretter-injured-on-same-play-for-browns
2020,2020-10-25 09:53:58,2020-10-25 13:00:00,CLE,Odell Beckham ruled out with knee injury,https://www.nbcsports.com/nfl/profootballtalk/rumor-mill/news/odell-beckham-ruled-out-with-knee-injury
2020,2020-10-11 03:41:44,2020-10-11 16:05:00,SF,"Raheem Mostert, Deebo Samuel are expected to play",https://www.nbcsports.com/nfl/profootballtalk/rumor-mill/news/raheem-mostert-deebo-samuel-are-expected-to-play
2020,2020-10-04 11:25:53,2020-10-04 13:00:00,SEA,Shaq Lawson injured his shoulder on a sack,https://www.nbcsports.com/nfl/profootballtalk/rumor-mill/news/shaq-lawson-injured-his-shoulder-on-a-sack
2020,2020-10-25 12:17:57,2020-10-25 13:00:00,PIT,Steelers remain undefeated after late Stephen Gostkowski miss,https://www.nbcsports.com/nfl/profootballtalk/rumor-mill/news/steelers-remain-undefeated-after-late-stephen-gostkowski-miss
2020,2020-10-11 10:31:59,2020-10-11 13:00:00,HOU,Stephen Hauschka misses two FGs as Jaguars trail Texans 10-7 at half,https://www.nbcsports.com/nfl/profootballtalk/rumor-mill/news/stephen-hauschka-misses-two-fgs-as-jaguars-trail-texans-10-7-at-half
2020,2020-10-11 10:31:59,2020-10-11 13:00:00,JAX,Stephen Hauschka misses two FGs as Jaguars trail Texans 10-7 at half,https://www.nbcsports.com/nfl/profootballtalk/rumor-mill/news/stephen-hauschka-misses-two-fgs-as-jaguars-trail-texans-10-7-at-half
2020,2020-10-18 11:16:00,2020-10-18 13:00:00,TEN,"Taylor Lewan injured, leading to J.J. Watt strip-sack and Texans lead",https://www.nbcsports.com/nfl/profootballtalk/rumor-mill/news/taylor-lewan-injured-leading-to-j-j-watt-strip-sack-and-texans-lead
2020,2020-10-18 11:16:00,2020-10-18 13:00:00,HOU,"Taylor Lewan injured, leading to J.J. Watt strip-sack and Texans lead",https://www.nbcsports.com/nfl/profootballtalk/rumor-mill/news/taylor-lewan-injured-leading-to-j-j-watt-strip-sack-and-texans-lead
2020,2020-10-11 14:53:28,2020-10-11 16:25:00,NYG,Trysten Hill carted off with apparent leg injury,https://www.nbcsports.com/nfl/profootballtalk/rumor-mill/news/trysten-hill-carted-off-with-apparent-leg-injury
2020,2020-10-11 14:53:28,2020-10-11 16:25:00,DAL,Trysten Hill carted off with apparent leg injury,https://www.nbcsports.com/nfl/profootballtalk/rumor-mill/news/trysten-hill-carted-off-with-apparent-leg-injury
2020,2020-10-25 07:31:34,2020-10-25 13:00:00,GB,Week 7 early inactives: Aaron Jones out for Packers,https://www.nbcsports.com/nfl/profootballtalk/rumor-mill/news/week-7-early-inactives-aaron-jones-out-for-packers
2020,2020-10-25 07:31:34,2020-10-25 13:00:00,BUF,Week 7 early inactives: Aaron Jones out for Packers,https://www.nbcsports.com/nfl/profootballtalk/rumor-mill/news/week-7-early-inactives-aaron-jones-out-for-packers
2020,2020-10-25 07:31:34,2020-10-25 13:00:00,NYJ,Week 7 early inactives: Aaron Jones out for Packers,https://www.nbcsports.com/nfl/profootballtalk/rumor-mill/news/week-7-early-inactives-aaron-jones-out-for-packers
2020,2020-10-25 07:31:34,2020-10-25 13:00:00,DAL,Week 7 early inactives: Aaron Jones out for Packers,https://www.nbcsports.com/nfl/profootballtalk/rumor-mill/news/week-7-early-inactives-aaron-jones-out-for-packers
2020,2020-10-25 07:31:34,2020-10-25 13:00:00,WAS,Week 7 early inactives: Aaron Jones out for Packers,https://www.nbcsports.com/nfl/profootballtalk/rumor-mill/news/week-7-early-inactives-aaron-jones-out-for-packers
2020,2020-10-25 07:31:34,2020-10-25 13:00:00,DET,Week 7 early inactives: Aaron Jones out for Packers,https://www.nbcsports.com/nfl/profootballtalk/rumor-mill/news/week-7-early-inactives-aaron-jones-out-for-packers
2020,2020-10-25 07:31:34,2020-10-25 13:00:00,CAR,Week 7 early inactives: Aaron Jones out for Packers,https://www.nbcsports.com/nfl/profootballtalk/rumor-mill/news/week-7-early-inactives-aaron-jones-out-for-packers
2020,2020-10-25 07:31:34,2020-10-25 13:00:00,PIT,Week 7 early inactives: Aaron Jones out for Packers,https://www.nbcsports.com/nfl/profootballtalk/rumor-mill/news/week-7-early-inactives-aaron-jones-out-for-packers
2020,2020-10-11 07:34:04,2020-10-11 13:00:00,PHI,Week Five early inactives,https://www.nbcsports.com/nfl/profootballtalk/rumor-mill/news/week-five-early-inactives-10
2020,2020-10-11 07:34:04,2020-10-11 13:00:00,ARI,Week Five early inactives,https://www.nbcsports.com/nfl/profootballtalk/rumor-mill/news/week-five-early-inactives-10
2020,2020-10-11 07:34:04,2020-10-11 13:00:00,NYJ,Week Five early inactives,https://www.nbcsports.com/nfl/profootballtalk/rumor-mill/news/week-five-early-inactives-10
2020,2020-10-11 07:34:04,2020-10-11 13:00:00,NYJ,Week Five early inactives,https://www.nbcsports.com/nfl/profootballtalk/rumor-mill/news/week-five-early-inactives-10
2020,2020-10-11 07:34:04,2020-10-11 13:00:00,BAL,Week Five early inactives,https://www.nbcsports.com/nfl/profootballtalk/rumor-mill/news/week-five-early-inactives-10
2020,2020-10-11 07:34:04,2020-10-11 13:00:00,JAX,Week Five early inactives,https://www.nbcsports.com/nfl/profootballtalk/rumor-mill/news/week-five-early-inactives-10
2020,2020-10-11 07:34:04,2020-10-11 13:00:00,WAS,Week Five early inactives,https://www.nbcsports.com/nfl/profootballtalk/rumor-mill/news/week-five-early-inactives-10
2020,2020-10-11 07:34:04,2020-10-11 13:00:00,CAR,Week Five early inactives,https://www.nbcsports.com/nfl/profootballtalk/rumor-mill/news/week-five-early-inactives-10
2020,2020-10-04 07:32:27,2020-10-04 13:00:00,BAL,Week Four early inactives,https://www.nbcsports.com/nfl/profootballtalk/rumor-mill/news/week-four-early-inactives-9
2020,2020-10-04 07:32:27,2020-10-04 13:00:00,WAS,Week Four early inactives,https://www.nbcsports.com/nfl/profootballtalk/rumor-mill/news/week-four-early-inactives-9
2020,2020-10-04 07:32:27,2020-10-04 13:00:00,JAX,Week Four early inactives,https://www.nbcsports.com/nfl/profootballtalk/rumor-mill/news/week-four-early-inactives-9
2020,2020-10-04 07:32:27,2020-10-04 13:00:00,DAL,Week Four early inactives,https://www.nbcsports.com/nfl/profootballtalk/rumor-mill/news/week-four-early-inactives-9
2020,2020-10-04 07:32:27,2020-10-04 13:00:00,ARI,Week Four early inactives,https://www.nbcsports.com/nfl/profootballtalk/rumor-mill/news/week-four-early-inactives-9
2020,2020-10-04 07:32:27,2020-10-04 13:00:00,CAR,Week Four early inactives,https://www.nbcsports.com/nfl/profootballtalk/rumor-mill/news/week-four-early-inactives-9
2020,2020-10-04 07:32:27,2020-10-04 13:00:00,LAC,Week Four early inactives,https://www.nbcsports.com/nfl/profootballtalk/rumor-mill/news/week-four-early-inactives-9
2020,2020-10-18 07:33:45,2020-10-18 13:00:00,DEN,Week Six early inactives,https://www.nbcsports.com/nfl/profootballtalk/rumor-mill/news/week-six-early-inactives-10
2020,2020-10-18 07:33:45,2020-10-18 13:00:00,NE,Week Six early inactives,https://www.nbcsports.com/nfl/profootballtalk/rumor-mill/news/week-six-early-inactives-10
2020,2020-10-18 07:33:45,2020-10-18 13:00:00,PIT,Week Six early inactives,https://www.nbcsports.com/nfl/profootballtalk/rumor-mill/news/week-six-early-inactives-10
2020,2020-10-18 07:33:45,2020-10-18 13:00:00,IND,Week Six early inactives,https://www.nbcsports.com/nfl/profootballtalk/rumor-mill/news/week-six-early-inactives-10
2020,2020-10-18 07:33:45,2020-10-18 13:00:00,DET,Week Six early inactives,https://www.nbcsports.com/nfl/profootballtalk/rumor-mill/news/week-six-early-inactives-10
2020,2020-10-18 07:33:45,2020-10-18 13:00:00,JAX,Week Six early inactives,https://www.nbcsports.com/nfl/profootballtalk/rumor-mill/news/week-six-early-inactives-10
2020,2020-10-18 07:33:45,2020-10-18 13:00:00,WAS,Week Six early inactives,https://www.nbcsports.com/nfl/profootballtalk/rumor-mill/news/week-six-early-inactives-10
2020,2020-10-18 07:33:45,2020-10-18 13:00:00,BAL,Week Six early inactives,https://www.nbcsports.com/nfl/profootballtalk/rumor-mill/news/week-six-early-inactives-10
2020,2020-10-18 07:33:45,2020-10-18 13:00:00,PHI,Week Six early inactives,https://www.nbcsports.com/nfl/profootballtalk/rumor-mill/news/week-six-early-inactives-10
2020,2020-10-18 07:33:45,2020-10-18 13:00:00,CAR,Week Six early inactives,https://www.nbcsports.com/nfl/profootballtalk/rumor-mill/news/week-six-early-inactives-10
2020,2020-11-29 14:04:45,2020-11-29 20:20:00,GB,Akiem Hicks inactive for Bears; Marquez Valdes-Scantling is active for Packers,https://www.nbcsports.com/nfl/profootballtalk/rumor-mill/news/akiem-hicks-inactive-for-bears-marquez-valdes-scantling-is-active-for-packers
2020,2020-11-29 14:04:45,2020-11-29 20:20:00,CHI,Akiem Hicks inactive for Bears; Marquez Valdes-Scantling is active for Packers,https://www.nbcsports.com/nfl/profootballtalk/rumor-mill/news/akiem-hicks-inactive-for-bears-marquez-valdes-scantling-is-active-for-packers
2020,2020-11-01 12:26:26,2020-11-01 13:00:00,PIT,"Ben Roethlisberger: Elbow is good, just a funny bone",https://www.nbcsports.com/nfl/profootballtalk/rumor-mill/news/ben-roethlisberger-elbow-is-good-just-a-funny-bone
2020,2020-11-08 12:55:43,2020-11-08 16:25:00,PIT,Ben Roethlisberger heads to locker room early after injuring knee,https://www.nbcsports.com/nfl/profootballtalk/rumor-mill/news/ben-roethlisberger-heads-into-locker-room-early-after-injuring-knee
2020,2020-11-08 12:55:43,2020-11-08 16:25:00,PIT,Ben Roethlisberger heads to locker room early after injuring knee,https://www.nbcsports.com/nfl/profootballtalk/rumor-mill/news/ben-roethlisberger-heads-into-locker-room-early-after-injuring-knee
2020,2020-11-08 12:55:43,2020-11-08 16:25:00,DAL,Ben Roethlisberger heads to locker room early after injuring knee,https://www.nbcsports.com/nfl/profootballtalk/rumor-mill/news/ben-roethlisberger-heads-into-locker-room-early-after-injuring-knee
2020,2020-11-22 11:04:49,2020-11-22 13:00:00,CIN,"Bengals lose Joe Burrow to injury, lose game to Washington",https://www.nbcsports.com/nfl/profootballtalk/rumor-mill/news/bengals-lose-joe-burrow-to-injury-lose-game-to-washington
2020,2020-11-22 11:04:49,2020-11-22 13:00:00,WAS,"Bengals lose Joe Burrow to injury, lose game to Washington",https://www.nbcsports.com/nfl/profootballtalk/rumor-mill/news/bengals-lose-joe-burrow-to-injury-lose-game-to-washington
2020,2020-11-22 11:04:49,2020-11-22 13:00:00,CIN,"Bengals lose Joe Burrow to injury, lose game to Washington",https://www.nbcsports.com/nfl/profootballtalk/rumor-mill/news/bengals-lose-joe-burrow-to-injury-lose-game-to-washington
2020,2020-11-22 14:30:18,2020-11-22 16:05:00,MIA,"Brian Flores: Tua Tagovailoa wasn’t hurt, will start next week",https://www.nbcsports.com/nfl/profootballtalk/rumor-mill/news/brian-flores-tua-tagovailoa-wasnt-hurt-will-start-next-week
2020,2020-11-01 17:21:35,2020-11-01 20:20:00,PHI,"Carson Wentz has his fourth turnover, but Cowboys miss a field goal",https://www.nbcsports.com/nfl/profootballtalk/rumor-mill/news/carson-wentz-has-his-fourth-turnover-but-cowboys-miss-a-field-goal
2020,2020-11-29 09:51:48,2020-11-29 13:00:00,NYG,Colt McCoy in for Giants after Daniel Jones injury,https://www.nbcsports.com/nfl/profootballtalk/rumor-mill/news/colt-mccoy-in-for-giants-after-daniel-jones-injury
2020,2020-11-29 09:51:48,2020-11-29 13:00:00,NYG,Colt McCoy in for Giants after Daniel Jones injury,https://www.nbcsports.com/nfl/profootballtalk/rumor-mill/news/colt-mccoy-in-for-giants-after-daniel-jones-injury
2020,2020-11-29 16:10:02,2020-11-29 20:20:00,GB,Corey Linsley carted to locker room with knee injury,https://www.nbcsports.com/nfl/profootballtalk/rumor-mill/news/corey-linsley-carted-to-locker-room-with-knee-injury
2020,2020-11-29 09:51:47,2020-11-29 13:00:00,MIN,Dalvin Cook exits with leg injury,https://www.nbcsports.com/nfl/profootballtalk/rumor-mill/news/dalvin-cook-exits-with-leg-injury
2020,2020-11-29 11:38:50,2020-11-29 13:00:00,NYG,Daniel Jones headed for MRI on hamstring,https://www.nbcsports.com/nfl/profootballtalk/rumor-mill/news/daniel-jones-headed-for-mri-on-hamstring
2020,2020-11-29 11:38:50,2020-11-29 13:00:00,NYG,Daniel Jones headed for MRI on hamstring,https://www.nbcsports.com/nfl/profootballtalk/rumor-mill/news/daniel-jones-headed-for-mri-on-hamstring
2020,2020-11-29 17:57:03,2020-11-29 20:20:00,CHI,Darnell Savage questionable to return with back injury,https://www.nbcsports.com/nfl/profootballtalk/rumor-mill/news/darnell-savage-questionable-to-return-with-back-injury
2020,2020-11-29 09:44:50,2020-11-29 16:05:00,DEN,Deonte Harris inactive for Saints,https://www.nbcsports.com/nfl/profootballtalk/rumor-mill/news/deonte-harris-inactive-for-saints
2020,2020-11-29 09:44:50,2020-11-29 16:05:00,DEN,Deonte Harris inactive for Saints,https://www.nbcsports.com/nfl/profootballtalk/rumor-mill/news/deonte-harris-inactive-for-saints
2020,2020-11-29 09:44:50,2020-11-29 16:05:00,DEN,Deonte Harris inactive for Saints,https://www.nbcsports.com/nfl/profootballtalk/rumor-mill/news/deonte-harris-inactive-for-saints
2020,2020-11-29 09:44:50,2020-11-29 16:05:00,DEN,Deonte Harris inactive for Saints,https://www.nbcsports.com/nfl/profootballtalk/rumor-mill/news/deonte-harris-inactive-for-saints
2020,2020-11-29 09:44:50,2020-11-29 16:05:00,DEN,Deonte Harris inactive for Saints,https://www.nbcsports.com/nfl/profootballtalk/rumor-mill/news/deonte-harris-inactive-for-saints
2020,2020-11-29 09:44:50,2020-11-29 16:05:00,NO,Deonte Harris inactive for Saints,https://www.nbcsports.com/nfl/profootballtalk/rumor-mill/news/deonte-harris-inactive-for-saints
2020,2020-11-08 10:06:59,2020-11-08 16:25:00,ARI,Dolphins missing five assistant coaches due to COVID protocols,https://www.nbcsports.com/nfl/profootballtalk/rumor-mill/news/dolphins-missing-five-assistant-coaches-due-to-covid-protocols
2020,2020-11-01 09:05:53,2020-11-01 13:00:00,LA,Dolphins up 14-7; Jalen Ramsey questionable to return with illness,https://www.nbcsports.com/nfl/profootballtalk/rumor-mill/news/dolphins-up-14-7-jalen-ramsey-questionable-to-return-with-illness
2020,2020-11-15 16:07:34,2020-11-15 16:25:00,NO,Drew Brees: Injury prevented me from doing my job,https://www.nbcsports.com/nfl/profootballtalk/rumor-mill/news/drew-brees-injury-prevented-me-from-doing-my-job
2020,2020-11-15 13:29:34,2020-11-15 16:25:00,NO,Drew Brees questionable to return with injured ribs,https://www.nbcsports.com/nfl/profootballtalk/rumor-mill/news/drew-brees-questionable-to-return-with-injured-ribs
2020,2020-11-15 13:29:34,2020-11-15 16:25:00,NO,Drew Brees questionable to return with injured ribs,https://www.nbcsports.com/nfl/profootballtalk/rumor-mill/news/drew-brees-questionable-to-return-with-injured-ribs
2020,2020-11-15 13:29:34,2020-11-15 16:25:00,NO,Drew Brees questionable to return with injured ribs,https://www.nbcsports.com/nfl/profootballtalk/rumor-mill/news/drew-brees-questionable-to-return-with-injured-ribs
2020,2020-11-15 15:01:01,2020-11-15 16:25:00,NO,"Drew Brees to have MRI, X-rays on ribs",https://www.nbcsports.com/nfl/profootballtalk/rumor-mill/news/drew-brees-to-have-mri-x-rays-on-ribs
2020,2020-11-15 15:01:01,2020-11-15 16:25:00,NO,"Drew Brees to have MRI, X-rays on ribs",https://www.nbcsports.com/nfl/profootballtalk/rumor-mill/news/drew-brees-to-have-mri-x-rays-on-ribs
2020,2020-11-15 15:01:01,2020-11-15 16:25:00,NO,"Drew Brees to have MRI, X-rays on ribs",https://www.nbcsports.com/nfl/profootballtalk/rumor-mill/news/drew-brees-to-have-mri-x-rays-on-ribs
2020,2020-11-01 13:59:53,2020-11-01 16:25:00,SF,George Kittle departs with ankle injury,https://www.nbcsports.com/nfl/profootballtalk/rumor-mill/news/george-kittle-departs-with-ankle-injury
2020,2020-11-01 13:59:53,2020-11-01 16:25:00,SF,George Kittle departs with ankle injury,https://www.nbcsports.com/nfl/profootballtalk/rumor-mill/news/george-kittle-departs-with-ankle-injury
2020,2020-11-22 10:29:02,2020-11-22 13:00:00,PIT,Jaguars pass rusher Josh Allen out with knee injury,https://www.nbcsports.com/nfl/profootballtalk/rumor-mill/news/jaguars-pass-rusher-josh-allen-out-with-knee-injury
2020,2020-11-01 10:06:52,2020-11-01 16:25:00,SF,"Jamal Adams, Chris Carson, Carlos Hyde inactive for Seahawks",https://www.nbcsports.com/nfl/profootballtalk/rumor-mill/news/jamal-adams-chris-carson-carlos-hyde-inactive-for-seahawks
2020,2020-11-01 13:45:32,2020-11-01 16:25:00,SF,Jimmy Garoppolo to locker room with ankle injury,https://www.nbcsports.com/nfl/profootballtalk/rumor-mill/news/jimmy-garoppolo-to-locker-room-with-ankle-injury
2020,2020-11-01 13:45:32,2020-11-01 16:25:00,SF,Jimmy Garoppolo to locker room with ankle injury,https://www.nbcsports.com/nfl/profootballtalk/rumor-mill/news/jimmy-garoppolo-to-locker-room-with-ankle-injury
2020,2020-11-22 10:01:40,2020-11-22 13:00:00,CIN,Joe Burrow suffers left leg injury,https://www.nbcsports.com/nfl/profootballtalk/rumor-mill/news/joe-burrow-suffers-left-leg-injury
2020,2020-11-15 10:33:40,2020-11-15 16:05:00,LAC,Jordan Howard inactive for the Dolphins,https://www.nbcsports.com/nfl/profootballtalk/rumor-mill/news/jordan-howard-inactive-for-the-dolphins
2020,2020-11-15 13:52:22,2020-11-15 16:25:00,SEA,Kai Forbath questionable to return with ankle injury,https://www.nbcsports.com/nfl/profootballtalk/rumor-mill/news/kai-forbath-questionable-to-return-with-ankle-injury
2020,2020-11-08 08:49:41,2020-11-08 13:00:00,WAS,"Kyle Allen out with leg injury, Alex Smith in for WFT",https://www.nbcsports.com/nfl/profootballtalk/rumor-mill/news/kyle-allen-out-with-leg-injury
2020,2020-11-08 08:49:41,2020-11-08 13:00:00,WAS,"Kyle Allen out with leg injury, Alex Smith in for WFT",https://www.nbcsports.com/nfl/profootballtalk/rumor-mill/news/kyle-allen-out-with-leg-injury
2020,2020-11-01 14:22:20,2020-11-01 20:20:00,PHI,Lane Johnson among Eagles’ inactives; Sean Lee will make 2020 debut,https://www.nbcsports.com/nfl/profootballtalk/rumor-mill/news/lane-johnson-among-eagles-inactives-sean-lee-will-make-2020-debut
2020,2020-11-01 14:22:20,2020-11-01 20:20:00,DAL,Lane Johnson among Eagles’ inactives; Sean Lee will make 2020 debut,https://www.nbcsports.com/nfl/profootballtalk/rumor-mill/news/lane-johnson-among-eagles-inactives-sean-lee-will-make-2020-debut
2020,2020-11-01 14:22:20,2020-11-01 20:20:00,DAL,Lane Johnson among Eagles’ inactives; Sean Lee will make 2020 debut,https://www.nbcsports.com/nfl/profootballtalk/rumor-mill/news/lane-johnson-among-eagles-inactives-sean-lee-will-make-2020-debut
2020,2020-11-08 17:46:27,2020-11-08 20:20:00,TB,Marshon Lattimore left for locker room in third quarter,https://www.nbcsports.com/nfl/profootballtalk/rumor-mill/news/marshon-lattimore-injured-in-third-quarter
2020,2020-11-15 11:35:51,2020-11-15 13:00:00,CAR,Matt Rhule doesn’t have update on Teddy Bridgewater’s knee,https://www.nbcsports.com/nfl/profootballtalk/rumor-mill/news/matt-rhule-doesnt-have-update-on-teddy-bridgewaters-knee
2020,2020-11-08 04:04:58,2020-11-08 13:00:00,DET,Matthew Stafford is cleared for Sunday’s game at Minnesota,https://www.nbcsports.com/nfl/profootballtalk/rumor-mill/news/matthew-stafford-is-cleared-for-sundays-game-at-minnesota
2020,2020-11-08 01:30:14,2020-11-08 20:20:00,NO,Michael Thomas is expected to play Sunday night,https://www.nbcsports.com/nfl/profootballtalk/rumor-mill/news/michael-thomas-is-expected-to-play-sunday-night
2020,2020-11-01 08:29:10,2020-11-01 13:00:00,BUF,Mitch Morse ruled out with head injury,https://www.nbcsports.com/nfl/profootballtalk/rumor-mill/news/mitch-morse-being-evaluated-for-head-injury
2020,2020-11-29 06:32:48,2020-11-29 13:00:00,MIA,NFL Week 12 early inactives: Tua Tagovailoa officially out,https://www.nbcsports.com/nfl/profootballtalk/rumor-mill/news/nfl-week-12-early-inactives-tua-tagovailoa-officially-out
2020,2020-11-29 06:32:48,2020-11-29 13:00:00,MIA,NFL Week 12 early inactives: Tua Tagovailoa officially out,https://www.nbcsports.com/nfl/profootballtalk/rumor-mill/news/nfl-week-12-early-inactives-tua-tagovailoa-officially-out
2020,2020-11-29 06:32:48,2020-11-29 13:00:00,NYJ,NFL Week 12 early inactives: Tua Tagovailoa officially out,https://www.nbcsports.com/nfl/profootballtalk/rumor-mill/news/nfl-week-12-early-inactives-tua-tagovailoa-officially-out
2020,2020-11-29 06:32:48,2020-11-29 13:00:00,LAC,NFL Week 12 early inactives: Tua Tagovailoa officially out,https://www.nbcsports.com/nfl/profootballtalk/rumor-mill/news/nfl-week-12-early-inactives-tua-tagovailoa-officially-out
2020,2020-11-29 06:32:48,2020-11-29 13:00:00,BUF,NFL Week 12 early inactives: Tua Tagovailoa officially out,https://www.nbcsports.com/nfl/profootballtalk/rumor-mill/news/nfl-week-12-early-inactives-tua-tagovailoa-officially-out
2020,2020-11-29 06:32:48,2020-11-29 13:00:00,ARI,NFL Week 12 early inactives: Tua Tagovailoa officially out,https://www.nbcsports.com/nfl/profootballtalk/rumor-mill/news/nfl-week-12-early-inactives-tua-tagovailoa-officially-out
2020,2020-11-29 06:32:48,2020-11-29 13:00:00,NE,NFL Week 12 early inactives: Tua Tagovailoa officially out,https://www.nbcsports.com/nfl/profootballtalk/rumor-mill/news/nfl-week-12-early-inactives-tua-tagovailoa-officially-out
2020,2020-11-29 06:32:48,2020-11-29 13:00:00,IND,NFL Week 12 early inactives: Tua Tagovailoa officially out,https://www.nbcsports.com/nfl/profootballtalk/rumor-mill/news/nfl-week-12-early-inactives-tua-tagovailoa-officially-out
2020,2020-11-29 06:32:48,2020-11-29 13:00:00,JAX,NFL Week 12 early inactives: Tua Tagovailoa officially out,https://www.nbcsports.com/nfl/profootballtalk/rumor-mill/news/nfl-week-12-early-inactives-tua-tagovailoa-officially-out
2020,2020-11-29 06:32:48,2020-11-29 13:00:00,CAR,NFL Week 12 early inactives: Tua Tagovailoa officially out,https://www.nbcsports.com/nfl/profootballtalk/rumor-mill/news/nfl-week-12-early-inactives-tua-tagovailoa-officially-out
2020,2020-11-29 06:32:48,2020-11-29 13:00:00,LV,NFL Week 12 early inactives: Tua Tagovailoa officially out,https://www.nbcsports.com/nfl/profootballtalk/rumor-mill/news/nfl-week-12-early-inactives-tua-tagovailoa-officially-out
2020,2020-11-15 17:33:24,2020-11-15 20:20:00,BAL,Nick Boyle carted off with knee injury,https://www.nbcsports.com/nfl/profootballtalk/rumor-mill/news/nick-boyle-carted-off-with-knee-injury
2020,2020-11-29 13:01:59,2020-11-29 16:05:00,DEN,Phillip Lindsay done for day with knee injury,https://www.nbcsports.com/nfl/profootballtalk/rumor-mill/news/phillip-lindsay-done-for-day-with-knee-injury
2020,2020-11-15 14:32:05,2020-11-15 16:25:00,SEA,Rams hand Seahawks 23-16 loss,https://www.nbcsports.com/nfl/profootballtalk/rumor-mill/news/rams-hand-seahawks-23-16-loss
2020,2020-11-15 14:32:05,2020-11-15 16:25:00,LA,Rams hand Seahawks 23-16 loss,https://www.nbcsports.com/nfl/profootballtalk/rumor-mill/news/rams-hand-seahawks-23-16-loss
2020,2020-11-29 03:38:39,2020-11-29 13:00:00,NE,Report: Patriots fined $350K for COVID-19 protocol violations,https://www.nbcsports.com/nfl/profootballtalk/rumor-mill/news/report-patriots-fined-350k-for-covid-19-protocol-violations
2020,2020-11-22 12:49:14,2020-11-22 13:00:00,CIN,Report: Torn ACL feared for Joe Burrow,https://www.nbcsports.com/nfl/profootballtalk/rumor-mill/news/report-torn-acl-feared-for-joe-burrow
2020,2020-11-22 12:49:14,2020-11-22 13:00:00,CIN,Report: Torn ACL feared for Joe Burrow,https://www.nbcsports.com/nfl/profootballtalk/rumor-mill/news/report-torn-acl-feared-for-joe-burrow
2020,2020-11-22 12:49:14,2020-11-22 13:00:00,CIN,Report: Torn ACL feared for Joe Burrow,https://www.nbcsports.com/nfl/profootballtalk/rumor-mill/news/report-torn-acl-feared-for-joe-burrow
2020,2020-11-22 12:58:58,2020-11-22 13:00:00,NE,Rex Burkhead believed to have torn ACL,https://www.nbcsports.com/nfl/profootballtalk/rumor-mill/news/rex-burkhead-believed-to-have-torn-acl
2020,2020-11-01 08:49:52,2020-11-01 13:00:00,BAL,Ronnie Stanley appears to suffer serious ankle injury,https://www.nbcsports.com/nfl/profootballtalk/rumor-mill/news/ronnie-stanley-appears-to-suffer-serious-ankle-injury
2020,2020-11-15 14:03:15,2020-11-15 20:20:00,NE,"Stephon Gilmore out for Patriots, Mark Ingram in for Ravens",https://www.nbcsports.com/nfl/profootballtalk/rumor-mill/news/stephon-gilmore-out-for-patriots-mark-ingram-in-for-ravens
2020,2020-11-15 14:03:15,2020-11-15 20:20:00,BAL,"Stephon Gilmore out for Patriots, Mark Ingram in for Ravens",https://www.nbcsports.com/nfl/profootballtalk/rumor-mill/news/stephon-gilmore-out-for-patriots-mark-ingram-in-for-ravens
2020,2020-11-01 09:52:42,2020-11-01 13:00:00,IND,"T.Y. Hilton, Kenny Golladay injured in Colts-Lions",https://www.nbcsports.com/nfl/profootballtalk/rumor-mill/news/t-y-hilton-kenny-golladay-injured-in-colts-lions
2020,2020-11-01 09:52:42,2020-11-01 13:00:00,DET,"T.Y. Hilton, Kenny Golladay injured in Colts-Lions",https://www.nbcsports.com/nfl/profootballtalk/rumor-mill/news/t-y-hilton-kenny-golladay-injured-in-colts-lions
2020,2020-11-22 00:15:54,2020-11-22 13:00:00,CAR,Teddy Bridgewater will test knee in pregame before deciding whether to play,https://www.nbcsports.com/nfl/profootballtalk/rumor-mill/news/teddy-bridgewater-will-test-knee-in-pregame-before-deciding-whether-to-play
2020,2020-11-22 00:15:54,2020-11-22 13:00:00,CAR,Teddy Bridgewater will test knee in pregame before deciding whether to play,https://www.nbcsports.com/nfl/profootballtalk/rumor-mill/news/teddy-bridgewater-will-test-knee-in-pregame-before-deciding-whether-to-play
2020,2020-11-22 00:15:54,2020-11-22 13:00:00,DET,Teddy Bridgewater will test knee in pregame before deciding whether to play,https://www.nbcsports.com/nfl/profootballtalk/rumor-mill/news/teddy-bridgewater-will-test-knee-in-pregame-before-deciding-whether-to-play
2020,2020-11-22 10:09:52,2020-11-22 13:00:00,CIN,Washington takes lead after Joe Burrow injury,https://www.nbcsports.com/nfl/profootballtalk/rumor-mill/news/washington-takes-lead-after-joe-burrow-injury
2020,2020-11-22 10:09:52,2020-11-22 13:00:00,CIN,Washington takes lead after Joe Burrow injury,https://www.nbcsports.com/nfl/profootballtalk/rumor-mill/news/washington-takes-lead-after-joe-burrow-injury
2020,2020-11-22 10:09:52,2020-11-22 13:00:00,WAS,Washington takes lead after Joe Burrow injury,https://www.nbcsports.com/nfl/profootballtalk/rumor-mill/news/washington-takes-lead-after-joe-burrow-injury
2020,2020-11-15 06:32:00,2020-11-15 13:00:00,PHI,Week 10 early inactives: Alshon Jeffery makes his 2020 debut,https://www.nbcsports.com/nfl/profootballtalk/rumor-mill/news/week-10-early-inactives-alshon-jeffery-makes-his-2020-debut
2020,2020-11-15 06:32:00,2020-11-15 13:00:00,WAS,Week 10 early inactives: Alshon Jeffery makes his 2020 debut,https://www.nbcsports.com/nfl/profootballtalk/rumor-mill/news/week-10-early-inactives-alshon-jeffery-makes-his-2020-debut
2020,2020-11-15 06:32:00,2020-11-15 13:00:00,DET,Week 10 early inactives: Alshon Jeffery makes his 2020 debut,https://www.nbcsports.com/nfl/profootballtalk/rumor-mill/news/week-10-early-inactives-alshon-jeffery-makes-his-2020-debut
2020,2020-11-15 06:32:00,2020-11-15 13:00:00,HOU,Week 10 early inactives: Alshon Jeffery makes his 2020 debut,https://www.nbcsports.com/nfl/profootballtalk/rumor-mill/news/week-10-early-inactives-alshon-jeffery-makes-his-2020-debut
2020,2020-11-15 06:32:00,2020-11-15 13:00:00,JAX,Week 10 early inactives: Alshon Jeffery makes his 2020 debut,https://www.nbcsports.com/nfl/profootballtalk/rumor-mill/news/week-10-early-inactives-alshon-jeffery-makes-his-2020-debut
2020,2020-11-15 06:32:00,2020-11-15 13:00:00,GB,Week 10 early inactives: Alshon Jeffery makes his 2020 debut,https://www.nbcsports.com/nfl/profootballtalk/rumor-mill/news/week-10-early-inactives-alshon-jeffery-makes-his-2020-debut
2020,2020-11-15 06:32:00,2020-11-15 13:00:00,TB,Week 10 early inactives: Alshon Jeffery makes his 2020 debut,https://www.nbcsports.com/nfl/profootballtalk/rumor-mill/news/week-10-early-inactives-alshon-jeffery-makes-his-2020-debut
2020,2020-11-15 06:32:00,2020-11-15 13:00:00,CAR,Week 10 early inactives: Alshon Jeffery makes his 2020 debut,https://www.nbcsports.com/nfl/profootballtalk/rumor-mill/news/week-10-early-inactives-alshon-jeffery-makes-his-2020-debut
2020,2020-11-22 06:39:55,2020-11-22 13:00:00,NO,Week 11 early inactives: Marshon Lattimore out for Saints,https://www.nbcsports.com/nfl/profootballtalk/rumor-mill/news/week-11-early-inactives-marshon-lattimore-out-for-saints
2020,2020-11-22 06:39:55,2020-11-22 13:00:00,ATL,Week 11 early inactives: Marshon Lattimore out for Saints,https://www.nbcsports.com/nfl/profootballtalk/rumor-mill/news/week-11-early-inactives-marshon-lattimore-out-for-saints
2020,2020-11-22 06:39:55,2020-11-22 13:00:00,DET,Week 11 early inactives: Marshon Lattimore out for Saints,https://www.nbcsports.com/nfl/profootballtalk/rumor-mill/news/week-11-early-inactives-marshon-lattimore-out-for-saints
2020,2020-11-22 06:39:55,2020-11-22 13:00:00,CAR,Week 11 early inactives: Marshon Lattimore out for Saints,https://www.nbcsports.com/nfl/profootballtalk/rumor-mill/news/week-11-early-inactives-marshon-lattimore-out-for-saints
2020,2020-11-22 06:39:55,2020-11-22 13:00:00,PHI,Week 11 early inactives: Marshon Lattimore out for Saints,https://www.nbcsports.com/nfl/profootballtalk/rumor-mill/news/week-11-early-inactives-marshon-lattimore-out-for-saints
2020,2020-11-22 06:39:55,2020-11-22 13:00:00,NE,Week 11 early inactives: Marshon Lattimore out for Saints,https://www.nbcsports.com/nfl/profootballtalk/rumor-mill/news/week-11-early-inactives-marshon-lattimore-out-for-saints
2020,2020-11-22 06:39:55,2020-11-22 13:00:00,HOU,Week 11 early inactives: Marshon Lattimore out for Saints,https://www.nbcsports.com/nfl/profootballtalk/rumor-mill/news/week-11-early-inactives-marshon-lattimore-out-for-saints
2020,2020-11-22 06:39:55,2020-11-22 13:00:00,JAX,Week 11 early inactives: Marshon Lattimore out for Saints,https://www.nbcsports.com/nfl/profootballtalk/rumor-mill/news/week-11-early-inactives-marshon-lattimore-out-for-saints
2020,2020-11-01 06:34:07,2020-11-01 13:00:00,BAL,Week 8 early inactives: No Mark Ingram for Ravens-Steelers clash,https://www.nbcsports.com/nfl/profootballtalk/rumor-mill/news/week-8-early-inactives-no-mark-ingram-for-ravens-steelers-clash
2020,2020-11-01 06:34:07,2020-11-01 13:00:00,NE,Week 8 early inactives: No Mark Ingram for Ravens-Steelers clash,https://www.nbcsports.com/nfl/profootballtalk/rumor-mill/news/week-8-early-inactives-no-mark-ingram-for-ravens-steelers-clash
2020,2020-11-01 06:34:07,2020-11-01 13:00:00,BUF,Week 8 early inactives: No Mark Ingram for Ravens-Steelers clash,https://www.nbcsports.com/nfl/profootballtalk/rumor-mill/news/week-8-early-inactives-no-mark-ingram-for-ravens-steelers-clash
2020,2020-11-01 06:34:07,2020-11-01 13:00:00,LV,Week 8 early inactives: No Mark Ingram for Ravens-Steelers clash,https://www.nbcsports.com/nfl/profootballtalk/rumor-mill/news/week-8-early-inactives-no-mark-ingram-for-ravens-steelers-clash
2020,2020-11-01 06:34:07,2020-11-01 13:00:00,NYJ,Week 8 early inactives: No Mark Ingram for Ravens-Steelers clash,https://www.nbcsports.com/nfl/profootballtalk/rumor-mill/news/week-8-early-inactives-no-mark-ingram-for-ravens-steelers-clash
2020,2020-11-01 06:34:07,2020-11-01 13:00:00,IND,Week 8 early inactives: No Mark Ingram for Ravens-Steelers clash,https://www.nbcsports.com/nfl/profootballtalk/rumor-mill/news/week-8-early-inactives-no-mark-ingram-for-ravens-steelers-clash
2020,2020-11-01 06:34:07,2020-11-01 13:00:00,DET,Week 8 early inactives: No Mark Ingram for Ravens-Steelers clash,https://www.nbcsports.com/nfl/profootballtalk/rumor-mill/news/week-8-early-inactives-no-mark-ingram-for-ravens-steelers-clash
2020,2020-11-01 06:34:07,2020-11-01 13:00:00,GB,Week 8 early inactives: No Mark Ingram for Ravens-Steelers clash,https://www.nbcsports.com/nfl/profootballtalk/rumor-mill/news/week-8-early-inactives-no-mark-ingram-for-ravens-steelers-clash
2020,2020-11-08 06:32:02,2020-11-08 13:00:00,CHI,Week 9 early inactives: No Jadeveon Clowney for Titans,https://www.nbcsports.com/nfl/profootballtalk/rumor-mill/news/week-9-early-inactives-no-jadeveon-clowney-for-titans
2020,2020-11-08 06:32:02,2020-11-08 13:00:00,BUF,Week 9 early inactives: No Jadeveon Clowney for Titans,https://www.nbcsports.com/nfl/profootballtalk/rumor-mill/news/week-9-early-inactives-no-jadeveon-clowney-for-titans
2020,2020-11-08 06:32:02,2020-11-08 13:00:00,BAL,Week 9 early inactives: No Jadeveon Clowney for Titans,https://www.nbcsports.com/nfl/profootballtalk/rumor-mill/news/week-9-early-inactives-no-jadeveon-clowney-for-titans
2020,2020-11-08 06:32:02,2020-11-08 13:00:00,IND,Week 9 early inactives: No Jadeveon Clowney for Titans,https://www.nbcsports.com/nfl/profootballtalk/rumor-mill/news/week-9-early-inactives-no-jadeveon-clowney-for-titans
2020,2020-11-08 06:32:02,2020-11-08 13:00:00,JAX,Week 9 early inactives: No Jadeveon Clowney for Titans,https://www.nbcsports.com/nfl/profootballtalk/rumor-mill/news/week-9-early-inactives-no-jadeveon-clowney-for-titans
2020,2020-11-08 06:32:02,2020-11-08 13:00:00,WAS,Week 9 early inactives: No Jadeveon Clowney for Titans,https://www.nbcsports.com/nfl/profootballtalk/rumor-mill/news/week-9-early-inactives-no-jadeveon-clowney-for-titans
2020,2020-11-08 06:32:02,2020-11-08 13:00:00,DET,Week 9 early inactives: No Jadeveon Clowney for Titans,https://www.nbcsports.com/nfl/profootballtalk/rumor-mill/news/week-9-early-inactives-no-jadeveon-clowney-for-titans
2020,2020-11-08 06:32:02,2020-11-08 13:00:00,DEN,Week 9 early inactives: No Jadeveon Clowney for Titans,https://www.nbcsports.com/nfl/profootballtalk/rumor-mill/news/week-9-early-inactives-no-jadeveon-clowney-for-titans
2020,2020-12-13 15:13:34,2020-12-13 16:25:00,WAS,"Alex Smith strained his calf, X-rays negative",https://www.nbcsports.com/nfl/profootballtalk/rumor-mill/news/alex-smith-strained-his-calf-x-rays-negative
2020,2020-12-13 15:13:34,2020-12-13 16:25:00,WAS,"Alex Smith strained his calf, X-rays negative",https://www.nbcsports.com/nfl/profootballtalk/rumor-mill/news/alex-smith-strained-his-calf-x-rays-negative
2020,2020-12-13 11:29:01,2020-12-13 16:05:00,IND,"Anthony Castonzo heads to locker room, questionable to return",https://www.nbcsports.com/nfl/profootballtalk/rumor-mill/news/anthony-castonzo-heads-to-locker-room-questionable-to-return
2020,2020-12-27 04:56:31,2020-12-27 16:05:00,WAS,Antonio Gibson is expected to play Sunday,https://www.nbcsports.com/nfl/profootballtalk/rumor-mill/news/antonio-gibson-is-expected-to-play-sunday
2020,2020-12-27 04:56:31,2020-12-27 16:05:00,WAS,Antonio Gibson is expected to play Sunday,https://www.nbcsports.com/nfl/profootballtalk/rumor-mill/news/antonio-gibson-is-expected-to-play-sunday
2020,2020-12-13 09:17:53,2020-12-13 13:00:00,CIN,Bengals three lost fumbles hand Cowboys 17-7 halftime lead,https://www.nbcsports.com/nfl/profootballtalk/rumor-mill/news/bengals-three-lost-fumbles-hand-cowboys-17-7-halftime-lead
2020,2020-12-06 11:22:40,2020-12-06 13:00:00,CIN,Brandon Allen injures chest on a hit by Shaq Lawson,https://www.nbcsports.com/nfl/profootballtalk/rumor-mill/news/brandon-allen-injured-on-a-hit-by-shaq-lawson
2020,2020-12-06 11:22:40,2020-12-06 13:00:00,CIN,Brandon Allen injures chest on a hit by Shaq Lawson,https://www.nbcsports.com/nfl/profootballtalk/rumor-mill/news/brandon-allen-injured-on-a-hit-by-shaq-lawson
2020,2020-12-06 11:22:40,2020-12-06 13:00:00,CIN,Brandon Allen injures chest on a hit by Shaq Lawson,https://www.nbcsports.com/nfl/profootballtalk/rumor-mill/news/brandon-allen-injured-on-a-hit-by-shaq-lawson
2020,2020-12-20 06:54:45,2020-12-20 13:00:00,JAX,"Calais Campbell, Marcus Peters, Mark Ingram inactive for Ravens",https://www.nbcsports.com/nfl/profootballtalk/rumor-mill/news/calais-campbell-marcus-peters-mark-ingram-inactive-for-ravens
2020,2020-12-20 14:22:53,2020-12-20 16:25:00,KC,"Cam Jordan ejected for throwing punch; Marcus Williams, Tre’Quan Smith injured",https://www.nbcsports.com/nfl/profootballtalk/rumor-mill/news/cam-jordan-ejected-for-throwing-punch-marcus-williams-trequan-smith-injured
2020,2020-12-06 10:12:15,2020-12-06 16:25:00,NE,"Cam Newton is active; Sam Tevi, Denzel Perryman inactive for Chargers",https://www.nbcsports.com/nfl/profootballtalk/rumor-mill/news/cam-newton-is-active-sam-tevi-denzel-perryman-inactive-for-chargers
2020,2020-12-06 10:12:15,2020-12-06 16:25:00,NE,"Cam Newton is active; Sam Tevi, Denzel Perryman inactive for Chargers",https://www.nbcsports.com/nfl/profootballtalk/rumor-mill/news/cam-newton-is-active-sam-tevi-denzel-perryman-inactive-for-chargers
2020,2020-12-06 10:12:15,2020-12-06 16:25:00,LAC,"Cam Newton is active; Sam Tevi, Denzel Perryman inactive for Chargers",https://www.nbcsports.com/nfl/profootballtalk/rumor-mill/news/cam-newton-is-active-sam-tevi-denzel-perryman-inactive-for-chargers
2020,2020-12-06 13:25:22,2020-12-06 16:25:00,PHI,"Carson Wentz benched, Jalen Hurts finally gets a chance",https://www.nbcsports.com/nfl/profootballtalk/rumor-mill/news/carson-wentz-benched-jalen-hurts-finally-gets-a-chance
2020,2020-12-06 13:25:22,2020-12-06 16:25:00,PHI,"Carson Wentz benched, Jalen Hurts finally gets a chance",https://www.nbcsports.com/nfl/profootballtalk/rumor-mill/news/carson-wentz-benched-jalen-hurts-finally-gets-a-chance
2020,2020-12-06 17:18:50,2020-12-06 20:20:00,KC,"Chiefs take 12-10 lead, Broncos’ Essang Bassey out for the game",https://www.nbcsports.com/nfl/profootballtalk/rumor-mill/news/chiefs-take-12-10-lead-broncos-essang-bassey-out-for-the-game
2020,2020-12-06 08:16:38,2020-12-06 13:00:00,NYJ,"Damon Arnette, Frank Gore being evaluated for concussions",https://www.nbcsports.com/nfl/profootballtalk/rumor-mill/news/damon-arnette-frank-gore-being-evaluated-for-concussions
2020,2020-12-20 14:07:06,2020-12-20 20:20:00,NYG,"Daniel Jones officially inactive, Colt McCoy to start for Giants",https://www.nbcsports.com/nfl/profootballtalk/rumor-mill/news/daniel-jones-officially-inactive-colt-mccoy-to-start-for-giants
2020,2020-12-20 14:07:06,2020-12-20 20:20:00,NYG,"Daniel Jones officially inactive, Colt McCoy to start for Giants",https://www.nbcsports.com/nfl/profootballtalk/rumor-mill/news/daniel-jones-officially-inactive-colt-mccoy-to-start-for-giants
2020,2020-12-06 09:51:17,2020-12-06 16:05:00,NYG,"Daniel Jones out for Giants, Carlos Dunlap in for Seahawks",https://www.nbcsports.com/nfl/profootballtalk/rumor-mill/news/daniel-jones-out-for-giants-carlos-dunlap-in-for-seahawks
2020,2020-12-13 17:27:11,2020-12-13 20:20:00,BUF,Dawson Knox questionable to return with stinger,https://www.nbcsports.com/nfl/profootballtalk/rumor-mill/news/dawson-knox-questionable-to-return-with-stinger
2020,2020-12-20 09:44:34,2020-12-20 13:00:00,SEA,"DeeJay Dallas out with ankle injury, Seattle leads Washington 13-3 at halftime",https://www.nbcsports.com/nfl/profootballtalk/rumor-mill/news/deejay-dallas-out-with-ankle-injury-seattle-leads-washington-13-3-at-halftime
2020,2020-12-20 09:44:34,2020-12-20 13:00:00,WAS,"DeeJay Dallas out with ankle injury, Seattle leads Washington 13-3 at halftime",https://www.nbcsports.com/nfl/profootballtalk/rumor-mill/news/deejay-dallas-out-with-ankle-injury-seattle-leads-washington-13-3-at-halftime
2020,2020-12-20 09:44:34,2020-12-20 13:00:00,WAS,"DeeJay Dallas out with ankle injury, Seattle leads Washington 13-3 at halftime",https://www.nbcsports.com/nfl/profootballtalk/rumor-mill/news/deejay-dallas-out-with-ankle-injury-seattle-leads-washington-13-3-at-halftime
2020,2020-12-13 10:01:47,2020-12-13 16:25:00,NO,Deonte Harris out for Saints on Sunday,https://www.nbcsports.com/nfl/profootballtalk/rumor-mill/news/deonte-harris-out-for-saints-on-sunday
2020,2020-12-13 10:01:47,2020-12-13 16:25:00,PHI,Deonte Harris out for Saints on Sunday,https://www.nbcsports.com/nfl/profootballtalk/rumor-mill/news/deonte-harris-out-for-saints-on-sunday
2020,2020-12-06 15:06:26,2020-12-06 16:25:00,PHI,Doug Pederson won’t say whether Jalen Hurts or Carson Wentz starts next week,https://www.nbcsports.com/nfl/profootballtalk/rumor-mill/news/doug-pederson-wont-say-whether-jalen-hurts-or-carson-wentz-starts-next-week
2020,2020-12-06 15:06:26,2020-12-06 16:25:00,PHI,Doug Pederson won’t say whether Jalen Hurts or Carson Wentz starts next week,https://www.nbcsports.com/nfl/profootballtalk/rumor-mill/news/doug-pederson-wont-say-whether-jalen-hurts-or-carson-wentz-starts-next-week
2020,2020-12-20 11:57:41,2020-12-20 16:25:00,NO,"Drew Brees misses on first four attempts, throws interception",https://www.nbcsports.com/nfl/profootballtalk/rumor-mill/news/drew-brees-misses-on-first-four-attempts-throws-interception
2020,2020-12-20 11:57:41,2020-12-20 16:25:00,KC,"Drew Brees misses on first four attempts, throws interception",https://www.nbcsports.com/nfl/profootballtalk/rumor-mill/news/drew-brees-misses-on-first-four-attempts-throws-interception
2020,2020-12-13 13:20:19,2020-12-13 16:25:00,WAS,"Dwayne Haskins in for Alex Smith, who has a calf injury",https://www.nbcsports.com/nfl/profootballtalk/rumor-mill/news/dwayne-haskins-in-for-alex-smith-who-has-a-calf-injury
2020,2020-12-13 13:20:19,2020-12-13 16:25:00,WAS,"Dwayne Haskins in for Alex Smith, who has a calf injury",https://www.nbcsports.com/nfl/profootballtalk/rumor-mill/news/dwayne-haskins-in-for-alex-smith-who-has-a-calf-injury
2020,2020-12-13 14:34:02,2020-12-13 16:25:00,PHI,Eagles hold on for win in Jalen Hurts’ first start,https://www.nbcsports.com/nfl/profootballtalk/rumor-mill/news/eagles-hold-on-for-win-in-jalen-hurts-first-start
2020,2020-12-13 14:34:02,2020-12-13 16:25:00,NO,Eagles hold on for win in Jalen Hurts’ first start,https://www.nbcsports.com/nfl/profootballtalk/rumor-mill/news/eagles-hold-on-for-win-in-jalen-hurts-first-start
2020,2020-12-13 14:34:02,2020-12-13 16:25:00,NO,Eagles hold on for win in Jalen Hurts’ first start,https://www.nbcsports.com/nfl/profootballtalk/rumor-mill/news/eagles-hold-on-for-win-in-jalen-hurts-first-start
2020,2020-12-06 08:15:17,2020-12-06 13:00:00,JAX,Eric Kendricks ruled out with calf injury,https://www.nbcsports.com/nfl/profootballtalk/rumor-mill/news/eric-kendricks-ruled-out-with-calf-injury
2020,2020-12-20 06:48:18,2020-12-20 13:00:00,DAL,Ezekiel Elliott out for Sunday’s game,https://www.nbcsports.com/nfl/profootballtalk/rumor-mill/news/ezekiel-elliott-out-for-sundays-game
2020,2020-12-27 12:21:26,2020-12-27 16:25:00,DAL,Fletcher Cox leaves with stinger as Eagles let Dallas back in game,https://www.nbcsports.com/nfl/profootballtalk/rumor-mill/news/fletcher-cox-leaves-with-stinger-as-eagles-let-dallas-back-in-game
2020,2020-12-27 10:25:45,2020-12-27 13:00:00,BAL,"J.K. Dobbins questionable with chest injury, but Dez Bryant extends Ravens lead",https://www.nbcsports.com/nfl/profootballtalk/rumor-mill/news/j-k-dobbins-exits-with-chest-injury-but-dez-bryant-extends-ravens-lead
2020,2020-12-13 15:07:41,2020-12-13 16:25:00,PHI,Jalen Hurts: It’s not all about me,https://www.nbcsports.com/nfl/profootballtalk/rumor-mill/news/jalen-hurts-its-not-all-about-me
2020,2020-12-13 12:03:15,2020-12-13 16:25:00,PHI,Jalen Hurts TD pass puts Eagles up 7-0,https://www.nbcsports.com/nfl/profootballtalk/rumor-mill/news/jalen-hurts-td-pass-puts-eagles-up-7-0
2020,2020-12-27 09:56:16,2020-12-27 16:05:00,LAC,Keenan Allen out for Chargers Sunday,https://www.nbcsports.com/nfl/profootballtalk/rumor-mill/news/keenan-allen-out-for-chargers-sunday
2020,2020-12-27 09:56:16,2020-12-27 16:05:00,DEN,Keenan Allen out for Chargers Sunday,https://www.nbcsports.com/nfl/profootballtalk/rumor-mill/news/keenan-allen-out-for-chargers-sunday
2020,2020-12-13 15:22:54,2020-12-13 16:25:00,DET,Matthew Stafford getting X-rays on ribs,https://www.nbcsports.com/nfl/profootballtalk/rumor-mill/news/matthew-stafford-getting-x-rays-on-ribs
2020,2020-12-13 15:22:54,2020-12-13 16:25:00,DET,Matthew Stafford getting X-rays on ribs,https://www.nbcsports.com/nfl/profootballtalk/rumor-mill/news/matthew-stafford-getting-x-rays-on-ribs
2020,2020-12-06 06:37:03,2020-12-06 13:00:00,NO,"NFL Week 13 early inactives: Todd Gurley, Julio Jones back for Falcons",https://www.nbcsports.com/nfl/profootballtalk/rumor-mill/news/nfl-week-13-early-inactives-todd-gurley-julio-jones-back-for-falcons
2020,2020-12-06 06:37:03,2020-12-06 13:00:00,LV,"NFL Week 13 early inactives: Todd Gurley, Julio Jones back for Falcons",https://www.nbcsports.com/nfl/profootballtalk/rumor-mill/news/nfl-week-13-early-inactives-todd-gurley-julio-jones-back-for-falcons
2020,2020-12-06 06:37:03,2020-12-06 13:00:00,NYJ,"NFL Week 13 early inactives: Todd Gurley, Julio Jones back for Falcons",https://www.nbcsports.com/nfl/profootballtalk/rumor-mill/news/nfl-week-13-early-inactives-todd-gurley-julio-jones-back-for-falcons
2020,2020-12-06 06:37:03,2020-12-06 13:00:00,IND,"NFL Week 13 early inactives: Todd Gurley, Julio Jones back for Falcons",https://www.nbcsports.com/nfl/profootballtalk/rumor-mill/news/nfl-week-13-early-inactives-todd-gurley-julio-jones-back-for-falcons
2020,2020-12-06 06:37:03,2020-12-06 13:00:00,HOU,"NFL Week 13 early inactives: Todd Gurley, Julio Jones back for Falcons",https://www.nbcsports.com/nfl/profootballtalk/rumor-mill/news/nfl-week-13-early-inactives-todd-gurley-julio-jones-back-for-falcons
2020,2020-12-06 06:37:03,2020-12-06 13:00:00,DET,"NFL Week 13 early inactives: Todd Gurley, Julio Jones back for Falcons",https://www.nbcsports.com/nfl/profootballtalk/rumor-mill/news/nfl-week-13-early-inactives-todd-gurley-julio-jones-back-for-falcons
2020,2020-12-06 06:37:03,2020-12-06 13:00:00,JAX,"NFL Week 13 early inactives: Todd Gurley, Julio Jones back for Falcons",https://www.nbcsports.com/nfl/profootballtalk/rumor-mill/news/nfl-week-13-early-inactives-todd-gurley-julio-jones-back-for-falcons
2020,2020-12-13 06:33:19,2020-12-13 13:00:00,NYG,"NFL Week 14 early inactives: Daniel Jones, DeAndre Hopkins good to go",https://www.nbcsports.com/nfl/profootballtalk/rumor-mill/news/nfl-week-14-early-inactives-daniel-jones-deandre-hopkins-good-to-go
2020,2020-12-13 06:33:19,2020-12-13 13:00:00,ARI,"NFL Week 14 early inactives: Daniel Jones, DeAndre Hopkins good to go",https://www.nbcsports.com/nfl/profootballtalk/rumor-mill/news/nfl-week-14-early-inactives-daniel-jones-deandre-hopkins-good-to-go
2020,2020-12-13 06:33:19,2020-12-13 13:00:00,HOU,"NFL Week 14 early inactives: Daniel Jones, DeAndre Hopkins good to go",https://www.nbcsports.com/nfl/profootballtalk/rumor-mill/news/nfl-week-14-early-inactives-daniel-jones-deandre-hopkins-good-to-go
2020,2020-12-13 06:33:19,2020-12-13 13:00:00,CAR,"NFL Week 14 early inactives: Daniel Jones, DeAndre Hopkins good to go",https://www.nbcsports.com/nfl/profootballtalk/rumor-mill/news/nfl-week-14-early-inactives-daniel-jones-deandre-hopkins-good-to-go
2020,2020-12-13 06:33:19,2020-12-13 13:00:00,TB,"NFL Week 14 early inactives: Daniel Jones, DeAndre Hopkins good to go",https://www.nbcsports.com/nfl/profootballtalk/rumor-mill/news/nfl-week-14-early-inactives-daniel-jones-deandre-hopkins-good-to-go
2020,2020-12-13 06:33:19,2020-12-13 13:00:00,JAX,"NFL Week 14 early inactives: Daniel Jones, DeAndre Hopkins good to go",https://www.nbcsports.com/nfl/profootballtalk/rumor-mill/news/nfl-week-14-early-inactives-daniel-jones-deandre-hopkins-good-to-go
2020,2020-12-13 06:33:19,2020-12-13 13:00:00,DAL,"NFL Week 14 early inactives: Daniel Jones, DeAndre Hopkins good to go",https://www.nbcsports.com/nfl/profootballtalk/rumor-mill/news/nfl-week-14-early-inactives-daniel-jones-deandre-hopkins-good-to-go
2020,2020-12-20 06:33:31,2020-12-20 13:00:00,NE,"NFL Week 15 early inactives: Mike Gesicki, DeVante Parker out for Dolphins",https://www.nbcsports.com/nfl/profootballtalk/rumor-mill/news/nfl-week-15-early-inactives-mike-gesicki-devante-parker-out-for-dolphins
2020,2020-12-20 06:33:31,2020-12-20 13:00:00,JAX,"NFL Week 15 early inactives: Mike Gesicki, DeVante Parker out for Dolphins",https://www.nbcsports.com/nfl/profootballtalk/rumor-mill/news/nfl-week-15-early-inactives-mike-gesicki-devante-parker-out-for-dolphins
2020,2020-12-20 06:33:31,2020-12-20 13:00:00,IND,"NFL Week 15 early inactives: Mike Gesicki, DeVante Parker out for Dolphins",https://www.nbcsports.com/nfl/profootballtalk/rumor-mill/news/nfl-week-15-early-inactives-mike-gesicki-devante-parker-out-for-dolphins
2020,2020-12-20 06:33:31,2020-12-20 13:00:00,DAL,"NFL Week 15 early inactives: Mike Gesicki, DeVante Parker out for Dolphins",https://www.nbcsports.com/nfl/profootballtalk/rumor-mill/news/nfl-week-15-early-inactives-mike-gesicki-devante-parker-out-for-dolphins
2020,2020-12-20 06:33:31,2020-12-20 13:00:00,WAS,"NFL Week 15 early inactives: Mike Gesicki, DeVante Parker out for Dolphins",https://www.nbcsports.com/nfl/profootballtalk/rumor-mill/news/nfl-week-15-early-inactives-mike-gesicki-devante-parker-out-for-dolphins
2020,2020-12-20 06:33:31,2020-12-20 13:00:00,TB,"NFL Week 15 early inactives: Mike Gesicki, DeVante Parker out for Dolphins",https://www.nbcsports.com/nfl/profootballtalk/rumor-mill/news/nfl-week-15-early-inactives-mike-gesicki-devante-parker-out-for-dolphins
2020,2020-12-27 06:34:24,2020-12-27 13:00:00,NYJ,"NFL Week 16 early inactives: Marquise Brown active, Marcus Peters out",https://www.nbcsports.com/nfl/profootballtalk/rumor-mill/news/nfl-week-16-early-inactives-marquise-brown-active-marcus-peters-out
2020,2020-12-27 06:34:24,2020-12-27 13:00:00,IND,"NFL Week 16 early inactives: Marquise Brown active, Marcus Peters out",https://www.nbcsports.com/nfl/profootballtalk/rumor-mill/news/nfl-week-16-early-inactives-marquise-brown-active-marcus-peters-out
2020,2020-12-27 06:34:24,2020-12-27 13:00:00,HOU,"NFL Week 16 early inactives: Marquise Brown active, Marcus Peters out",https://www.nbcsports.com/nfl/profootballtalk/rumor-mill/news/nfl-week-16-early-inactives-marquise-brown-active-marcus-peters-out
2020,2020-12-27 06:34:24,2020-12-27 13:00:00,JAX,"NFL Week 16 early inactives: Marquise Brown active, Marcus Peters out",https://www.nbcsports.com/nfl/profootballtalk/rumor-mill/news/nfl-week-16-early-inactives-marquise-brown-active-marcus-peters-out
2020,2020-12-13 14:00:18,2020-12-13 20:20:00,BUF,"No surprises on Steelers, Bills inactives lists",https://www.nbcsports.com/nfl/profootballtalk/rumor-mill/news/no-surprises-on-steelers-bills-inactives-lists
2020,2020-12-06 10:18:52,2020-12-06 16:05:00,ARI,"Obo Okoronkwo active for Rams, Rashard Lawrence out for Cardinals",https://www.nbcsports.com/nfl/profootballtalk/rumor-mill/news/obo-okoronkwo-active-for-rams-rashard-lawrence-out-for-cardinals
2020,2020-12-06 10:18:52,2020-12-06 16:05:00,ARI,"Obo Okoronkwo active for Rams, Rashard Lawrence out for Cardinals",https://www.nbcsports.com/nfl/profootballtalk/rumor-mill/news/obo-okoronkwo-active-for-rams-rashard-lawrence-out-for-cardinals
2020,2020-12-06 14:23:21,2020-12-06 16:25:00,PHI,Packers beat Eagles as Jalen Hurts replaces Carson Wentz,https://www.nbcsports.com/nfl/profootballtalk/rumor-mill/news/packers-beat-eagles-as-jalen-hurts-replaces-carson-wentz
2020,2020-12-06 14:23:21,2020-12-06 16:25:00,PHI,Packers beat Eagles as Jalen Hurts replaces Carson Wentz,https://www.nbcsports.com/nfl/profootballtalk/rumor-mill/news/packers-beat-eagles-as-jalen-hurts-replaces-carson-wentz
2020,2020-12-06 14:23:21,2020-12-06 16:25:00,GB,Packers beat Eagles as Jalen Hurts replaces Carson Wentz,https://www.nbcsports.com/nfl/profootballtalk/rumor-mill/news/packers-beat-eagles-as-jalen-hurts-replaces-carson-wentz
2020,2020-12-20 09:25:05,2020-12-20 13:00:00,MIA,"Patriots up 6-0 at half, Stephon Gilmore doubtful to return",https://www.nbcsports.com/nfl/profootballtalk/rumor-mill/news/patriots-up-6-0-at-half-stephon-gilmore-doubtful-to-return
2020,2020-12-20 09:25:05,2020-12-20 13:00:00,NE,"Patriots up 6-0 at half, Stephon Gilmore doubtful to return",https://www.nbcsports.com/nfl/profootballtalk/rumor-mill/news/patriots-up-6-0-at-half-stephon-gilmore-doubtful-to-return
2020,2020-12-06 05:41:18,2020-12-06 13:00:00,IND,Philip Rivers will need offseason foot surgery,https://www.nbcsports.com/nfl/profootballtalk/rumor-mill/news/philip-rivers-will-need-offseason-foot-surgery
2020,2020-12-27 05:27:57,2020-12-27 13:00:00,PIT,Report: Ben Roethlisberger hyperextended his knee in Week 13,https://www.nbcsports.com/nfl/profootballtalk/rumor-mill/news/report-ben-roethlisberger-hyperextended-his-knee-in-week-13
2020,2020-12-06 08:38:28,2020-12-06 16:25:00,PHI,Report: Carson Wentz lost confidence after team drafted Jalen Hurts,https://www.nbcsports.com/nfl/profootballtalk/rumor-mill/news/report-carson-wentz-lost-confidence-after-team-drafted-jalen-hurts
2020,2020-12-06 08:38:28,2020-12-06 16:25:00,PHI,Report: Carson Wentz lost confidence after team drafted Jalen Hurts,https://www.nbcsports.com/nfl/profootballtalk/rumor-mill/news/report-carson-wentz-lost-confidence-after-team-drafted-jalen-hurts
2020,2020-12-06 08:38:28,2020-12-06 16:25:00,GB,Report: Carson Wentz lost confidence after team drafted Jalen Hurts,https://www.nbcsports.com/nfl/profootballtalk/rumor-mill/news/report-carson-wentz-lost-confidence-after-team-drafted-jalen-hurts
2020,2020-12-06 08:38:28,2020-12-06 16:25:00,GB,Report: Carson Wentz lost confidence after team drafted Jalen Hurts,https://www.nbcsports.com/nfl/profootballtalk/rumor-mill/news/report-carson-wentz-lost-confidence-after-team-drafted-jalen-hurts
2020,2020-12-27 15:59:27,2020-12-27 16:25:00,LA,Report: Jared Goff has a broken thumb,https://www.nbcsports.com/nfl/profootballtalk/rumor-mill/news/report-jared-goff-has-a-broken-thumb
2020,2020-12-27 15:59:27,2020-12-27 16:25:00,LA,Report: Jared Goff has a broken thumb,https://www.nbcsports.com/nfl/profootballtalk/rumor-mill/news/report-jared-goff-has-a-broken-thumb
2020,2020-12-27 15:59:27,2020-12-27 16:25:00,LA,Report: Jared Goff has a broken thumb,https://www.nbcsports.com/nfl/profootballtalk/rumor-mill/news/report-jared-goff-has-a-broken-thumb
2020,2020-12-13 10:24:54,2020-12-13 13:00:00,CAR,Russell Okung doubtful to return with calf injury,https://www.nbcsports.com/nfl/profootballtalk/rumor-mill/news/russell-okung-doubtful-to-return-with-calf-injury-2
2020,2020-12-13 10:24:54,2020-12-13 13:00:00,DEN,Russell Okung doubtful to return with calf injury,https://www.nbcsports.com/nfl/profootballtalk/rumor-mill/news/russell-okung-doubtful-to-return-with-calf-injury-2
2020,2020-12-20 06:49:18,2020-12-20 16:25:00,NO,Saints put Jameis Winston on COVID-19 reserve,https://www.nbcsports.com/nfl/profootballtalk/rumor-mill/news/saints-put-jameis-winston-on-covid-19-reserve
2020,2020-12-20 06:49:18,2020-12-20 16:25:00,NO,Saints put Jameis Winston on COVID-19 reserve,https://www.nbcsports.com/nfl/profootballtalk/rumor-mill/news/saints-put-jameis-winston-on-covid-19-reserve
2020,2020-12-20 06:49:18,2020-12-20 16:25:00,NO,Saints put Jameis Winston on COVID-19 reserve,https://www.nbcsports.com/nfl/profootballtalk/rumor-mill/news/saints-put-jameis-winston-on-covid-19-reserve
2020,2020-12-27 15:12:27,2020-12-27 16:25:00,LA,Sean McVay: I don’t want to speculate on Jared Goff’s thumb,https://www.nbcsports.com/nfl/profootballtalk/rumor-mill/news/sean-mcvay-i-dont-want-to-speculate-on-jared-goffs-thumb
2020,2020-12-27 14:08:50,2020-12-27 20:20:00,GB,Sunday Night Football: Jamaal Williams is inactive for Packers,https://www.nbcsports.com/nfl/profootballtalk/rumor-mill/news/sunday-night-football-jamaal-williams-is-inactive-for-packers
2020,2020-12-13 17:55:28,2020-12-13 20:20:00,PIT,Taron Johnson out with a concussion,https://www.nbcsports.com/nfl/profootballtalk/rumor-mill/news/taron-johnson-out-with-a-concussion
2020,2020-12-13 10:27:38,2020-12-13 16:25:00,LAC,Troymaine Pope out for Chargers; Kaleb McGary won’t play for Falcons,https://www.nbcsports.com/nfl/profootballtalk/rumor-mill/news/troymaine-pope-out-for-chargers-kaleb-mcgary-wont-play-for-falcons
2020,2021-01-03 13:58:42,2021-01-03 20:20:00,WAS,"Alex Smith officially active, Carson Wentz inactive on Sunday night",https://www.nbcsports.com/nfl/profootballtalk/rumor-mill/news/alex-smith-officially-active-carson-wentz-inactive-on-sunday-night
2020,2021-01-03 13:58:42,2021-01-03 20:20:00,PHI,"Alex Smith officially active, Carson Wentz inactive on Sunday night",https://www.nbcsports.com/nfl/profootballtalk/rumor-mill/news/alex-smith-officially-active-carson-wentz-inactive-on-sunday-night
2020,2021-01-03 13:58:42,2021-01-03 20:20:00,PHI,"Alex Smith officially active, Carson Wentz inactive on Sunday night",https://www.nbcsports.com/nfl/profootballtalk/rumor-mill/news/alex-smith-officially-active-carson-wentz-inactive-on-sunday-night
2020,2021-01-03 13:58:42,2021-01-03 20:20:00,PHI,"Alex Smith officially active, Carson Wentz inactive on Sunday night",https://www.nbcsports.com/nfl/profootballtalk/rumor-mill/news/alex-smith-officially-active-carson-wentz-inactive-on-sunday-night
2020,2021-01-03 10:41:12,2021-01-03 13:00:00,DAL,Andy Dalton injures left hand as Cowboys draw to within 20-19,https://www.nbcsports.com/nfl/profootballtalk/rumor-mill/news/andy-dalton-injures-left-hand-as-cowboys-draw-to-within-20-19
2020,2021-01-03 03:32:25,2021-01-03 20:20:00,WAS,"Antonio Gibson, Terry McLaurin are expected to play Sunday night",https://www.nbcsports.com/nfl/profootballtalk/rumor-mill/news/antonio-gibson-terry-mclaurin-are-expected-to-play-sunday-night
2020,2021-01-03 11:48:40,2021-01-03 13:00:00,TB,Bruce Arians: Mike Evans injury doesn’t appear to be serious,https://www.nbcsports.com/nfl/profootballtalk/rumor-mill/news/bruce-arians-mike-evans-injury-doesnt-appear-to-be-serious
2020,2021-01-03 10:21:50,2021-01-03 16:25:00,LA,"Cam Akers active for Rams, Larry Fitzgerald inactive for Cardinals",https://www.nbcsports.com/nfl/profootballtalk/rumor-mill/news/cam-akers-active-for-rams-larry-fitzgerald-inactive-for-cardinals
2020,2021-01-03 10:21:50,2021-01-03 16:25:00,ARI,"Cam Akers active for Rams, Larry Fitzgerald inactive for Cardinals",https://www.nbcsports.com/nfl/profootballtalk/rumor-mill/news/cam-akers-active-for-rams-larry-fitzgerald-inactive-for-cardinals
2020,2021-01-03 10:21:50,2021-01-03 16:25:00,LA,"Cam Akers active for Rams, Larry Fitzgerald inactive for Cardinals",https://www.nbcsports.com/nfl/profootballtalk/rumor-mill/news/cam-akers-active-for-rams-larry-fitzgerald-inactive-for-cardinals
2020,2021-01-03 10:21:50,2021-01-03 16:25:00,LA,"Cam Akers active for Rams, Larry Fitzgerald inactive for Cardinals",https://www.nbcsports.com/nfl/profootballtalk/rumor-mill/news/cam-akers-active-for-rams-larry-fitzgerald-inactive-for-cardinals
2020,2021-01-03 10:21:50,2021-01-03 16:25:00,LA,"Cam Akers active for Rams, Larry Fitzgerald inactive for Cardinals",https://www.nbcsports.com/nfl/profootballtalk/rumor-mill/news/cam-akers-active-for-rams-larry-fitzgerald-inactive-for-cardinals
2020,2021-01-03 13:27:37,2021-01-03 16:25:00,LAC,Chiefs CB Deandre Baker carted off after ugly leg injury,https://www.nbcsports.com/nfl/profootballtalk/rumor-mill/news/chiefs-cb-deandre-baker-carted-off-after-ugly-leg-injury
2020,2021-01-03 08:50:56,2021-01-03 20:20:00,PHI,Eagles unfazed by report of fractured relationship between Carson Wentz and Doug Pederson,https://www.nbcsports.com/nfl/profootballtalk/rumor-mill/news/eagles-unfazed-by-report-of-fractured-relationship-between-carson-wentz-and-doug-pederson
2020,2021-01-03 15:55:59,2021-01-03 20:20:00,PHI,Jalen Hurts interception leads to Washington field goal,https://www.nbcsports.com/nfl/profootballtalk/rumor-mill/news/jalen-hurts-interception-leads-to-washington-field-goal
2020,2021-01-03 16:13:26,2021-01-03 20:20:00,PHI,"Jalen Hurts runs in a touchdown, Eagles down 10-7",https://www.nbcsports.com/nfl/profootballtalk/rumor-mill/news/jalen-hurts-runs-in-a-touchdown-eagles-down-10-7
2020,2021-01-03 16:26:30,2021-01-03 20:20:00,PHI,"Jalen Hurts runs in another, Eagles take 14-10 lead",https://www.nbcsports.com/nfl/profootballtalk/rumor-mill/news/jalen-hurts-runs-in-another-eagles-take-14-10-lead
2020,2021-01-03 11:45:00,2021-01-03 16:25:00,ARI,"Kyler Murray questionable to return with ankle injury, Cardinals lead 7-0",https://www.nbcsports.com/nfl/profootballtalk/rumor-mill/news/kyler-murray-questionable-to-return-with-ankle-injury-cardinals-lead-7-0
2020,2021-01-03 11:45:00,2021-01-03 16:25:00,LA,"Kyler Murray questionable to return with ankle injury, Cardinals lead 7-0",https://www.nbcsports.com/nfl/profootballtalk/rumor-mill/news/kyler-murray-questionable-to-return-with-ankle-injury-cardinals-lead-7-0
2020,2021-01-03 11:45:00,2021-01-03 16:25:00,ARI,"Kyler Murray questionable to return with ankle injury, Cardinals lead 7-0",https://www.nbcsports.com/nfl/profootballtalk/rumor-mill/news/kyler-murray-questionable-to-return-with-ankle-injury-cardinals-lead-7-0
2020,2021-01-03 14:39:00,2021-01-03 16:25:00,CAR,Matt Rhule: Ankle injury led to Teddy Bridgewater leaving game,https://www.nbcsports.com/nfl/profootballtalk/rumor-mill/news/matt-rhule-ankle-injury-led-to-teddy-bridgewater-leaving-game
2020,2021-01-03 09:36:46,2021-01-03 13:00:00,TB,Mike Evans ruled out with knee injury as Bucs lead 23-10 at halftime,https://www.nbcsports.com/nfl/profootballtalk/rumor-mill/news/mike-evans-ruled-out-with-knee-injury-as-bucs-lead-23-10-at-halftime
2020,2021-01-03 09:36:46,2021-01-03 13:00:00,ATL,Mike Evans ruled out with knee injury as Bucs lead 23-10 at halftime,https://www.nbcsports.com/nfl/profootballtalk/rumor-mill/news/mike-evans-ruled-out-with-knee-injury-as-bucs-lead-23-10-at-halftime
2020,2021-01-03 17:44:51,2021-01-03 20:20:00,PHI,Nate Sudfeld replaces Jalen Hurts as Eagles quarterback,https://www.nbcsports.com/nfl/profootballtalk/rumor-mill/news/nate-sudfeld-replaces-jalen-hurts-as-eagles-quarterback
2020,2021-01-03 17:44:51,2021-01-03 20:20:00,PHI,Nate Sudfeld replaces Jalen Hurts as Eagles quarterback,https://www.nbcsports.com/nfl/profootballtalk/rumor-mill/news/nate-sudfeld-replaces-jalen-hurts-as-eagles-quarterback
2020,2021-01-03 06:34:42,2021-01-03 13:00:00,MIA,"NFL Week 17 early inactives: DeVante Parker will play, Bills rest Tre’Davious White",https://www.nbcsports.com/nfl/profootballtalk/rumor-mill/news/nfl-week-17-early-inactives
2020,2021-01-03 06:34:42,2021-01-03 13:00:00,BUF,"NFL Week 17 early inactives: DeVante Parker will play, Bills rest Tre’Davious White",https://www.nbcsports.com/nfl/profootballtalk/rumor-mill/news/nfl-week-17-early-inactives
2020,2021-01-03 06:34:42,2021-01-03 13:00:00,NYJ,"NFL Week 17 early inactives: DeVante Parker will play, Bills rest Tre’Davious White",https://www.nbcsports.com/nfl/profootballtalk/rumor-mill/news/nfl-week-17-early-inactives
2020,2021-01-03 06:34:42,2021-01-03 13:00:00,NE,"NFL Week 17 early inactives: DeVante Parker will play, Bills rest Tre’Davious White",https://www.nbcsports.com/nfl/profootballtalk/rumor-mill/news/nfl-week-17-early-inactives
2020,2021-01-03 06:34:42,2021-01-03 13:00:00,PIT,"NFL Week 17 early inactives: DeVante Parker will play, Bills rest Tre’Davious White",https://www.nbcsports.com/nfl/profootballtalk/rumor-mill/news/nfl-week-17-early-inactives
2020,2021-01-03 10:44:00,2021-01-03 13:00:00,PIT,Olivier Vernon carted to locker room with ankle injury,https://www.nbcsports.com/nfl/profootballtalk/rumor-mill/news/olivier-vernon-carted-to-locker-room-with-ankle-injury
2020,2021-01-03 10:12:02,2021-01-03 16:25:00,HOU,Titans place Teair Tart on COVID-19; Laremy Tunsil inactive for Texans,https://www.nbcsports.com/nfl/profootballtalk/rumor-mill/news/titans-place-teair-tart-on-covid-19-laremy-tunsil-inactive-for-texans
2021,2021-09-19 12:33:24,2021-09-19 13:00:00,CHI,Andy Dalton’s knee injury not currently believed to be an ACL tear,https://www.nbcsports.com/nfl/profootballtalk/rumor-mill/news/andy-daltons-knee-injury-not-currently-believed-to-be-an-acl-tear
2021,2021-09-19 12:33:24,2021-09-19 13:00:00,CHI,Andy Dalton’s knee injury not currently believed to be an ACL tear,https://www.nbcsports.com/nfl/profootballtalk/rumor-mill/news/andy-daltons-knee-injury-not-currently-believed-to-be-an-acl-tear
2021,2021-09-12 15:23:14,2021-09-12 20:20:00,CHI,"As third QB, Nick Foles among Bears inactives for Sunday Night Football",https://www.nbcsports.com/nfl/profootballtalk/rumor-mill/news/as-third-qb-nick-foles-among-bears-inactives-for-sunday-night-football
2021,2021-09-12 15:23:14,2021-09-12 20:20:00,CHI,"As third QB, Nick Foles among Bears inactives for Sunday Night Football",https://www.nbcsports.com/nfl/profootballtalk/rumor-mill/news/as-third-qb-nick-foles-among-bears-inactives-for-sunday-night-football
2021,2021-09-12 15:23:14,2021-09-12 20:20:00,CHI,"As third QB, Nick Foles among Bears inactives for Sunday Night Football",https://www.nbcsports.com/nfl/profootballtalk/rumor-mill/news/as-third-qb-nick-foles-among-bears-inactives-for-sunday-night-football
2021,2021-09-12 15:23:14,2021-09-12 20:20:00,LA,"As third QB, Nick Foles among Bears inactives for Sunday Night Football",https://www.nbcsports.com/nfl/profootballtalk/rumor-mill/news/as-third-qb-nick-foles-among-bears-inactives-for-sunday-night-football
2021,2021-09-12 15:23:14,2021-09-12 20:20:00,LA,"As third QB, Nick Foles among Bears inactives for Sunday Night Football",https://www.nbcsports.com/nfl/profootballtalk/rumor-mill/news/as-third-qb-nick-foles-among-bears-inactives-for-sunday-night-football
2021,2021-09-19 09:54:06,2021-09-19 13:00:00,CLE,Baker Mayfield suffers injury while trying to make a tackle,https://www.nbcsports.com/nfl/profootballtalk/rumor-mill/news/baker-mayfield-suffers-injury-while-trying-to-make-a-tackle
2021,2021-09-19 09:54:06,2021-09-19 13:00:00,CLE,Baker Mayfield suffers injury while trying to make a tackle,https://www.nbcsports.com/nfl/profootballtalk/rumor-mill/news/baker-mayfield-suffers-injury-while-trying-to-make-a-tackle
2021,2021-09-26 10:41:08,2021-09-26 13:00:00,BUF,"Bills up 27-14, Brandon Scherff injured before half",https://www.nbcsports.com/nfl/profootballtalk/rumor-mill/news/bills-up-27-14-brandon-scherff-injured-before-half
2021,2021-09-19 10:59:01,2021-09-19 13:00:00,DEN,Bradley Chubb out with an ankle injury as Broncos lead 17-7,https://www.nbcsports.com/nfl/profootballtalk/rumor-mill/news/bradley-chubb-out-with-an-ankle-injury-as-broncos-lead-17-7
2021,2021-09-26 11:08:33,2021-09-26 16:25:00,MIN,Dalvin Cook officially out for Vikings,https://www.nbcsports.com/nfl/profootballtalk/rumor-mill/news/dalvin-cook-officially-out-for-vikings
2021,2021-09-26 11:15:59,2021-09-26 16:25:00,LA,Darrell Henderson officially inactive for Rams in Week Three,https://www.nbcsports.com/nfl/profootballtalk/rumor-mill/news/darrell-henderson-officially-inactive-for-rams-in-week-three
2021,2021-09-26 11:15:59,2021-09-26 16:25:00,TB,Darrell Henderson officially inactive for Rams in Week Three,https://www.nbcsports.com/nfl/profootballtalk/rumor-mill/news/darrell-henderson-officially-inactive-for-rams-in-week-three
2021,2021-09-19 11:04:42,2021-09-19 13:00:00,LV,Derek Carr gives Raiders an injury scare,https://www.nbcsports.com/nfl/profootballtalk/rumor-mill/news/derek-carr-gives-raiders-an-injury-scare
2021,2021-09-19 11:04:42,2021-09-19 13:00:00,LV,Derek Carr gives Raiders an injury scare,https://www.nbcsports.com/nfl/profootballtalk/rumor-mill/news/derek-carr-gives-raiders-an-injury-scare
2021,2021-09-19 11:04:42,2021-09-19 13:00:00,LV,Derek Carr gives Raiders an injury scare,https://www.nbcsports.com/nfl/profootballtalk/rumor-mill/news/derek-carr-gives-raiders-an-injury-scare
2021,2021-09-19 07:59:55,2021-09-19 13:00:00,PIT,"Devin Bush, Joe Haden out for Steelers on Sunday",https://www.nbcsports.com/nfl/profootballtalk/rumor-mill/news/devin-bush-joe-haden-out-for-steelers-on-sunday
2021,2021-09-12 12:22:08,2021-09-12 13:00:00,PHI,"Jalen Hurts throws three touchdowns, Eagles cruise to 32-6 win",https://www.nbcsports.com/nfl/profootballtalk/rumor-mill/news/jalen-hurts-throws-three-touchdowns-eagles-cruise-to-32-6-win
2021,2021-09-12 12:22:08,2021-09-12 13:00:00,ATL,"Jalen Hurts throws three touchdowns, Eagles cruise to 32-6 win",https://www.nbcsports.com/nfl/profootballtalk/rumor-mill/news/jalen-hurts-throws-three-touchdowns-eagles-cruise-to-32-6-win
2021,2021-09-26 05:17:09,2021-09-26 13:00:00,IND,Jim Irsay addresses “difficulties” with Carson Wentz over injuries and lack of vaccination,https://www.nbcsports.com/nfl/profootballtalk/rumor-mill/news/jim-irsay-addresses-difficulties-with-carson-wentz-over-injuries-and-lack-of-vaccination
2021,2021-09-12 07:53:04,2021-09-12 13:00:00,NYJ,Keenan Cole out for Jets in Zach Wilson’s debut,https://www.nbcsports.com/nfl/profootballtalk/rumor-mill/news/keenan-cole-out-for-jets-in-zach-wilsons-debut
2021,2021-09-26 11:30:19,2021-09-26 16:25:00,SEA,Marquise Blair inactive after injuring knee during warmups,https://www.nbcsports.com/nfl/profootballtalk/rumor-mill/news/marquise-blair-inactive-after-injuring-knee-during-warmups
2021,2021-09-26 12:41:40,2021-09-26 13:00:00,CHI,Matt Nagy: Justin Fields may have dinged his hand at end of game,https://www.nbcsports.com/nfl/profootballtalk/rumor-mill/news/matt-nagy-justin-fields-may-have-dinged-his-hand-at-end-of-game
2021,2021-09-26 12:41:40,2021-09-26 13:00:00,CHI,Matt Nagy: Justin Fields may have dinged his hand at end of game,https://www.nbcsports.com/nfl/profootballtalk/rumor-mill/news/matt-nagy-justin-fields-may-have-dinged-his-hand-at-end-of-game
2021,2021-09-12 07:31:55,2021-09-12 13:00:00,PIT,NFL Week One early inactives: Emmanuel Sanders set for Bills debut,https://www.nbcsports.com/nfl/profootballtalk/rumor-mill/news/nfl-week-one-early-inactives-emmanuel-sanders-set-for-bills-debut
2021,2021-09-12 07:31:55,2021-09-12 13:00:00,HOU,NFL Week One early inactives: Emmanuel Sanders set for Bills debut,https://www.nbcsports.com/nfl/profootballtalk/rumor-mill/news/nfl-week-one-early-inactives-emmanuel-sanders-set-for-bills-debut
2021,2021-09-12 07:31:55,2021-09-12 13:00:00,ARI,NFL Week One early inactives: Emmanuel Sanders set for Bills debut,https://www.nbcsports.com/nfl/profootballtalk/rumor-mill/news/nfl-week-one-early-inactives-emmanuel-sanders-set-for-bills-debut
2021,2021-09-12 07:31:55,2021-09-12 13:00:00,PHI,NFL Week One early inactives: Emmanuel Sanders set for Bills debut,https://www.nbcsports.com/nfl/profootballtalk/rumor-mill/news/nfl-week-one-early-inactives-emmanuel-sanders-set-for-bills-debut
2021,2021-09-12 07:31:55,2021-09-12 13:00:00,ATL,NFL Week One early inactives: Emmanuel Sanders set for Bills debut,https://www.nbcsports.com/nfl/profootballtalk/rumor-mill/news/nfl-week-one-early-inactives-emmanuel-sanders-set-for-bills-debut
2021,2021-09-12 07:31:55,2021-09-12 13:00:00,MIN,NFL Week One early inactives: Emmanuel Sanders set for Bills debut,https://www.nbcsports.com/nfl/profootballtalk/rumor-mill/news/nfl-week-one-early-inactives-emmanuel-sanders-set-for-bills-debut
2021,2021-09-12 07:31:55,2021-09-12 13:00:00,LAC,NFL Week One early inactives: Emmanuel Sanders set for Bills debut,https://www.nbcsports.com/nfl/profootballtalk/rumor-mill/news/nfl-week-one-early-inactives-emmanuel-sanders-set-for-bills-debut
2021,2021-09-12 07:31:55,2021-09-12 13:00:00,WAS,NFL Week One early inactives: Emmanuel Sanders set for Bills debut,https://www.nbcsports.com/nfl/profootballtalk/rumor-mill/news/nfl-week-one-early-inactives-emmanuel-sanders-set-for-bills-debut
2021,2021-09-12 07:31:55,2021-09-12 13:00:00,SEA,NFL Week One early inactives: Emmanuel Sanders set for Bills debut,https://www.nbcsports.com/nfl/profootballtalk/rumor-mill/news/nfl-week-one-early-inactives-emmanuel-sanders-set-for-bills-debut
2021,2021-09-26 07:39:49,2021-09-26 13:00:00,KC,NFL Week Three early inactives: Joey Bosa set to play for Chargers,https://www.nbcsports.com/nfl/profootballtalk/rumor-mill/news/nfl-week-three-early-inactives-joey-bosa-set-to-play-for-chargers
2021,2021-09-26 07:39:49,2021-09-26 13:00:00,LAC,NFL Week Three early inactives: Joey Bosa set to play for Chargers,https://www.nbcsports.com/nfl/profootballtalk/rumor-mill/news/nfl-week-three-early-inactives-joey-bosa-set-to-play-for-chargers
2021,2021-09-26 07:39:49,2021-09-26 13:00:00,ARI,NFL Week Three early inactives: Joey Bosa set to play for Chargers,https://www.nbcsports.com/nfl/profootballtalk/rumor-mill/news/nfl-week-three-early-inactives-joey-bosa-set-to-play-for-chargers
2021,2021-09-26 07:39:49,2021-09-26 13:00:00,NO,NFL Week Three early inactives: Joey Bosa set to play for Chargers,https://www.nbcsports.com/nfl/profootballtalk/rumor-mill/news/nfl-week-three-early-inactives-joey-bosa-set-to-play-for-chargers
2021,2021-09-26 07:39:49,2021-09-26 13:00:00,CHI,NFL Week Three early inactives: Joey Bosa set to play for Chargers,https://www.nbcsports.com/nfl/profootballtalk/rumor-mill/news/nfl-week-three-early-inactives-joey-bosa-set-to-play-for-chargers
2021,2021-09-26 07:39:49,2021-09-26 13:00:00,PIT,NFL Week Three early inactives: Joey Bosa set to play for Chargers,https://www.nbcsports.com/nfl/profootballtalk/rumor-mill/news/nfl-week-three-early-inactives-joey-bosa-set-to-play-for-chargers
2021,2021-09-19 11:11:31,2021-09-19 16:25:00,DAL,"No surprise inactives for Cowboys, Chargers",https://www.nbcsports.com/nfl/profootballtalk/rumor-mill/news/no-surprise-inactives-for-cowboys-chargers
2021,2021-09-19 11:11:31,2021-09-19 16:25:00,LAC,"No surprise inactives for Cowboys, Chargers",https://www.nbcsports.com/nfl/profootballtalk/rumor-mill/news/no-surprise-inactives-for-cowboys-chargers
2021,2021-09-19 11:11:31,2021-09-19 16:25:00,LAC,"No surprise inactives for Cowboys, Chargers",https://www.nbcsports.com/nfl/profootballtalk/rumor-mill/news/no-surprise-inactives-for-cowboys-chargers
2021,2021-09-19 11:11:31,2021-09-19 16:25:00,LAC,"No surprise inactives for Cowboys, Chargers",https://www.nbcsports.com/nfl/profootballtalk/rumor-mill/news/no-surprise-inactives-for-cowboys-chargers
2021,2021-09-26 12:29:51,2021-09-26 13:00:00,BAL,Officials appeared to miss delay of game penalty on Ravens one play before winning field goal,https://www.nbcsports.com/nfl/profootballtalk/rumor-mill/news/officials-appeared-to-miss-delay-of-game-penalty-on-ravens-one-play-before-winning-field-goal
2021,2021-09-19 12:11:00,2021-09-19 13:00:00,IND,Rams defeat Colts 27-24; Carson Wentz left game with ankle injury,https://www.nbcsports.com/nfl/profootballtalk/rumor-mill/news/rams-defeat-colts-27-24-carson-wentz-left-game-with-ankle-injury
2021,2021-09-19 12:11:00,2021-09-19 13:00:00,IND,Rams defeat Colts 27-24; Carson Wentz left game with ankle injury,https://www.nbcsports.com/nfl/profootballtalk/rumor-mill/news/rams-defeat-colts-27-24-carson-wentz-left-game-with-ankle-injury
2021,2021-09-19 12:11:00,2021-09-19 13:00:00,LA,Rams defeat Colts 27-24; Carson Wentz left game with ankle injury,https://www.nbcsports.com/nfl/profootballtalk/rumor-mill/news/rams-defeat-colts-27-24-carson-wentz-left-game-with-ankle-injury
2021,2021-09-12 10:50:43,2021-09-12 13:00:00,WAS,Ryan Fitzpatrick downgraded to out with hip injury,https://www.nbcsports.com/nfl/profootballtalk/rumor-mill/news/ryan-fitzpatrick-downgraded-to-out-with-hip-injury
2021,2021-09-12 10:50:43,2021-09-12 13:00:00,WAS,Ryan Fitzpatrick downgraded to out with hip injury,https://www.nbcsports.com/nfl/profootballtalk/rumor-mill/news/ryan-fitzpatrick-downgraded-to-out-with-hip-injury
2021,2021-09-12 10:14:45,2021-09-12 13:00:00,WAS,Ryan Fitzpatrick questionable to return with hip injury,https://www.nbcsports.com/nfl/profootballtalk/rumor-mill/news/ryan-fitzpatrick-questionable-to-return-with-hip-injury
2021,2021-09-12 10:14:45,2021-09-12 13:00:00,WAS,Ryan Fitzpatrick questionable to return with hip injury,https://www.nbcsports.com/nfl/profootballtalk/rumor-mill/news/ryan-fitzpatrick-questionable-to-return-with-hip-injury
2021,2021-09-19 11:01:50,2021-09-19 16:25:00,TEN,Taylor Lewan inactive for Titans,https://www.nbcsports.com/nfl/profootballtalk/rumor-mill/news/taylor-lewan-inactive-for-titans
2021,2021-09-19 11:01:50,2021-09-19 16:25:00,SEA,Taylor Lewan inactive for Titans,https://www.nbcsports.com/nfl/profootballtalk/rumor-mill/news/taylor-lewan-inactive-for-titans
2021,2021-09-19 09:25:28,2021-09-19 13:00:00,MIA,Tua Tagovailoa exits early with upper body injury,https://www.nbcsports.com/nfl/profootballtalk/rumor-mill/news/tua-tagovailoa-exits-early-with-upper-body-injury
2021,2021-09-19 09:25:28,2021-09-19 13:00:00,MIA,Tua Tagovailoa exits early with upper body injury,https://www.nbcsports.com/nfl/profootballtalk/rumor-mill/news/tua-tagovailoa-exits-early-with-upper-body-injury
2021,2021-09-19 09:47:09,2021-09-19 13:00:00,MIA,Tua Tagovailoa is questionable to return with a rib injury,https://www.nbcsports.com/nfl/profootballtalk/rumor-mill/news/tua-tagovailoa-is-questionable-to-return-with-a-rib-injury
2021,2021-09-19 12:40:31,2021-09-19 13:00:00,MIA,"Tua Tagovailoa still undergoing tests, no word on extent of injury",https://www.nbcsports.com/nfl/profootballtalk/rumor-mill/news/tua-tagovailoa-still-undergoing-tests-no-word-on-extent-of-injury
2021,2021-09-19 12:40:31,2021-09-19 13:00:00,MIA,"Tua Tagovailoa still undergoing tests, no word on extent of injury",https://www.nbcsports.com/nfl/profootballtalk/rumor-mill/news/tua-tagovailoa-still-undergoing-tests-no-word-on-extent-of-injury
2021,2021-09-19 10:45:26,2021-09-19 13:00:00,HOU,Tyrod Taylor out with hamstring injury,https://www.nbcsports.com/nfl/profootballtalk/rumor-mill/news/tyrod-taylor-out-with-hamstring-injury
2021,2021-09-19 10:45:26,2021-09-19 13:00:00,HOU,Tyrod Taylor out with hamstring injury,https://www.nbcsports.com/nfl/profootballtalk/rumor-mill/news/tyrod-taylor-out-with-hamstring-injury
2021,2021-09-19 07:34:47,2021-09-19 13:00:00,HOU,"NFL Week Two early inactives: No Jamison Crowder, Denzel Mims for Jets",https://www.nbcsports.com/nfl/profootballtalk/rumor-mill/news/week-two-early-inactives-no-jamison-crowder-denzel-mims-for-jets
2021,2021-09-19 07:34:47,2021-09-19 13:00:00,CHI,"NFL Week Two early inactives: No Jamison Crowder, Denzel Mims for Jets",https://www.nbcsports.com/nfl/profootballtalk/rumor-mill/news/week-two-early-inactives-no-jamison-crowder-denzel-mims-for-jets
2021,2021-09-19 07:34:47,2021-09-19 13:00:00,NO,"NFL Week Two early inactives: No Jamison Crowder, Denzel Mims for Jets",https://www.nbcsports.com/nfl/profootballtalk/rumor-mill/news/week-two-early-inactives-no-jamison-crowder-denzel-mims-for-jets
2021,2021-09-19 07:34:47,2021-09-19 13:00:00,PHI,"NFL Week Two early inactives: No Jamison Crowder, Denzel Mims for Jets",https://www.nbcsports.com/nfl/profootballtalk/rumor-mill/news/week-two-early-inactives-no-jamison-crowder-denzel-mims-for-jets
2021,2021-09-19 07:34:47,2021-09-19 13:00:00,PIT,"NFL Week Two early inactives: No Jamison Crowder, Denzel Mims for Jets",https://www.nbcsports.com/nfl/profootballtalk/rumor-mill/news/week-two-early-inactives-no-jamison-crowder-denzel-mims-for-jets
2021,2021-09-19 07:34:47,2021-09-19 13:00:00,LA,"NFL Week Two early inactives: No Jamison Crowder, Denzel Mims for Jets",https://www.nbcsports.com/nfl/profootballtalk/rumor-mill/news/week-two-early-inactives-no-jamison-crowder-denzel-mims-for-jets
2021,2021-09-19 11:49:50,2021-09-19 13:00:00,IND,"With Colts down 27-24, Jacob Eason comes in for injured Carson Wentz",https://www.nbcsports.com/nfl/profootballtalk/rumor-mill/news/with-colts-down-27-24-jacob-eason-comes-in-for-injured-carson-wentz
2021,2021-09-19 11:49:50,2021-09-19 13:00:00,IND,"With Colts down 27-24, Jacob Eason comes in for injured Carson Wentz",https://www.nbcsports.com/nfl/profootballtalk/rumor-mill/news/with-colts-down-27-24-jacob-eason-comes-in-for-injured-carson-wentz
2021,2021-09-19 11:14:02,2021-09-19 13:00:00,MIA,X-rays on Tua Tagovailoa’s ribs negative,https://www.nbcsports.com/nfl/profootballtalk/rumor-mill/news/x-rays-on-tua-tagovailoas-ribs-negative
2021,2021-09-19 11:14:02,2021-09-19 13:00:00,MIA,X-rays on Tua Tagovailoa’s ribs negative,https://www.nbcsports.com/nfl/profootballtalk/rumor-mill/news/x-rays-on-tua-tagovailoas-ribs-negative
2021,2021-10-03 09:27:02,2021-10-03 13:00:00,DAL,Amari Cooper on sideline with hamstring injury for Cowboys’ scoring drive,https://www.nbcsports.com/nfl/profootballtalk/rumor-mill/news/amari-cooper-on-sideline-with-hamstring-injury-for-cowboys-scoring-drive
2021,2021-10-03 19:20:27,2021-10-03 20:20:00,NE,Antoine Winfield being evaluated for a concussion,https://www.nbcsports.com/nfl/profootballtalk/rumor-mill/news/antoine-winfield-being-evaluated-for-a-concussion
2021,2021-10-17 14:23:28,2021-10-17 16:05:00,CLE,Baker Mayfield aggravates left shoulder injury but remains in the game,https://www.nbcsports.com/nfl/profootballtalk/rumor-mill/news/baker-mayfield-aggravates-left-shoulder-injury-but-remains-in-the-game
2021,2021-10-31 12:44:53,2021-10-31 13:00:00,CLE,Baker Mayfield felt “pretty comfortable” playing with left shoulder injury,https://www.nbcsports.com/nfl/profootballtalk/rumor-mill/news/baker-mayfield-felt-pretty-comfortable-playing-with-left-shoulder-injury
2021,2021-10-03 10:49:59,2021-10-03 13:00:00,IND,Byron Jones questionable to return with quad injury,https://www.nbcsports.com/nfl/profootballtalk/rumor-mill/news/byron-jones-questionable-to-return-with-quad-injury
2021,2021-10-31 18:48:00,2021-10-31 20:20:00,DAL,Report: Dak Prescott inactive for Sunday Night Football,https://www.nbcsports.com/nfl/profootballtalk/rumor-mill/news/dak-prescott-inactive-for-sunday-night-football
2021,2021-10-31 18:48:00,2021-10-31 20:20:00,DAL,Report: Dak Prescott inactive for Sunday Night Football,https://www.nbcsports.com/nfl/profootballtalk/rumor-mill/news/dak-prescott-inactive-for-sunday-night-football
2021,2021-10-31 18:48:00,2021-10-31 20:20:00,DAL,Report: Dak Prescott inactive for Sunday Night Football,https://www.nbcsports.com/nfl/profootballtalk/rumor-mill/news/dak-prescott-inactive-for-sunday-night-football
2021,2021-10-31 04:53:00,2021-10-31 20:20:00,DAL,"Dak Prescott remains game-time decision, but Tryon Smith will play Sunday night",https://www.nbcsports.com/nfl/profootballtalk/rumor-mill/news/dak-prescott-remains-game-time-decision-but-tryon-smith-will-play-sunday-night
2021,2021-10-31 04:53:00,2021-10-31 20:20:00,DAL,"Dak Prescott remains game-time decision, but Tryon Smith will play Sunday night",https://www.nbcsports.com/nfl/profootballtalk/rumor-mill/news/dak-prescott-remains-game-time-decision-but-tryon-smith-will-play-sunday-night
2021,2021-10-24 14:44:00,2021-10-24 16:05:00,LV,Darren Waller out for Raiders against Eagles,https://www.nbcsports.com/nfl/profootballtalk/rumor-mill/news/darren-waller-out-for-raiders-against-eagles
2021,2021-10-24 14:44:00,2021-10-24 16:05:00,PHI,Darren Waller out for Raiders against Eagles,https://www.nbcsports.com/nfl/profootballtalk/rumor-mill/news/darren-waller-out-for-raiders-against-eagles
2021,2021-10-10 14:59:00,2021-10-10 16:05:00,LAC,Jadeveon Clowney inactive for Browns-Chargers,https://www.nbcsports.com/nfl/profootballtalk/rumor-mill/news/jadeveon-clowney-inactive-for-browns-chargers
2021,2021-10-03 15:58:31,2021-10-03 16:05:00,SF,"Jimmy Garoppolo couldn’t push off injured calf, no word on Week Five outlook",https://www.nbcsports.com/nfl/profootballtalk/rumor-mill/news/jimmy-garoppolo-couldnt-push-off-injured-calf-no-word-on-week-five-outlook
2021,2021-10-03 15:58:31,2021-10-03 16:05:00,SF,"Jimmy Garoppolo couldn’t push off injured calf, no word on Week Five outlook",https://www.nbcsports.com/nfl/profootballtalk/rumor-mill/news/jimmy-garoppolo-couldnt-push-off-injured-calf-no-word-on-week-five-outlook
2021,2021-10-17 15:44:40,2021-10-17 16:05:00,CLE,"Kevin Stefanski: Kareem Hunt didn’t hurt Achilles, Baker Mayfield having MRI",https://www.nbcsports.com/nfl/profootballtalk/rumor-mill/news/kevin-stefanski-kareem-hunt-didnt-hurt-achilles-baker-mayfield-having-mri
2021,2021-10-10 12:32:54,2021-10-10 13:00:00,DEN,JuJu Smith-Schuster’s shoulder being evaluated at hospital,https://www.nbcsports.com/nfl/profootballtalk/rumor-mill/news/juju-smith-schusters-shoulder-being-evaluated-at-hospital
2021,2021-10-10 11:04:42,2021-10-10 13:00:00,MIA,"Lavonte David out with ankle injury, Dolphins cut Bucs lead to 24-17",https://www.nbcsports.com/nfl/profootballtalk/rumor-mill/news/lavonte-david-out-with-ankle-injury-dolphins-cut-bucs-lead-to-24-17
2021,2021-10-31 07:42:02,2021-10-31 13:00:00,CLE,"NFL Week Eight early inactives: Jadeveon Clowney, Odell Beckham will play for Browns",https://www.nbcsports.com/nfl/profootballtalk/rumor-mill/news/nfl-week-eight-early-inactives-jadeveon-clowney-odell-beckham-will-play-for-browns
2021,2021-10-31 07:42:02,2021-10-31 13:00:00,PIT,"NFL Week Eight early inactives: Jadeveon Clowney, Odell Beckham will play for Browns",https://www.nbcsports.com/nfl/profootballtalk/rumor-mill/news/nfl-week-eight-early-inactives-jadeveon-clowney-odell-beckham-will-play-for-browns
2021,2021-10-31 07:42:02,2021-10-31 13:00:00,CHI,"NFL Week Eight early inactives: Jadeveon Clowney, Odell Beckham will play for Browns",https://www.nbcsports.com/nfl/profootballtalk/rumor-mill/news/nfl-week-eight-early-inactives-jadeveon-clowney-odell-beckham-will-play-for-browns
2021,2021-10-31 07:42:02,2021-10-31 13:00:00,LA,"NFL Week Eight early inactives: Jadeveon Clowney, Odell Beckham will play for Browns",https://www.nbcsports.com/nfl/profootballtalk/rumor-mill/news/nfl-week-eight-early-inactives-jadeveon-clowney-odell-beckham-will-play-for-browns
2021,2021-10-31 07:42:02,2021-10-31 13:00:00,HOU,"NFL Week Eight early inactives: Jadeveon Clowney, Odell Beckham will play for Browns",https://www.nbcsports.com/nfl/profootballtalk/rumor-mill/news/nfl-week-eight-early-inactives-jadeveon-clowney-odell-beckham-will-play-for-browns
2021,2021-10-31 07:42:02,2021-10-31 13:00:00,PHI,"NFL Week Eight early inactives: Jadeveon Clowney, Odell Beckham will play for Browns",https://www.nbcsports.com/nfl/profootballtalk/rumor-mill/news/nfl-week-eight-early-inactives-jadeveon-clowney-odell-beckham-will-play-for-browns
2021,2021-10-31 07:42:02,2021-10-31 13:00:00,NYJ,"NFL Week Eight early inactives: Jadeveon Clowney, Odell Beckham will play for Browns",https://www.nbcsports.com/nfl/profootballtalk/rumor-mill/news/nfl-week-eight-early-inactives-jadeveon-clowney-odell-beckham-will-play-for-browns
2021,2021-10-31 07:42:02,2021-10-31 13:00:00,NYJ,"NFL Week Eight early inactives: Jadeveon Clowney, Odell Beckham will play for Browns",https://www.nbcsports.com/nfl/profootballtalk/rumor-mill/news/nfl-week-eight-early-inactives-jadeveon-clowney-odell-beckham-will-play-for-browns
2021,2021-10-31 07:42:02,2021-10-31 13:00:00,IND,"NFL Week Eight early inactives: Jadeveon Clowney, Odell Beckham will play for Browns",https://www.nbcsports.com/nfl/profootballtalk/rumor-mill/news/nfl-week-eight-early-inactives-jadeveon-clowney-odell-beckham-will-play-for-browns
2021,2021-10-03 07:35:25,2021-10-03 13:00:00,CHI,NFL Week Four early inactives: Andy Dalton officially out again for Bears,https://www.nbcsports.com/nfl/profootballtalk/rumor-mill/news/nfl-week-four-early-inactives-andy-dalton-officially-out-again-for-bears
2021,2021-10-03 07:35:25,2021-10-03 13:00:00,CHI,NFL Week Four early inactives: Andy Dalton officially out again for Bears,https://www.nbcsports.com/nfl/profootballtalk/rumor-mill/news/nfl-week-four-early-inactives-andy-dalton-officially-out-again-for-bears
2021,2021-10-03 07:35:25,2021-10-03 13:00:00,CHI,NFL Week Four early inactives: Andy Dalton officially out again for Bears,https://www.nbcsports.com/nfl/profootballtalk/rumor-mill/news/nfl-week-four-early-inactives-andy-dalton-officially-out-again-for-bears
2021,2021-10-03 07:35:25,2021-10-03 13:00:00,NO,NFL Week Four early inactives: Andy Dalton officially out again for Bears,https://www.nbcsports.com/nfl/profootballtalk/rumor-mill/news/nfl-week-four-early-inactives-andy-dalton-officially-out-again-for-bears
2021,2021-10-03 07:35:25,2021-10-03 13:00:00,DAL,NFL Week Four early inactives: Andy Dalton officially out again for Bears,https://www.nbcsports.com/nfl/profootballtalk/rumor-mill/news/nfl-week-four-early-inactives-andy-dalton-officially-out-again-for-bears
2021,2021-10-03 07:35:25,2021-10-03 13:00:00,IND,NFL Week Four early inactives: Andy Dalton officially out again for Bears,https://www.nbcsports.com/nfl/profootballtalk/rumor-mill/news/nfl-week-four-early-inactives-andy-dalton-officially-out-again-for-bears
2021,2021-10-03 07:35:25,2021-10-03 13:00:00,HOU,NFL Week Four early inactives: Andy Dalton officially out again for Bears,https://www.nbcsports.com/nfl/profootballtalk/rumor-mill/news/nfl-week-four-early-inactives-andy-dalton-officially-out-again-for-bears
2021,2021-10-03 07:35:25,2021-10-03 13:00:00,MIN,NFL Week Four early inactives: Andy Dalton officially out again for Bears,https://www.nbcsports.com/nfl/profootballtalk/rumor-mill/news/nfl-week-four-early-inactives-andy-dalton-officially-out-again-for-bears
2021,2021-10-03 07:35:25,2021-10-03 13:00:00,PHI,NFL Week Four early inactives: Andy Dalton officially out again for Bears,https://www.nbcsports.com/nfl/profootballtalk/rumor-mill/news/nfl-week-four-early-inactives-andy-dalton-officially-out-again-for-bears
2021,2021-10-10 11:35:00,2021-10-10 13:00:00,PHI,NFL Week Five early inactives: Christian McCaffrey out again this week,https://www.nbcsports.com/nfl/profootballtalk/rumor-mill/news/nfl-week-five-early-inactives-christian-mccaffrey-out-again-this-week
2021,2021-10-10 11:35:00,2021-10-10 13:00:00,HOU,NFL Week Five early inactives: Christian McCaffrey out again this week,https://www.nbcsports.com/nfl/profootballtalk/rumor-mill/news/nfl-week-five-early-inactives-christian-mccaffrey-out-again-this-week
2021,2021-10-10 11:35:00,2021-10-10 13:00:00,MIN,NFL Week Five early inactives: Christian McCaffrey out again this week,https://www.nbcsports.com/nfl/profootballtalk/rumor-mill/news/nfl-week-five-early-inactives-christian-mccaffrey-out-again-this-week
2021,2021-10-10 11:35:00,2021-10-10 13:00:00,DEN,NFL Week Five early inactives: Christian McCaffrey out again this week,https://www.nbcsports.com/nfl/profootballtalk/rumor-mill/news/nfl-week-five-early-inactives-christian-mccaffrey-out-again-this-week
2021,2021-10-10 11:35:00,2021-10-10 13:00:00,PIT,NFL Week Five early inactives: Christian McCaffrey out again this week,https://www.nbcsports.com/nfl/profootballtalk/rumor-mill/news/nfl-week-five-early-inactives-christian-mccaffrey-out-again-this-week
2021,2021-10-10 11:35:00,2021-10-10 13:00:00,TB,NFL Week Five early inactives: Christian McCaffrey out again this week,https://www.nbcsports.com/nfl/profootballtalk/rumor-mill/news/nfl-week-five-early-inactives-christian-mccaffrey-out-again-this-week
2021,2021-10-10 11:35:00,2021-10-10 13:00:00,NO,NFL Week Five early inactives: Christian McCaffrey out again this week,https://www.nbcsports.com/nfl/profootballtalk/rumor-mill/news/nfl-week-five-early-inactives-christian-mccaffrey-out-again-this-week
2021,2021-10-17 07:38:51,2021-10-17 13:00:00,CHI,"NFL Week Six early inactives: Allen Robinson, Khalil Mack ready to go for Bears",https://www.nbcsports.com/nfl/profootballtalk/rumor-mill/news/nfl-week-six-early-inactives-allen-robinson-khalil-mack-ready-to-go-for-bears
2021,2021-10-17 07:38:51,2021-10-17 13:00:00,HOU,"NFL Week Six early inactives: Allen Robinson, Khalil Mack ready to go for Bears",https://www.nbcsports.com/nfl/profootballtalk/rumor-mill/news/nfl-week-six-early-inactives-allen-robinson-khalil-mack-ready-to-go-for-bears
2021,2021-10-17 07:38:51,2021-10-17 13:00:00,IND,"NFL Week Six early inactives: Allen Robinson, Khalil Mack ready to go for Bears",https://www.nbcsports.com/nfl/profootballtalk/rumor-mill/news/nfl-week-six-early-inactives-allen-robinson-khalil-mack-ready-to-go-for-bears
2021,2021-10-17 07:38:51,2021-10-17 13:00:00,LA,"NFL Week Six early inactives: Allen Robinson, Khalil Mack ready to go for Bears",https://www.nbcsports.com/nfl/profootballtalk/rumor-mill/news/nfl-week-six-early-inactives-allen-robinson-khalil-mack-ready-to-go-for-bears
2021,2021-10-17 07:38:51,2021-10-17 13:00:00,MIN,"NFL Week Six early inactives: Allen Robinson, Khalil Mack ready to go for Bears",https://www.nbcsports.com/nfl/profootballtalk/rumor-mill/news/nfl-week-six-early-inactives-allen-robinson-khalil-mack-ready-to-go-for-bears
2021,2021-10-17 07:38:51,2021-10-17 13:00:00,LAC,"NFL Week Six early inactives: Allen Robinson, Khalil Mack ready to go for Bears",https://www.nbcsports.com/nfl/profootballtalk/rumor-mill/news/nfl-week-six-early-inactives-allen-robinson-khalil-mack-ready-to-go-for-bears
2021,2021-10-17 13:24:50,2021-10-17 16:05:00,CLE,Odell Beckham Jr. questionable to return with shoulder injury,https://www.nbcsports.com/nfl/profootballtalk/rumor-mill/news/odell-beckham-jr-questionable-to-return-with-shoulder-injury
2021,2021-10-24 11:41:00,2021-10-24 13:00:00,ATL,"NFL Week Seven early inactives: Preston Smith out, Whitney Mercilus active for Packers",https://www.nbcsports.com/nfl/profootballtalk/rumor-mill/news/nfl-week-seven-early-inactives-preston-smith-out-whitney-mercilus-active-for-packers
2021,2021-10-17 10:19:42,2021-10-17 13:00:00,KC,Patrick Mahomes’ mom says interception off Tyreek Hill’s hands shouldn’t hurt QB’s stats,https://www.nbcsports.com/nfl/profootballtalk/rumor-mill/news/patrick-mahomes-mom-says-interception-off-tyreek-hills-hands-shouldnt-hurt-qbs-stats
2021,2021-10-24 12:48:36,2021-10-24 13:00:00,KC,"Patrick Mahomes cleared concussion protocol, says he feels “fine now”",https://www.nbcsports.com/nfl/profootballtalk/rumor-mill/news/patrick-mahomes-cleared-concussion-protocol-says-he-feels-fine-now
2021,2021-10-31 12:01:23,2021-10-31 13:00:00,CAR,Panthers snap losing streak despite Sam Darnold concussion,https://www.nbcsports.com/nfl/profootballtalk/rumor-mill/news/panthers-snap-losing-streak-despite-sam-darnold-concussion
2021,2021-10-31 12:01:23,2021-10-31 13:00:00,ATL,Panthers snap losing streak despite Sam Darnold concussion,https://www.nbcsports.com/nfl/profootballtalk/rumor-mill/news/panthers-snap-losing-streak-despite-sam-darnold-concussion
2021,2021-10-24 07:52:00,2021-10-24 13:00:00,WAS,Ryan Fitzpatrick’s hip injury taking longer than expected to heal,https://www.nbcsports.com/nfl/profootballtalk/rumor-mill/news/ryan-fitzpatricks-hip-injury-taking-longer-than-expected-to-heal
2021,2021-10-24 07:52:00,2021-10-24 13:00:00,WAS,Ryan Fitzpatrick’s hip injury taking longer than expected to heal,https://www.nbcsports.com/nfl/profootballtalk/rumor-mill/news/ryan-fitzpatricks-hip-injury-taking-longer-than-expected-to-heal
2021,2021-10-10 16:18:21,2021-10-10 16:25:00,NYG,"Saquon Barkley had X-rays on ankle, Kenny Golladay getting MRI on knee",https://www.nbcsports.com/nfl/profootballtalk/rumor-mill/news/saquon-barkley-had-x-rays-on-ankle-kenny-golladay-getting-mri-on-knee
2021,2021-10-24 15:07:58,2021-10-24 20:20:00,SF,"Sunday Night Football: Trent Williams, Trey Lance, T.Y. Hilton inactive for 49ers-Colts",https://www.nbcsports.com/nfl/profootballtalk/rumor-mill/news/sunday-night-football-trent-williams-trey-lance-t-y-hilton-inactive-for-49ers-colts
2021,2021-10-24 15:07:58,2021-10-24 20:20:00,SF,"Sunday Night Football: Trent Williams, Trey Lance, T.Y. Hilton inactive for 49ers-Colts",https://www.nbcsports.com/nfl/profootballtalk/rumor-mill/news/sunday-night-football-trent-williams-trey-lance-t-y-hilton-inactive-for-49ers-colts
2021,2021-10-24 15:07:58,2021-10-24 20:20:00,IND,"Sunday Night Football: Trent Williams, Trey Lance, T.Y. Hilton inactive for 49ers-Colts",https://www.nbcsports.com/nfl/profootballtalk/rumor-mill/news/sunday-night-football-trent-williams-trey-lance-t-y-hilton-inactive-for-49ers-colts
2021,2021-10-31 15:08:49,2021-10-31 20:20:00,DAL,Sunday Night Football: Dede Westbrook inactive for Vikings,https://www.nbcsports.com/nfl/profootballtalk/rumor-mill/news/sunday-night-football-dede-westbrook-inactive-for-vikings
2021,2021-10-31 15:08:49,2021-10-31 20:20:00,DAL,Sunday Night Football: Dede Westbrook inactive for Vikings,https://www.nbcsports.com/nfl/profootballtalk/rumor-mill/news/sunday-night-football-dede-westbrook-inactive-for-vikings
2021,2021-10-31 15:08:49,2021-10-31 20:20:00,MIN,Sunday Night Football: Dede Westbrook inactive for Vikings,https://www.nbcsports.com/nfl/profootballtalk/rumor-mill/news/sunday-night-football-dede-westbrook-inactive-for-vikings
2021,2021-10-17 19:06:00,2021-10-17 20:20:00,PIT,Sunday Night Football: Zach Banner inactive for Steelers,https://www.nbcsports.com/nfl/profootballtalk/rumor-mill/news/sunday-night-football-zach-banner-inactive-for-steelers
2021,2021-10-17 19:06:00,2021-10-17 20:20:00,SEA,Sunday Night Football: Zach Banner inactive for Steelers,https://www.nbcsports.com/nfl/profootballtalk/rumor-mill/news/sunday-night-football-zach-banner-inactive-for-steelers
2021,2021-10-17 19:06:00,2021-10-17 20:20:00,SEA,Sunday Night Football: Zach Banner inactive for Steelers,https://www.nbcsports.com/nfl/profootballtalk/rumor-mill/news/sunday-night-football-zach-banner-inactive-for-steelers
2021,2021-10-10 11:04:33,2021-10-10 13:00:00,NE,Texans hand the Patriots a field goal but still lead 22-12,https://www.nbcsports.com/nfl/profootballtalk/rumor-mill/news/texans-hand-the-patriots-a-field-goal-but-still-lead-22-12
2021,2021-10-10 11:04:33,2021-10-10 13:00:00,HOU,Texans hand the Patriots a field goal but still lead 22-12,https://www.nbcsports.com/nfl/profootballtalk/rumor-mill/news/texans-hand-the-patriots-a-field-goal-but-still-lead-22-12
2021,2021-10-31 16:06:05,2021-10-31 16:25:00,NO,Sean Payton thinks Jameis Winston suffered significant knee injury,https://www.nbcsports.com/nfl/profootballtalk/rumor-mill/news/sean-payton-thinks-jameis-winston-suffered-significant-knee-injury
2021,2021-10-31 16:06:05,2021-10-31 16:25:00,NO,Sean Payton thinks Jameis Winston suffered significant knee injury,https://www.nbcsports.com/nfl/profootballtalk/rumor-mill/news/sean-payton-thinks-jameis-winston-suffered-significant-knee-injury
2021,2021-10-31 16:06:05,2021-10-31 16:25:00,NO,Sean Payton thinks Jameis Winston suffered significant knee injury,https://www.nbcsports.com/nfl/profootballtalk/rumor-mill/news/sean-payton-thinks-jameis-winston-suffered-significant-knee-injury
2021,2021-10-03 14:24:35,2021-10-03 16:25:00,DEN,Teddy Bridgewater ruled out with a concussion,https://www.nbcsports.com/nfl/profootballtalk/rumor-mill/news/teddy-bridgewater-ruled-out-with-a-concussion
2021,2021-10-03 14:24:35,2021-10-03 16:25:00,DEN,Teddy Bridgewater ruled out with a concussion,https://www.nbcsports.com/nfl/profootballtalk/rumor-mill/news/teddy-bridgewater-ruled-out-with-a-concussion
2021,2021-10-17 08:31:00,2021-10-17 13:00:00,CIN,"To overcome damaged vocal cords, Steve Berg had a speak on his shoulder pads",https://www.nbcsports.com/nfl/profootballtalk/rumor-mill/news/to-overcome-damaged-vocal-cords-steve-berg-had-a-speak-on-his-shoulder-pads
2021,2021-10-10 12:50:10,2021-10-10 13:00:00,TB,Tom Brady shows up at press conference with right hand wrapped,https://www.nbcsports.com/nfl/profootballtalk/rumor-mill/news/tom-brady-shows-up-at-press-conference-with-right-hand-wrapped
2021,2021-10-03 13:43:07,2021-10-03 16:05:00,SF,"Trey Lance in for 49ers, Jimmy Garoppolo questionable with calf injury",https://www.nbcsports.com/nfl/profootballtalk/rumor-mill/news/trey-lance-in-for-49ers-jimmy-garoppolo-questionable-with-calf-injury
2021,2021-10-03 13:43:07,2021-10-03 16:05:00,SF,"Trey Lance in for 49ers, Jimmy Garoppolo questionable with calf injury",https://www.nbcsports.com/nfl/profootballtalk/rumor-mill/news/trey-lance-in-for-49ers-jimmy-garoppolo-questionable-with-calf-injury
2021,2021-10-31 11:19:40,2021-10-31 16:25:00,WAS,"Von Miller out for Broncos, Brandon Scherff out for Washington on Sunday",https://www.nbcsports.com/nfl/profootballtalk/rumor-mill/news/von-miller-out-for-broncos-brandon-scherff-out-for-washington-on-sunday
2021,2021-10-31 11:19:40,2021-10-31 16:25:00,DEN,"Von Miller out for Broncos, Brandon Scherff out for Washington on Sunday",https://www.nbcsports.com/nfl/profootballtalk/rumor-mill/news/von-miller-out-for-broncos-brandon-scherff-out-for-washington-on-sunday
2021,2021-10-24 10:57:20,2021-10-24 13:00:00,NYJ,"Zach Wilson, Jonnu Smith ruled out for rest of Sunday’s game",https://www.nbcsports.com/nfl/profootballtalk/rumor-mill/news/zach-wilson-jonnu-smith-ruled-out-for-rest-of-sundays-game
2021,2021-10-24 10:57:20,2021-10-24 13:00:00,NYJ,"Zach Wilson, Jonnu Smith ruled out for rest of Sunday’s game",https://www.nbcsports.com/nfl/profootballtalk/rumor-mill/news/zach-wilson-jonnu-smith-ruled-out-for-rest-of-sundays-game
2021,2021-11-14 10:15:08,2021-11-14 13:00:00,CLE,"Baker Mayfield exits due to injury, Patriots lead 31-7",https://www.nbcsports.com/nfl/profootballtalk/rumor-mill/news/baker-mayfield-exits-due-to-injury-patriots-lead-31-7
2021,2021-11-14 10:15:08,2021-11-14 13:00:00,CLE,"Baker Mayfield exits due to injury, Patriots lead 31-7",https://www.nbcsports.com/nfl/profootballtalk/rumor-mill/news/baker-mayfield-exits-due-to-injury-patriots-lead-31-7
2021,2021-11-07 03:49:14,2021-11-07 13:00:00,DAL,"Amari Cooper, CeeDee Lamb are expected to play",https://www.nbcsports.com/nfl/profootballtalk/rumor-mill/news/amari-cooper-ceedee-lamb-are-expected-to-play
2021,2021-11-21 12:07:00,2021-11-21 13:00:00,GB,Aaron Rodgers: Toe injury “a little worse” than turf toe,https://www.nbcsports.com/nfl/profootballtalk/rumor-mill/news/aaron-rodgers-toe-injury-a-little-worse-than-turf-toe
2021,2021-11-14 16:04:50,2021-11-14 16:25:00,GB,Aaron Rodgers won’t play “what if?” game on possibly missing Super Bowl due to COVID protocols,https://www.nbcsports.com/nfl/profootballtalk/rumor-mill/news/aaron-rodgers-wont-play-what-if-game-on-possibly-missing-super-bowl-due-to-covid-protocols
2021,2021-11-14 14:46:00,2021-11-14 16:05:00,CAR,"Cam Newton active, Kyler Murray and DeAndre Hopkins inactive",https://www.nbcsports.com/nfl/profootballtalk/rumor-mill/news/cam-newton-active-kyler-murray-and-deandre-hopkins-inactive
2021,2021-11-14 14:46:00,2021-11-14 16:05:00,ARI,"Cam Newton active, Kyler Murray and DeAndre Hopkins inactive",https://www.nbcsports.com/nfl/profootballtalk/rumor-mill/news/cam-newton-active-kyler-murray-and-deandre-hopkins-inactive
2021,2021-11-07 14:26:39,2021-11-07 16:25:00,ARI,"Colt McCoy, James Conner lead Cardinals to 31-17 win",https://www.nbcsports.com/nfl/profootballtalk/rumor-mill/news/cardinals-shrug-off-missing-stars-thump-49ers-31-17
2021,2021-11-07 14:26:39,2021-11-07 16:25:00,ARI,"Colt McCoy, James Conner lead Cardinals to 31-17 win",https://www.nbcsports.com/nfl/profootballtalk/rumor-mill/news/cardinals-shrug-off-missing-stars-thump-49ers-31-17
2021,2021-11-07 14:26:39,2021-11-07 16:25:00,SF,"Colt McCoy, James Conner lead Cardinals to 31-17 win",https://www.nbcsports.com/nfl/profootballtalk/rumor-mill/news/cardinals-shrug-off-missing-stars-thump-49ers-31-17
2021,2021-11-07 13:03:34,2021-11-07 16:05:00,LAC,"Chargers, Eagles trade touchdowns, but Dustin Hopkins misses PAT",https://www.nbcsports.com/nfl/profootballtalk/rumor-mill/news/chargers-eagles-trade-touchdowns-but-dustin-hopkins-misses-pat
2021,2021-11-21 13:25:22,2021-11-21 16:25:00,KC,CeeDee Lamb is out with a concussion,https://www.nbcsports.com/nfl/profootballtalk/rumor-mill/news/ceedee-lamb-is-out-with-a-concussion
2021,2021-11-21 13:25:22,2021-11-21 16:25:00,DAL,CeeDee Lamb is out with a concussion,https://www.nbcsports.com/nfl/profootballtalk/rumor-mill/news/ceedee-lamb-is-out-with-a-concussion
2021,2021-11-07 12:55:49,2021-11-07 16:25:00,GB,COVID protocol allows an Aaron Rodgers suspension for future violations,https://www.nbcsports.com/nfl/profootballtalk/rumor-mill/news/covid-protocol-allows-an-aaron-rodgers-suspension-for-future-violations
2021,2021-11-07 08:58:00,2021-11-07 13:00:00,DEN,Drew Lock out Sunday due to COVID-19 protocols,https://www.nbcsports.com/nfl/profootballtalk/rumor-mill/news/drew-lock-out-sunday-due-to-covid-19-protocols
2021,2021-11-07 08:58:00,2021-11-07 13:00:00,DEN,Drew Lock out Sunday due to COVID-19 protocols,https://www.nbcsports.com/nfl/profootballtalk/rumor-mill/news/drew-lock-out-sunday-due-to-covid-19-protocols
2021,2021-11-07 08:58:00,2021-11-07 13:00:00,DEN,Drew Lock out Sunday due to COVID-19 protocols,https://www.nbcsports.com/nfl/profootballtalk/rumor-mill/news/drew-lock-out-sunday-due-to-covid-19-protocols
2021,2021-11-07 15:28:00,2021-11-07 16:25:00,GB,"Fines, for now, are in play for Aaron Rodgers and Packers for COVID protocol violations",https://www.nbcsports.com/nfl/profootballtalk/rumor-mill/news/fines-for-now-are-in-play-for-aaron-rodgers-and-packers-for-covid-protocol-violations
2021,2021-11-07 15:06:00,2021-11-07 16:25:00,ARI,"Kyler Murray, DeAndre Hopkins both inactive vs. 49ers",https://www.nbcsports.com/nfl/profootballtalk/rumor-mill/news/kyler-murray-deandre-hopkins-both-inactive-vs-49ers
2021,2021-11-07 15:06:00,2021-11-07 16:25:00,ARI,"Kyler Murray, DeAndre Hopkins both inactive vs. 49ers",https://www.nbcsports.com/nfl/profootballtalk/rumor-mill/news/kyler-murray-deandre-hopkins-both-inactive-vs-49ers
2021,2021-11-21 15:09:00,2021-11-21 16:25:00,ARI,"Kyler Murray inactive, Colt McCoy will make third consecutive start",https://www.nbcsports.com/nfl/profootballtalk/rumor-mill/news/kyler-murray-inactive-colt-mccoy-will-make-third-consecutive-start
2021,2021-11-21 15:09:00,2021-11-21 16:25:00,ARI,"Kyler Murray inactive, Colt McCoy will make third consecutive start",https://www.nbcsports.com/nfl/profootballtalk/rumor-mill/news/kyler-murray-inactive-colt-mccoy-will-make-third-consecutive-start
2021,2021-11-21 15:09:00,2021-11-21 16:25:00,SEA,"Kyler Murray inactive, Colt McCoy will make third consecutive start",https://www.nbcsports.com/nfl/profootballtalk/rumor-mill/news/kyler-murray-inactive-colt-mccoy-will-make-third-consecutive-start
2021,2021-11-14 08:50:00,2021-11-14 13:00:00,PIT,League should have COVID compliance officers with each team,https://www.nbcsports.com/nfl/profootballtalk/rumor-mill/news/league-should-have-covid-compliance-officers-with-each-team
2021,2021-11-14 08:50:00,2021-11-14 16:25:00,GB,League should have COVID compliance officers with each team,https://www.nbcsports.com/nfl/profootballtalk/rumor-mill/news/league-should-have-covid-compliance-officers-with-each-team
2021,2021-11-28 12:07:00,2021-11-28 16:25:00,LA,"Matthew Stafford reportedly has various injuries, even if he’s not on the injury report",https://www.nbcsports.com/nfl/profootballtalk/rumor-mill/news/matthew-stafford-reportedly-has-various-injuries-even-if-hes-not-on-the-injury-report
2021,2021-11-28 11:35:00,2021-11-28 13:00:00,TB,"NFL Week 12 early inactives: Darius Leonard, Vita Vea will play",https://www.nbcsports.com/nfl/profootballtalk/rumor-mill/news/nfl-week-12-early-inactives-darius-leonard-vita-vea-will-play
2021,2021-11-28 11:35:00,2021-11-28 13:00:00,PIT,"NFL Week 12 early inactives: Darius Leonard, Vita Vea will play",https://www.nbcsports.com/nfl/profootballtalk/rumor-mill/news/nfl-week-12-early-inactives-darius-leonard-vita-vea-will-play
2021,2021-11-28 11:35:00,2021-11-28 13:00:00,CAR,"NFL Week 12 early inactives: Darius Leonard, Vita Vea will play",https://www.nbcsports.com/nfl/profootballtalk/rumor-mill/news/nfl-week-12-early-inactives-darius-leonard-vita-vea-will-play
2021,2021-11-28 11:35:00,2021-11-28 13:00:00,NE,"NFL Week 12 early inactives: Darius Leonard, Vita Vea will play",https://www.nbcsports.com/nfl/profootballtalk/rumor-mill/news/nfl-week-12-early-inactives-darius-leonard-vita-vea-will-play
2021,2021-11-28 11:35:00,2021-11-28 13:00:00,PHI,"NFL Week 12 early inactives: Darius Leonard, Vita Vea will play",https://www.nbcsports.com/nfl/profootballtalk/rumor-mill/news/nfl-week-12-early-inactives-darius-leonard-vita-vea-will-play
2021,2021-11-28 11:35:00,2021-11-28 13:00:00,HOU,"NFL Week 12 early inactives: Darius Leonard, Vita Vea will play",https://www.nbcsports.com/nfl/profootballtalk/rumor-mill/news/nfl-week-12-early-inactives-darius-leonard-vita-vea-will-play
2021,2021-11-28 11:35:00,2021-11-28 13:00:00,HOU,"NFL Week 12 early inactives: Darius Leonard, Vita Vea will play",https://www.nbcsports.com/nfl/profootballtalk/rumor-mill/news/nfl-week-12-early-inactives-darius-leonard-vita-vea-will-play
2021,2021-11-14 11:33:00,2021-11-14 13:00:00,NYJ,"NFL Week 10 early inactives: DeForest Buckner, James Robinson will play",https://www.nbcsports.com/nfl/profootballtalk/rumor-mill/news/nfl-week-10-early-inactives-deforest-buckner-james-robinson-will-play
2021,2021-11-14 11:33:00,2021-11-14 13:00:00,DAL,"NFL Week 10 early inactives: DeForest Buckner, James Robinson will play",https://www.nbcsports.com/nfl/profootballtalk/rumor-mill/news/nfl-week-10-early-inactives-deforest-buckner-james-robinson-will-play
2021,2021-11-14 11:33:00,2021-11-14 13:00:00,NE,"NFL Week 10 early inactives: DeForest Buckner, James Robinson will play",https://www.nbcsports.com/nfl/profootballtalk/rumor-mill/news/nfl-week-10-early-inactives-deforest-buckner-james-robinson-will-play
2021,2021-11-14 11:33:00,2021-11-14 13:00:00,TB,"NFL Week 10 early inactives: DeForest Buckner, James Robinson will play",https://www.nbcsports.com/nfl/profootballtalk/rumor-mill/news/nfl-week-10-early-inactives-deforest-buckner-james-robinson-will-play
2021,2021-11-07 11:38:00,2021-11-07 13:00:00,MIN,NFL Week Nine early inactives: James Robinson out for Jaguars,https://www.nbcsports.com/nfl/profootballtalk/rumor-mill/news/nfl-week-nine-early-inactives-james-robinson-out-for-jaguars
2021,2021-11-07 11:38:00,2021-11-07 13:00:00,DAL,NFL Week Nine early inactives: James Robinson out for Jaguars,https://www.nbcsports.com/nfl/profootballtalk/rumor-mill/news/nfl-week-nine-early-inactives-james-robinson-out-for-jaguars
2021,2021-11-07 11:38:00,2021-11-07 13:00:00,HOU,NFL Week Nine early inactives: James Robinson out for Jaguars,https://www.nbcsports.com/nfl/profootballtalk/rumor-mill/news/nfl-week-nine-early-inactives-james-robinson-out-for-jaguars
2021,2021-11-07 11:38:00,2021-11-07 13:00:00,HOU,NFL Week Nine early inactives: James Robinson out for Jaguars,https://www.nbcsports.com/nfl/profootballtalk/rumor-mill/news/nfl-week-nine-early-inactives-james-robinson-out-for-jaguars
2021,2021-11-21 11:36:00,2021-11-21 13:00:00,CHI,"NFL Week 11 early inactives: Allen Robinson, Eddie Jackson out for Bears",https://www.nbcsports.com/nfl/profootballtalk/rumor-mill/news/nfl-week-11-early-inactives-allen-robinson-eddie-jackson-out-for-bears
2021,2021-11-21 11:36:00,2021-11-21 13:00:00,NO,"NFL Week 11 early inactives: Allen Robinson, Eddie Jackson out for Bears",https://www.nbcsports.com/nfl/profootballtalk/rumor-mill/news/nfl-week-11-early-inactives-allen-robinson-eddie-jackson-out-for-bears
2021,2021-11-21 11:36:00,2021-11-21 13:00:00,PHI,"NFL Week 11 early inactives: Allen Robinson, Eddie Jackson out for Bears",https://www.nbcsports.com/nfl/profootballtalk/rumor-mill/news/nfl-week-11-early-inactives-allen-robinson-eddie-jackson-out-for-bears
2021,2021-11-21 11:36:00,2021-11-21 13:00:00,DET,"NFL Week 11 early inactives: Allen Robinson, Eddie Jackson out for Bears",https://www.nbcsports.com/nfl/profootballtalk/rumor-mill/news/nfl-week-11-early-inactives-allen-robinson-eddie-jackson-out-for-bears
2021,2021-11-21 11:36:00,2021-11-21 13:00:00,CAR,"NFL Week 11 early inactives: Allen Robinson, Eddie Jackson out for Bears",https://www.nbcsports.com/nfl/profootballtalk/rumor-mill/news/nfl-week-11-early-inactives-allen-robinson-eddie-jackson-out-for-bears
2021,2021-11-21 11:36:00,2021-11-21 13:00:00,NYJ,"NFL Week 11 early inactives: Allen Robinson, Eddie Jackson out for Bears",https://www.nbcsports.com/nfl/profootballtalk/rumor-mill/news/nfl-week-11-early-inactives-allen-robinson-eddie-jackson-out-for-bears
2021,2021-11-21 11:36:00,2021-11-21 13:00:00,HOU,"NFL Week 11 early inactives: Allen Robinson, Eddie Jackson out for Bears",https://www.nbcsports.com/nfl/profootballtalk/rumor-mill/news/nfl-week-11-early-inactives-allen-robinson-eddie-jackson-out-for-bears
2021,2021-11-21 11:36:00,2021-11-21 13:00:00,HOU,"NFL Week 11 early inactives: Allen Robinson, Eddie Jackson out for Bears",https://www.nbcsports.com/nfl/profootballtalk/rumor-mill/news/nfl-week-11-early-inactives-allen-robinson-eddie-jackson-out-for-bears
2021,2021-11-21 11:36:00,2021-11-21 13:00:00,MIN,"NFL Week 11 early inactives: Allen Robinson, Eddie Jackson out for Bears",https://www.nbcsports.com/nfl/profootballtalk/rumor-mill/news/nfl-week-11-early-inactives-allen-robinson-eddie-jackson-out-for-bears
2021,2021-11-14 13:56:00,2021-11-14 16:25:00,GB,NFL mum on other 2021 COVID protocol fines,https://www.nbcsports.com/nfl/profootballtalk/rumor-mill/news/nfl-mum-on-other-2021-covid-protocol-fines
2021,2021-11-14 15:33:00,2021-11-14 16:25:00,GB,"Post-COVID, Aaron Rodgers won’t do in-person press conference, opting for Zoom instead",https://www.nbcsports.com/nfl/profootballtalk/rumor-mill/news/post-covid-aaron-rodgers-wont-do-in-person-press-conference-opting-for-zoom-instead
2021,2021-11-07 10:59:00,2021-11-07 13:00:00,MIA,Report: Jacoby Brissett to start for Dolphins as Tua Tagovailoa rests injured finger,https://www.nbcsports.com/nfl/profootballtalk/rumor-mill/news/report-jacoby-brissett-to-start-for-dolphins-as-tua-tagovailoa-rests-injured-finger
2021,2021-11-07 10:59:00,2021-11-07 13:00:00,MIA,Report: Jacoby Brissett to start for Dolphins as Tua Tagovailoa rests injured finger,https://www.nbcsports.com/nfl/profootballtalk/rumor-mill/news/report-jacoby-brissett-to-start-for-dolphins-as-tua-tagovailoa-rests-injured-finger
2021,2021-11-21 19:07:00,2021-11-21 20:20:00,PIT,Sunday Night Football: Ben Roethlisberger active for Steelers after stint on COVID-19 list,https://www.nbcsports.com/nfl/profootballtalk/rumor-mill/news/sunday-night-football-ben-roethlisberger-active-for-steelers-after-stint-on-covid-19-list
2021,2021-11-21 19:07:00,2021-11-21 20:20:00,PIT,Sunday Night Football: Ben Roethlisberger active for Steelers after stint on COVID-19 list,https://www.nbcsports.com/nfl/profootballtalk/rumor-mill/news/sunday-night-football-ben-roethlisberger-active-for-steelers-after-stint-on-covid-19-list
2021,2021-11-21 19:07:00,2021-11-21 20:20:00,PIT,Sunday Night Football: Ben Roethlisberger active for Steelers after stint on COVID-19 list,https://www.nbcsports.com/nfl/profootballtalk/rumor-mill/news/sunday-night-football-ben-roethlisberger-active-for-steelers-after-stint-on-covid-19-list
2021,2021-11-21 19:07:00,2021-11-21 20:20:00,LAC,Sunday Night Football: Ben Roethlisberger active for Steelers after stint on COVID-19 list,https://www.nbcsports.com/nfl/profootballtalk/rumor-mill/news/sunday-night-football-ben-roethlisberger-active-for-steelers-after-stint-on-covid-19-list
2021,2021-11-21 15:12:00,2021-11-21 16:25:00,KC,Tyron Smith is inactive; Tyrann Mathieu is active after injuring his knee,https://www.nbcsports.com/nfl/profootballtalk/rumor-mill/news/tyron-smith-is-inactive-tyrann-mathieu-is-active-after-injuring-his-knee
2021,2021-11-21 15:12:00,2021-11-21 16:25:00,DAL,Tyron Smith is inactive; Tyrann Mathieu is active after injuring his knee,https://www.nbcsports.com/nfl/profootballtalk/rumor-mill/news/tyron-smith-is-inactive-tyrann-mathieu-is-active-after-injuring-his-knee
2021,2021-11-07 12:18:00,2021-11-07 13:00:00,MIA,Tua Tagovailoa active despite finger injury that will reportedly keep him from starting,https://www.nbcsports.com/nfl/profootballtalk/rumor-mill/news/tua-tagovailoa-active-despite-finger-injury-that-will-reportedly-keep-him-from-starting
2021,2021-11-07 12:18:00,2021-11-07 13:00:00,MIA,Tua Tagovailoa active despite finger injury that will reportedly keep him from starting,https://www.nbcsports.com/nfl/profootballtalk/rumor-mill/news/tua-tagovailoa-active-despite-finger-injury-that-will-reportedly-keep-him-from-starting
2021,2021-11-14 13:14:00,2021-11-14 16:25:00,GB,Will Ben Roethlisberger miss next Sunday night at Chargers?,https://www.nbcsports.com/nfl/profootballtalk/rumor-mill/news/will-ben-roethlisberger-miss-next-sunday-night-at-chargers
2021,2021-12-05 15:42:00,2021-12-05 16:25:00,SEA,"Alex Collins, Fred Warner are inactive for Seahawks-49ers game",https://www.nbcsports.com/nfl/profootballtalk/rumor-mill/news/alex-collins-fred-warner-are-inactive-for-seahawks-49ers-game
2021,2021-12-12 14:43:00,2021-12-12 16:05:00,DET,All 12 Lions listed as questionable are active vs. Broncos,https://www.nbcsports.com/nfl/profootballtalk/rumor-mill/news/all-12-lions-listed-as-questionable-are-active-vs-broncos
2021,2021-12-12 14:43:00,2021-12-12 16:05:00,DEN,All 12 Lions listed as questionable are active vs. Broncos,https://www.nbcsports.com/nfl/profootballtalk/rumor-mill/news/all-12-lions-listed-as-questionable-are-active-vs-broncos
2021,2021-12-19 00:09:00,2021-12-19 13:00:00,ARI,"Aaron Donald remains limited, but Sean McVay says “he’s going to be OK”",https://www.nbcsports.com/nfl/profootballtalk/rumor-mill/news/aaron-donald-remains-limited-but-sean-mcvay-says-hes-going-to-be-ok
2021,2021-12-26 15:22:00,2021-12-26 16:25:00,DEN,"Darren Waller inactive, Denzel Perryman active for Raiders-Broncos",https://www.nbcsports.com/nfl/profootballtalk/rumor-mill/news/darren-waller-inactive-denzel-perryman-active-for-raiders-broncos
2021,2021-12-26 15:22:00,2021-12-26 16:25:00,DEN,"Darren Waller inactive, Denzel Perryman active for Raiders-Broncos",https://www.nbcsports.com/nfl/profootballtalk/rumor-mill/news/darren-waller-inactive-denzel-perryman-active-for-raiders-broncos
2021,2021-12-12 15:10:00,2021-12-12 16:05:00,LAC,Derwin James inactive for Chargers-Giants with hamstring injury,https://www.nbcsports.com/nfl/profootballtalk/rumor-mill/news/derwin-james-inactive-for-chargers-giants-with-hamstring-injury
2021,2021-12-12 15:10:00,2021-12-12 16:05:00,NYG,Derwin James inactive for Chargers-Giants with hamstring injury,https://www.nbcsports.com/nfl/profootballtalk/rumor-mill/news/derwin-james-inactive-for-chargers-giants-with-hamstring-injury
2021,2021-12-05 11:08:00,2021-12-05 13:00:00,PHI,Gardner Minshew starts for Eagles vs. Jets with Jalen Hurts out,https://www.nbcsports.com/nfl/profootballtalk/rumor-mill/news/gardner-minshew-starts-for-eagles-vs-jets-with-jalen-hurts-out
2021,2021-12-05 11:08:00,2021-12-05 13:00:00,PHI,Gardner Minshew starts for Eagles vs. Jets with Jalen Hurts out,https://www.nbcsports.com/nfl/profootballtalk/rumor-mill/news/gardner-minshew-starts-for-eagles-vs-jets-with-jalen-hurts-out
2021,2021-12-12 09:29:00,2021-12-12 16:25:00,CIN,"Joe Mixon, Tee Higgins are expected to play Sunday",https://www.nbcsports.com/nfl/profootballtalk/rumor-mill/news/joe-mixon-tee-higgins-are-expected-to-play-sunday
2021,2021-12-19 15:03:00,2021-12-19 16:25:00,BAL,"Lamar Jackson inactive, Tyler Huntley starts for Ravens",https://www.nbcsports.com/nfl/profootballtalk/rumor-mill/news/lamar-jackson-inactive-tyler-huntley-starts-for-ravens
2021,2021-12-12 11:39:00,2021-12-12 13:00:00,DAL,NFL Week 14 early inactives: Tony Pollard inactive for Cowboys,https://www.nbcsports.com/nfl/profootballtalk/rumor-mill/news/nfl-week-14-early-inactives-tony-pollard
2021,2021-12-12 11:39:00,2021-12-12 13:00:00,NO,NFL Week 14 early inactives: Tony Pollard inactive for Cowboys,https://www.nbcsports.com/nfl/profootballtalk/rumor-mill/news/nfl-week-14-early-inactives-tony-pollard
2021,2021-12-12 11:39:00,2021-12-12 13:00:00,SEA,NFL Week 14 early inactives: Tony Pollard inactive for Cowboys,https://www.nbcsports.com/nfl/profootballtalk/rumor-mill/news/nfl-week-14-early-inactives-tony-pollard
2021,2021-12-12 11:39:00,2021-12-12 13:00:00,HOU,NFL Week 14 early inactives: Tony Pollard inactive for Cowboys,https://www.nbcsports.com/nfl/profootballtalk/rumor-mill/news/nfl-week-14-early-inactives-tony-pollard
2021,2021-12-12 11:39:00,2021-12-12 13:00:00,KC,NFL Week 14 early inactives: Tony Pollard inactive for Cowboys,https://www.nbcsports.com/nfl/profootballtalk/rumor-mill/news/nfl-week-14-early-inactives-tony-pollard
2021,2021-12-12 11:39:00,2021-12-12 13:00:00,ATL,NFL Week 14 early inactives: Tony Pollard inactive for Cowboys,https://www.nbcsports.com/nfl/profootballtalk/rumor-mill/news/nfl-week-14-early-inactives-tony-pollard
2021,2021-12-12 11:39:00,2021-12-12 13:00:00,CAR,NFL Week 14 early inactives: Tony Pollard inactive for Cowboys,https://www.nbcsports.com/nfl/profootballtalk/rumor-mill/news/nfl-week-14-early-inactives-tony-pollard
2021,2021-12-26 11:34:00,2021-12-26 13:00:00,HOU,"NFL Week 16 early inactives: Derwin James active, David Johnson inactive in Houston",https://www.nbcsports.com/nfl/profootballtalk/rumor-mill/news/nfl-week-16-early-inactives-derwin-james-active-david-johnson-inactive-in-houston
2021,2021-12-26 11:34:00,2021-12-26 13:00:00,TB,"NFL Week 16 early inactives: Derwin James active, David Johnson inactive in Houston",https://www.nbcsports.com/nfl/profootballtalk/rumor-mill/news/nfl-week-16-early-inactives-derwin-james-active-david-johnson-inactive-in-houston
2021,2021-12-26 11:34:00,2021-12-26 13:00:00,ATL,"NFL Week 16 early inactives: Derwin James active, David Johnson inactive in Houston",https://www.nbcsports.com/nfl/profootballtalk/rumor-mill/news/nfl-week-16-early-inactives-derwin-james-active-david-johnson-inactive-in-houston
2021,2021-12-26 11:34:00,2021-12-26 13:00:00,PHI,"NFL Week 16 early inactives: Derwin James active, David Johnson inactive in Houston",https://www.nbcsports.com/nfl/profootballtalk/rumor-mill/news/nfl-week-16-early-inactives-derwin-james-active-david-johnson-inactive-in-houston
2021,2021-12-26 11:34:00,2021-12-26 13:00:00,NE,"NFL Week 16 early inactives: Derwin James active, David Johnson inactive in Houston",https://www.nbcsports.com/nfl/profootballtalk/rumor-mill/news/nfl-week-16-early-inactives-derwin-james-active-david-johnson-inactive-in-houston
2021,2021-12-26 11:34:00,2021-12-26 13:00:00,LA,"NFL Week 16 early inactives: Derwin James active, David Johnson inactive in Houston",https://www.nbcsports.com/nfl/profootballtalk/rumor-mill/news/nfl-week-16-early-inactives-derwin-james-active-david-johnson-inactive-in-houston
2021,2021-12-19 11:36:00,2021-12-19 13:00:00,PIT,NFL Week 15 early inactives: Joe Haden back for Steelers,https://www.nbcsports.com/nfl/profootballtalk/rumor-mill/news/nfl-week-15-early-inactives
2021,2021-12-19 11:36:00,2021-12-19 13:00:00,HOU,NFL Week 15 early inactives: Joe Haden back for Steelers,https://www.nbcsports.com/nfl/profootballtalk/rumor-mill/news/nfl-week-15-early-inactives
2021,2021-12-19 11:36:00,2021-12-19 13:00:00,DAL,NFL Week 15 early inactives: Joe Haden back for Steelers,https://www.nbcsports.com/nfl/profootballtalk/rumor-mill/news/nfl-week-15-early-inactives
2021,2021-12-19 11:36:00,2021-12-19 13:00:00,NYG,NFL Week 15 early inactives: Joe Haden back for Steelers,https://www.nbcsports.com/nfl/profootballtalk/rumor-mill/news/nfl-week-15-early-inactives
2021,2021-12-19 11:36:00,2021-12-19 13:00:00,ARI,NFL Week 15 early inactives: Joe Haden back for Steelers,https://www.nbcsports.com/nfl/profootballtalk/rumor-mill/news/nfl-week-15-early-inactives
2021,2021-12-19 11:36:00,2021-12-19 13:00:00,DET,NFL Week 15 early inactives: Joe Haden back for Steelers,https://www.nbcsports.com/nfl/profootballtalk/rumor-mill/news/nfl-week-15-early-inactives
2021,2021-12-05 11:34:00,2021-12-05 13:00:00,CHI,NFL Week 13 early inactives: Allen Robinson out for Bears,https://www.nbcsports.com/nfl/profootballtalk/rumor-mill/news/nfl-week-13-early-inactives-allen-robinson-out-for-bears
2021,2021-12-05 11:34:00,2021-12-05 13:00:00,CHI,NFL Week 13 early inactives: Allen Robinson out for Bears,https://www.nbcsports.com/nfl/profootballtalk/rumor-mill/news/nfl-week-13-early-inactives-allen-robinson-out-for-bears
2021,2021-12-05 11:34:00,2021-12-05 13:00:00,PHI,NFL Week 13 early inactives: Allen Robinson out for Bears,https://www.nbcsports.com/nfl/profootballtalk/rumor-mill/news/nfl-week-13-early-inactives-allen-robinson-out-for-bears
2021,2021-12-05 11:34:00,2021-12-05 13:00:00,TB,NFL Week 13 early inactives: Allen Robinson out for Bears,https://www.nbcsports.com/nfl/profootballtalk/rumor-mill/news/nfl-week-13-early-inactives-allen-robinson-out-for-bears
2021,2021-12-05 11:34:00,2021-12-05 13:00:00,HOU,NFL Week 13 early inactives: Allen Robinson out for Bears,https://www.nbcsports.com/nfl/profootballtalk/rumor-mill/news/nfl-week-13-early-inactives-allen-robinson-out-for-bears
2021,2021-12-05 11:34:00,2021-12-05 13:00:00,HOU,NFL Week 13 early inactives: Allen Robinson out for Bears,https://www.nbcsports.com/nfl/profootballtalk/rumor-mill/news/nfl-week-13-early-inactives-allen-robinson-out-for-bears
2021,2021-12-05 11:34:00,2021-12-05 13:00:00,LAC,NFL Week 13 early inactives: Allen Robinson out for Bears,https://www.nbcsports.com/nfl/profootballtalk/rumor-mill/news/nfl-week-13-early-inactives-allen-robinson-out-for-bears
2021,2021-12-05 11:34:00,2021-12-05 13:00:00,MIN,NFL Week 13 early inactives: Allen Robinson out for Bears,https://www.nbcsports.com/nfl/profootballtalk/rumor-mill/news/nfl-week-13-early-inactives-allen-robinson-out-for-bears
2021,2021-12-05 11:34:00,2021-12-05 13:00:00,DET,NFL Week 13 early inactives: Allen Robinson out for Bears,https://www.nbcsports.com/nfl/profootballtalk/rumor-mill/news/nfl-week-13-early-inactives-allen-robinson-out-for-bears
2021,2021-12-05 11:34:00,2021-12-05 13:00:00,NYG,NFL Week 13 early inactives: Allen Robinson out for Bears,https://www.nbcsports.com/nfl/profootballtalk/rumor-mill/news/nfl-week-13-early-inactives-allen-robinson-out-for-bears
2021,2021-12-26 12:26:00,2021-12-26 16:25:00,LV,"Raiders put Marcus Mariota, Bryan Edwards on COVID-19 reserve list",https://www.nbcsports.com/nfl/profootballtalk/rumor-mill/news/raiders-put-marcus-mariota-bryan-edwards-on-covid-19-reserve-list
2021,2021-12-26 12:26:00,2021-12-26 16:25:00,LV,"Raiders put Marcus Mariota, Bryan Edwards on COVID-19 reserve list",https://www.nbcsports.com/nfl/profootballtalk/rumor-mill/news/raiders-put-marcus-mariota-bryan-edwards-on-covid-19-reserve-list
2021,2021-12-26 12:26:00,2021-12-26 16:25:00,LV,"Raiders put Marcus Mariota, Bryan Edwards on COVID-19 reserve list",https://www.nbcsports.com/nfl/profootballtalk/rumor-mill/news/raiders-put-marcus-mariota-bryan-edwards-on-covid-19-reserve-list
2021,2021-12-26 11:15:00,2021-12-26 13:00:00,MIN,Rashod Hill joins Sean Mannion as Sunday addition to COVID-19 reserve list,https://www.nbcsports.com/nfl/profootballtalk/rumor-mill/news/rashod-hill-joins-sean-mannion-as-sunday-addition-to-covid-19-reserve-list
2021,2021-12-05 00:23:00,2021-12-05 13:00:00,ARI,"Report: Kyler Murray, DeAndre Hopkins are expected to play",https://www.nbcsports.com/nfl/profootballtalk/rumor-mill/news/report-kyler-murray-deandre-hopkins-are-expected-to-play
2021,2021-12-26 19:01:00,2021-12-26 20:20:00,WAS,"Sunday Night Football: Curtis Samuel inactive, but Antonio Gibson is dressed",https://www.nbcsports.com/nfl/profootballtalk/rumor-mill/news/sunday-night-football-curtis-samuel-inactive-but-antonio-gibson-is-dressed
2021,2021-12-26 19:01:00,2021-12-26 20:20:00,DAL,"Sunday Night Football: Curtis Samuel inactive, but Antonio Gibson is dressed",https://www.nbcsports.com/nfl/profootballtalk/rumor-mill/news/sunday-night-football-curtis-samuel-inactive-but-antonio-gibson-is-dressed
2021,2021-12-12 08:01:00,2021-12-12 13:00:00,HOU,The Texans try to toe the tanking tightrope,https://www.nbcsports.com/nfl/profootballtalk/rumor-mill/news/the-texans-try-to-toe-the-tanking-tightrope
2021,2021-12-12 08:01:00,2021-12-12 13:00:00,HOU,The Texans try to toe the tanking tightrope,https://www.nbcsports.com/nfl/profootballtalk/rumor-mill/news/the-texans-try-to-toe-the-tanking-tightrope
2021,2021-12-26 10:09:00,2021-12-26 13:00:00,MIN,Vikings put Sean Mannion on COVID-19 reserve,https://www.nbcsports.com/nfl/profootballtalk/rumor-mill/news/vikings-put-sean-mannion-on-covid-19-reserve
2021,2021-12-26 10:09:00,2021-12-26 13:00:00,MIN,Vikings put Sean Mannion on COVID-19 reserve,https://www.nbcsports.com/nfl/profootballtalk/rumor-mill/news/vikings-put-sean-mannion-on-covid-19-reserve
2021,2021-12-26 10:09:00,2021-12-26 13:00:00,MIN,Vikings put Sean Mannion on COVID-19 reserve,https://www.nbcsports.com/nfl/profootballtalk/rumor-mill/news/vikings-put-sean-mannion-on-covid-19-reserve
2021,2021-12-12 15:22:00,2021-12-12 16:25:00,TB,Zack Moss inactive for Bills vs. Bucs,https://www.nbcsports.com/nfl/profootballtalk/rumor-mill/news/zack-moss-inactive-for-bills-vs-bucs
2021,2022-01-09 15:27:00,2022-01-09 16:25:00,NYJ,Emmanuel Sanders officially out for Bills,https://www.nbcsports.com/nfl/profootballtalk/rumor-mill/news/emmanuel-sanders-officially-out-for-bills
2021,2022-01-02 15:25:00,2022-01-02 16:25:00,DAL,"James Conner, Rondale Moore among Cardinals’ inactives",https://www.nbcsports.com/nfl/profootballtalk/rumor-mill/news/james-conner-rondale-moore-among-cardinals-inactives
2021,2022-01-02 14:45:00,2022-01-02 16:05:00,SF,"Jimmy Garoppolo officially inactive, Elijah Mitchell active for 49ers",https://www.nbcsports.com/nfl/profootballtalk/rumor-mill/news/jimmy-garoppolo-officially-inactive-elijah-mitchell-active-for-49ers
2021,2022-01-02 14:45:00,2022-01-02 16:05:00,SF,"Jimmy Garoppolo officially inactive, Elijah Mitchell active for 49ers",https://www.nbcsports.com/nfl/profootballtalk/rumor-mill/news/jimmy-garoppolo-officially-inactive-elijah-mitchell-active-for-49ers
2021,2022-01-02 14:45:00,2022-01-02 16:05:00,HOU,"Jimmy Garoppolo officially inactive, Elijah Mitchell active for 49ers",https://www.nbcsports.com/nfl/profootballtalk/rumor-mill/news/jimmy-garoppolo-officially-inactive-elijah-mitchell-active-for-49ers
2021,2022-01-02 06:51:00,2022-01-02 16:05:00,SF,"Jimmy Garoppolo won’t play Sunday, will need surgery after the season",https://www.nbcsports.com/nfl/profootballtalk/rumor-mill/news/jimmy-garoppolo-wont-play-sunday-will-need-surgery-after-the-season
2021,2022-01-02 06:51:00,2022-01-02 16:05:00,SF,"Jimmy Garoppolo won’t play Sunday, will need surgery after the season",https://www.nbcsports.com/nfl/profootballtalk/rumor-mill/news/jimmy-garoppolo-wont-play-sunday-will-need-surgery-after-the-season
2021,2022-01-02 06:51:00,2022-01-02 13:00:00,CHI,"Jimmy Garoppolo won’t play Sunday, will need surgery after the season",https://www.nbcsports.com/nfl/profootballtalk/rumor-mill/news/jimmy-garoppolo-wont-play-sunday-will-need-surgery-after-the-season
2021,2022-01-02 06:51:00,2022-01-02 13:00:00,NE,"Jimmy Garoppolo won’t play Sunday, will need surgery after the season",https://www.nbcsports.com/nfl/profootballtalk/rumor-mill/news/jimmy-garoppolo-wont-play-sunday-will-need-surgery-after-the-season
2021,2022-01-09 11:36:00,2022-01-09 13:00:00,DET,"NFL Week 18 early inactives: David Bakhtiari returns, Aaron Jones will sit",https://www.nbcsports.com/nfl/profootballtalk/rumor-mill/news/nfl-week-18-early-inactives-david-bakhtiari-returns-aaron-jones-will-sit
2021,2022-01-09 11:36:00,2022-01-09 13:00:00,WAS,"NFL Week 18 early inactives: David Bakhtiari returns, Aaron Jones will sit",https://www.nbcsports.com/nfl/profootballtalk/rumor-mill/news/nfl-week-18-early-inactives-david-bakhtiari-returns-aaron-jones-will-sit
2021,2022-01-09 11:36:00,2022-01-09 13:00:00,NYG,"NFL Week 18 early inactives: David Bakhtiari returns, Aaron Jones will sit",https://www.nbcsports.com/nfl/profootballtalk/rumor-mill/news/nfl-week-18-early-inactives-david-bakhtiari-returns-aaron-jones-will-sit
2021,2022-01-09 11:36:00,2022-01-09 13:00:00,HOU,"NFL Week 18 early inactives: David Bakhtiari returns, Aaron Jones will sit",https://www.nbcsports.com/nfl/profootballtalk/rumor-mill/news/nfl-week-18-early-inactives-david-bakhtiari-returns-aaron-jones-will-sit
2021,2022-01-09 11:36:00,2022-01-09 13:00:00,PIT,"NFL Week 18 early inactives: David Bakhtiari returns, Aaron Jones will sit",https://www.nbcsports.com/nfl/profootballtalk/rumor-mill/news/nfl-week-18-early-inactives-david-bakhtiari-returns-aaron-jones-will-sit
2021,2022-01-09 11:36:00,2022-01-09 13:00:00,CIN,"NFL Week 18 early inactives: David Bakhtiari returns, Aaron Jones will sit",https://www.nbcsports.com/nfl/profootballtalk/rumor-mill/news/nfl-week-18-early-inactives-david-bakhtiari-returns-aaron-jones-will-sit
2021,2022-01-09 11:36:00,2022-01-09 13:00:00,MIN,"NFL Week 18 early inactives: David Bakhtiari returns, Aaron Jones will sit",https://www.nbcsports.com/nfl/profootballtalk/rumor-mill/news/nfl-week-18-early-inactives-david-bakhtiari-returns-aaron-jones-will-sit
2021,2022-01-02 11:36:00,2022-01-02 13:00:00,BAL,"NFL Week 17 early inactives: Lamar Jackson officially out, Marquise Brown active",https://www.nbcsports.com/nfl/profootballtalk/rumor-mill/news/nfl-week-17-early-inactives-lamar-jackson-officially-out-marquise-brown-active
2021,2022-01-02 11:36:00,2022-01-02 13:00:00,LA,"NFL Week 17 early inactives: Lamar Jackson officially out, Marquise Brown active",https://www.nbcsports.com/nfl/profootballtalk/rumor-mill/news/nfl-week-17-early-inactives-lamar-jackson-officially-out-marquise-brown-active
2021,2022-01-02 11:36:00,2022-01-02 13:00:00,ATL,"NFL Week 17 early inactives: Lamar Jackson officially out, Marquise Brown active",https://www.nbcsports.com/nfl/profootballtalk/rumor-mill/news/nfl-week-17-early-inactives-lamar-jackson-officially-out-marquise-brown-active
2021,2022-01-02 11:36:00,2022-01-02 13:00:00,ATL,"NFL Week 17 early inactives: Lamar Jackson officially out, Marquise Brown active",https://www.nbcsports.com/nfl/profootballtalk/rumor-mill/news/nfl-week-17-early-inactives-lamar-jackson-officially-out-marquise-brown-active
2021,2022-01-02 11:36:00,2022-01-02 13:00:00,CHI,"NFL Week 17 early inactives: Lamar Jackson officially out, Marquise Brown active",https://www.nbcsports.com/nfl/profootballtalk/rumor-mill/news/nfl-week-17-early-inactives-lamar-jackson-officially-out-marquise-brown-active
2021,2022-01-02 11:36:00,2022-01-02 13:00:00,KC,"NFL Week 17 early inactives: Lamar Jackson officially out, Marquise Brown active",https://www.nbcsports.com/nfl/profootballtalk/rumor-mill/news/nfl-week-17-early-inactives-lamar-jackson-officially-out-marquise-brown-active
2021,2022-01-02 11:36:00,2022-01-02 13:00:00,CIN,"NFL Week 17 early inactives: Lamar Jackson officially out, Marquise Brown active",https://www.nbcsports.com/nfl/profootballtalk/rumor-mill/news/nfl-week-17-early-inactives-lamar-jackson-officially-out-marquise-brown-active
2021,2022-01-02 11:36:00,2022-01-02 13:00:00,TB,"NFL Week 17 early inactives: Lamar Jackson officially out, Marquise Brown active",https://www.nbcsports.com/nfl/profootballtalk/rumor-mill/news/nfl-week-17-early-inactives-lamar-jackson-officially-out-marquise-brown-active
2021,2022-01-02 11:36:00,2022-01-02 13:00:00,NYJ,"NFL Week 17 early inactives: Lamar Jackson officially out, Marquise Brown active",https://www.nbcsports.com/nfl/profootballtalk/rumor-mill/news/nfl-week-17-early-inactives-lamar-jackson-officially-out-marquise-brown-active
2021,2022-01-02 11:36:00,2022-01-02 13:00:00,NE,"NFL Week 17 early inactives: Lamar Jackson officially out, Marquise Brown active",https://www.nbcsports.com/nfl/profootballtalk/rumor-mill/news/nfl-week-17-early-inactives-lamar-jackson-officially-out-marquise-brown-active
2021,2022-01-02 11:36:00,2022-01-02 13:00:00,PHI,"NFL Week 17 early inactives: Lamar Jackson officially out, Marquise Brown active",https://www.nbcsports.com/nfl/profootballtalk/rumor-mill/news/nfl-week-17-early-inactives-lamar-jackson-officially-out-marquise-brown-active
2021,2022-01-02 11:36:00,2022-01-02 13:00:00,WAS,"NFL Week 17 early inactives: Lamar Jackson officially out, Marquise Brown active",https://www.nbcsports.com/nfl/profootballtalk/rumor-mill/news/nfl-week-17-early-inactives-lamar-jackson-officially-out-marquise-brown-active
2021,2022-01-02 14:50:00,2022-01-02 16:05:00,DEN,"Ronald Darby inactive, Courtland Sutton active for Broncos-Chargers",https://www.nbcsports.com/nfl/profootballtalk/rumor-mill/news/ronald-darby-inactive-courtland-sutton-active-for-broncos-chargers
2021,2022-01-02 14:50:00,2022-01-02 16:05:00,DEN,"Ronald Darby inactive, Courtland Sutton active for Broncos-Chargers",https://www.nbcsports.com/nfl/profootballtalk/rumor-mill/news/ronald-darby-inactive-courtland-sutton-active-for-broncos-chargers
2021,2022-01-02 14:50:00,2022-01-02 16:05:00,LAC,"Ronald Darby inactive, Courtland Sutton active for Broncos-Chargers",https://www.nbcsports.com/nfl/profootballtalk/rumor-mill/news/ronald-darby-inactive-courtland-sutton-active-for-broncos-chargers
2021,2022-01-02 19:15:00,2022-01-02 20:20:00,MIN,Sunday Night Football: Cameron Dantzler inactive for Vikings-Packers,https://www.nbcsports.com/nfl/profootballtalk/rumor-mill/news/sunday-night-football-cameron-dantzler-inactive-for-vikings-packers
2021,2022-01-02 19:15:00,2022-01-02 20:20:00,MIN,Sunday Night Football: Cameron Dantzler inactive for Vikings-Packers,https://www.nbcsports.com/nfl/profootballtalk/rumor-mill/news/sunday-night-football-cameron-dantzler-inactive-for-vikings-packers
2021,2022-01-02 19:15:00,2022-01-02 20:20:00,MIN,Sunday Night Football: Cameron Dantzler inactive for Vikings-Packers,https://www.nbcsports.com/nfl/profootballtalk/rumor-mill/news/sunday-night-football-cameron-dantzler-inactive-for-vikings-packers
2021,2022-01-02 19:15:00,2022-01-02 20:20:00,MIN,Sunday Night Football: Cameron Dantzler inactive for Vikings-Packers,https://www.nbcsports.com/nfl/profootballtalk/rumor-mill/news/sunday-night-football-cameron-dantzler-inactive-for-vikings-packers
2022,2022-09-25 08:12:00,2022-09-25 13:00:00,NO,"Alvin Kamara is expected to play, Taysom Hill is not",https://www.nbcsports.com/nfl/profootballtalk/rumor-mill/news/alvin-kamara-is-expected-to-play-taysom-hill-is-not
2022,2022-09-25 08:12:00,2022-09-25 13:00:00,NO,"Alvin Kamara is expected to play, Taysom Hill is not",https://www.nbcsports.com/nfl/profootballtalk/rumor-mill/news/alvin-kamara-is-expected-to-play-taysom-hill-is-not
2022,2022-09-11 12:34:00,2022-09-11 20:20:00,DAL,Dak Prescott “felt like something popped” in ankle Thursday; X-rays were negative,https://www.nbcsports.com/nfl/profootballtalk/rumor-mill/news/dak-prescott-felt-like-something-popped-in-ankle-thursday-x-rays-were-negative
2022,2022-09-18 14:38:00,2022-09-18 16:05:00,SF,George Kittle officially inactive Sunday,https://www.nbcsports.com/nfl/profootballtalk/rumor-mill/news/george-kittle-officially-inactive-sunday
2022,2022-09-11 15:08:00,2022-09-11 16:25:00,LAC,"J.C. Jackson, Donald Parham inactive for Chargers-Raiders",https://www.nbcsports.com/nfl/profootballtalk/rumor-mill/news/j-c-jackson-donald-parham-inactive-for-chargers-raiders
2022,2022-09-18 07:32:00,2022-09-18 13:00:00,NO,"Jameis Winston is expected to play, Alvin Kamara likely out",https://www.nbcsports.com/nfl/profootballtalk/rumor-mill/news/jameis-winston-is-expected-to-play-alvin-kamara-likely-out
2022,2022-09-25 09:19:00,2022-09-25 13:00:00,MIA,"Jordan Poyer is out for the Bills today, too",https://www.nbcsports.com/nfl/profootballtalk/rumor-mill/news/jordan-poyer-is-out-for-the-bills-today-too
2022,2022-09-25 04:15:00,2022-09-25 16:05:00,LAC,"Justin Herbert remains unsure if he can play, may get painkilling shot in ribs",https://www.nbcsports.com/nfl/profootballtalk/rumor-mill/news/justin-herbert-remains-unsure-if-he-can-play-may-take-painkilling-shot-in-ribs
2022,2022-09-25 10:38:00,2022-09-25 16:05:00,LAC,Justin Herbert may get ultrasound-guided painkilling injection in his ribs,https://www.nbcsports.com/nfl/profootballtalk/rumor-mill/news/justin-herbert-may-get-ultrasound-guided-painkilling-injection-in-his-ribs
2022,2022-09-11 07:48:00,2022-09-11 13:00:00,NO,"Michael Thomas, Drake London are expected to play Sunday",https://www.nbcsports.com/nfl/profootballtalk/rumor-mill/news/michael-thomas-drake-london-are-expected-to-play-sunday
2022,2022-09-18 11:33:00,2022-09-18 13:00:00,NO,"NFL Week Two early inactives: Alvin Kamara, Julio Jones won’t play",https://www.nbcsports.com/nfl/profootballtalk/rumor-mill/news/nfl-week-two-early-inactives-alvin-kamara-julio-jones-wont-play
2022,2022-09-18 11:33:00,2022-09-18 13:00:00,TB,"NFL Week Two early inactives: Alvin Kamara, Julio Jones won’t play",https://www.nbcsports.com/nfl/profootballtalk/rumor-mill/news/nfl-week-two-early-inactives-alvin-kamara-julio-jones-wont-play
2022,2022-09-18 11:33:00,2022-09-18 13:00:00,NE,"NFL Week Two early inactives: Alvin Kamara, Julio Jones won’t play",https://www.nbcsports.com/nfl/profootballtalk/rumor-mill/news/nfl-week-two-early-inactives-alvin-kamara-julio-jones-wont-play
2022,2022-09-18 11:33:00,2022-09-18 13:00:00,PIT,"NFL Week Two early inactives: Alvin Kamara, Julio Jones won’t play",https://www.nbcsports.com/nfl/profootballtalk/rumor-mill/news/nfl-week-two-early-inactives-alvin-kamara-julio-jones-wont-play
2022,2022-09-25 11:33:00,2022-09-25 13:00:00,MIA,NFL Week 3 early inactives: Aidan Hutchinson will play,https://www.nbcsports.com/nfl/profootballtalk/rumor-mill/news/nfl-week-3-early-inactives-aidan-hutchinson-will-play
2022,2022-09-25 11:33:00,2022-09-25 13:00:00,PHI,NFL Week 3 early inactives: Aidan Hutchinson will play,https://www.nbcsports.com/nfl/profootballtalk/rumor-mill/news/nfl-week-3-early-inactives-aidan-hutchinson-will-play
2022,2022-09-25 11:33:00,2022-09-25 13:00:00,WAS,NFL Week 3 early inactives: Aidan Hutchinson will play,https://www.nbcsports.com/nfl/profootballtalk/rumor-mill/news/nfl-week-3-early-inactives-aidan-hutchinson-will-play
2022,2022-09-25 11:33:00,2022-09-25 13:00:00,NYJ,NFL Week 3 early inactives: Aidan Hutchinson will play,https://www.nbcsports.com/nfl/profootballtalk/rumor-mill/news/nfl-week-3-early-inactives-aidan-hutchinson-will-play
2022,2022-09-11 11:34:00,2022-09-11 13:00:00,NYJ,NFL Week 1 early inactives: Marcus Peters won’t play for Ravens,https://www.nbcsports.com/nfl/profootballtalk/rumor-mill/news/nfl-week-1-early-inactives-marcus-peters-wont-play-for-ravens
2022,2022-09-18 11:48:00,2022-09-18 13:00:00,CLE,Perrion Winfrey inactive for Browns after disciplinary action this week,https://www.nbcsports.com/nfl/profootballtalk/rumor-mill/news/perrion-winfrey-inactive-for-browns-after-disciplinary-action-this-week
2022,2022-09-25 09:08:00,2022-09-25 13:00:00,NYJ,Report: Zach Wilson is expected to be cleared ahead of Week 4,https://www.nbcsports.com/nfl/profootballtalk/rumor-mill/news/report-zach-wilson-is-expected-to-be-cleared-ahead-of-week-4
2022,2022-09-25 09:08:00,2022-09-25 13:00:00,NYJ,Report: Zach Wilson is expected to be cleared ahead of Week 4,https://www.nbcsports.com/nfl/profootballtalk/rumor-mill/news/report-zach-wilson-is-expected-to-be-cleared-ahead-of-week-4
2022,2022-10-02 08:16:00,2022-10-02 09:30:00,NO,Alvin Kamara is inactive for Vikings-Saints,https://www.nbcsports.com/nfl/profootballtalk/rumor-mill/news/alvin-kamara-is-inactive-for-vikings-saints
2022,2022-10-16 05:12:00,2022-10-16 13:00:00,NO,"Chris Olave out, Saints missing their top three receivers vs. Bengals",https://www.nbcsports.com/nfl/profootballtalk/rumor-mill/news/chris-olave-out-saints-missing-their-top-three-receivers-vs-bengals
2022,2022-10-16 08:42:00,2022-10-16 20:20:00,DAL,"CeeDee Lamb is expected to play, Dak Prescott is not expected to dress",https://www.nbcsports.com/nfl/profootballtalk/rumor-mill/news/ceedee-lamb-is-expected-to-play-dak-prescott-is-not-expected-to-dress
2022,2022-10-16 08:42:00,2022-10-16 20:20:00,DAL,"CeeDee Lamb is expected to play, Dak Prescott is not expected to dress",https://www.nbcsports.com/nfl/profootballtalk/rumor-mill/news/ceedee-lamb-is-expected-to-play-dak-prescott-is-not-expected-to-dress
2022,2022-10-16 08:42:00,2022-10-16 20:20:00,DAL,"CeeDee Lamb is expected to play, Dak Prescott is not expected to dress",https://www.nbcsports.com/nfl/profootballtalk/rumor-mill/news/ceedee-lamb-is-expected-to-play-dak-prescott-is-not-expected-to-dress
2022,2022-10-16 19:00:00,2022-10-16 20:20:00,DAL,Dak Prescott officially inactive for Sunday Night Football,https://www.nbcsports.com/nfl/profootballtalk/rumor-mill/news/dak-prescott-officially-inactive-for-sunday-night-football
2022,2022-10-16 19:00:00,2022-10-16 20:20:00,DAL,Dak Prescott officially inactive for Sunday Night Football,https://www.nbcsports.com/nfl/profootballtalk/rumor-mill/news/dak-prescott-officially-inactive-for-sunday-night-football
2022,2022-10-16 19:00:00,2022-10-16 20:20:00,PHI,Dak Prescott officially inactive for Sunday Night Football,https://www.nbcsports.com/nfl/profootballtalk/rumor-mill/news/dak-prescott-officially-inactive-for-sunday-night-football
2022,2022-10-02 09:18:00,2022-10-02 13:00:00,DAL,Dak Prescott’s return from thumb injury looms,https://www.nbcsports.com/nfl/profootballtalk/rumor-mill/news/dak-prescotts-return-from-thumb-injury-looms
2022,2022-10-02 09:18:00,2022-10-02 13:00:00,DAL,Dak Prescott’s return from thumb injury looms,https://www.nbcsports.com/nfl/profootballtalk/rumor-mill/news/dak-prescotts-return-from-thumb-injury-looms
2022,2022-10-23 08:19:00,2022-10-23 13:00:00,DAL,D’Andre Swift is not expected to play against Cowboys,https://www.nbcsports.com/nfl/profootballtalk/rumor-mill/news/dandre-swift-is-not-expected-to-play-against-cowboys
2022,2022-10-16 14:57:00,2022-10-16 16:05:00,CAR,"Frankie Luvu, Baker Mayfield inactive for Panthers-Rams",https://www.nbcsports.com/nfl/profootballtalk/rumor-mill/news/frankie-luvu-baker-mayfield-inactive-for-panthers-rams
2022,2022-10-16 14:57:00,2022-10-16 16:05:00,CAR,"Frankie Luvu, Baker Mayfield inactive for Panthers-Rams",https://www.nbcsports.com/nfl/profootballtalk/rumor-mill/news/frankie-luvu-baker-mayfield-inactive-for-panthers-rams
2022,2022-10-16 14:57:00,2022-10-16 16:05:00,LA,"Frankie Luvu, Baker Mayfield inactive for Panthers-Rams",https://www.nbcsports.com/nfl/profootballtalk/rumor-mill/news/frankie-luvu-baker-mayfield-inactive-for-panthers-rams
2022,2022-10-16 14:57:00,2022-10-16 16:05:00,LA,"Frankie Luvu, Baker Mayfield inactive for Panthers-Rams",https://www.nbcsports.com/nfl/profootballtalk/rumor-mill/news/frankie-luvu-baker-mayfield-inactive-for-panthers-rams
2022,2022-10-16 14:57:00,2022-10-16 16:05:00,LA,"Frankie Luvu, Baker Mayfield inactive for Panthers-Rams",https://www.nbcsports.com/nfl/profootballtalk/rumor-mill/news/frankie-luvu-baker-mayfield-inactive-for-panthers-rams
2022,2022-10-30 15:11:00,2022-10-30 16:25:00,LA,"Jauan Jennings, Jason Verrett inactive for 49ers-Rams",https://www.nbcsports.com/nfl/profootballtalk/rumor-mill/news/jauan-jennings-jason-verrett-inactive-for-49ers-rams
2022,2022-10-23 14:46:00,2022-10-23 16:05:00,DEN,Josey Jewell inactive for Broncos,https://www.nbcsports.com/nfl/profootballtalk/rumor-mill/news/josey-jewell-inactive-for-broncos
2022,2022-10-23 14:46:00,2022-10-23 16:05:00,NYJ,Josey Jewell inactive for Broncos,https://www.nbcsports.com/nfl/profootballtalk/rumor-mill/news/josey-jewell-inactive-for-broncos
2022,2022-10-09 08:25:00,2022-10-09 09:30:00,NYG,"Leonard Williams, Devonte Wyatt inactive in London",https://www.nbcsports.com/nfl/profootballtalk/rumor-mill/news/leonard-williams-devonte-wyatt-inactive-in-london
2022,2022-10-16 07:38:00,2022-10-16 13:00:00,NE,"Listed as questionable, it’s “highly unlikely” Patriots quarterback Mac Jones plays today",https://www.nbcsports.com/nfl/profootballtalk/rumor-mill/news/listed-as-questionable-its-highly-unlikely-patriots-quarterback-mac-jones-plays-today
2022,2022-10-16 07:38:00,2022-10-16 13:00:00,NE,"Listed as questionable, it’s “highly unlikely” Patriots quarterback Mac Jones plays today",https://www.nbcsports.com/nfl/profootballtalk/rumor-mill/news/listed-as-questionable-its-highly-unlikely-patriots-quarterback-mac-jones-plays-today
2022,2022-10-30 11:57:00,2022-10-30 13:00:00,NYJ,"Mike White active as Jets No. 2 QB, Joe Flacco and Chris Streveler inactive",https://www.nbcsports.com/nfl/profootballtalk/rumor-mill/news/mike-white-active-as-jets-no-2-qb-joe-flacco-and-chris-streveler-inactive
2022,2022-10-30 11:57:00,2022-10-30 13:00:00,NYJ,"Mike White active as Jets No. 2 QB, Joe Flacco and Chris Streveler inactive",https://www.nbcsports.com/nfl/profootballtalk/rumor-mill/news/mike-white-active-as-jets-no-2-qb-joe-flacco-and-chris-streveler-inactive
2022,2022-10-30 11:57:00,2022-10-30 13:00:00,NYJ,"Mike White active as Jets No. 2 QB, Joe Flacco and Chris Streveler inactive",https://www.nbcsports.com/nfl/profootballtalk/rumor-mill/news/mike-white-active-as-jets-no-2-qb-joe-flacco-and-chris-streveler-inactive
2022,2022-10-30 11:57:00,2022-10-30 13:00:00,NYJ,"Mike White active as Jets No. 2 QB, Joe Flacco and Chris Streveler inactive",https://www.nbcsports.com/nfl/profootballtalk/rumor-mill/news/mike-white-active-as-jets-no-2-qb-joe-flacco-and-chris-streveler-inactive
2022,2022-10-02 11:34:00,2022-10-02 13:00:00,CLE,NFL Week 4 early inactives: Ronnie Stanley out again,https://www.nbcsports.com/nfl/profootballtalk/rumor-mill/news/nfl-week-4-early-inactives-ronnie-stanley-out-again
2022,2022-10-09 11:32:00,2022-10-09 13:00:00,LAC,NFL Week 5 early inactives: Jadeveon Clowney is back for Browns,https://www.nbcsports.com/nfl/profootballtalk/rumor-mill/news/nfl-week-5-early-inactives-jadeveon-clowney-is-back-for-browns
2022,2022-10-09 11:32:00,2022-10-09 13:00:00,CLE,NFL Week 5 early inactives: Jadeveon Clowney is back for Browns,https://www.nbcsports.com/nfl/profootballtalk/rumor-mill/news/nfl-week-5-early-inactives-jadeveon-clowney-is-back-for-browns
2022,2022-10-09 11:32:00,2022-10-09 13:00:00,WAS,NFL Week 5 early inactives: Jadeveon Clowney is back for Browns,https://www.nbcsports.com/nfl/profootballtalk/rumor-mill/news/nfl-week-5-early-inactives-jadeveon-clowney-is-back-for-browns
2022,2022-10-09 11:32:00,2022-10-09 13:00:00,MIA,NFL Week 5 early inactives: Jadeveon Clowney is back for Browns,https://www.nbcsports.com/nfl/profootballtalk/rumor-mill/news/nfl-week-5-early-inactives-jadeveon-clowney-is-back-for-browns
2022,2022-10-09 10:13:00,2022-10-09 13:00:00,MIA,NFLPA: No “meaningful application” of concussion protocol to Tua Tagovailoa,https://www.nbcsports.com/nfl/profootballtalk/rumor-mill/news/nflpa-no-meaningful-application-of-concussion-protocol-to-tua-tagovailoa
2022,2022-10-23 19:18:00,2022-10-23 20:20:00,MIA,NFL: Median number of days to return from concussion is nine,https://www.nbcsports.com/nfl/profootballtalk/rumor-mill/news/nfl-median-number-of-days-to-return-from-concussion-is-nine
2022,2022-10-23 19:18:00,2022-10-23 20:20:00,PIT,NFL: Median number of days to return from concussion is nine,https://www.nbcsports.com/nfl/profootballtalk/rumor-mill/news/nfl-median-number-of-days-to-return-from-concussion-is-nine
2022,2022-10-16 11:32:00,2022-10-16 13:00:00,NYJ,NFL Week 6 early inactives: Nick Bosa out for 49ers,https://www.nbcsports.com/nfl/profootballtalk/rumor-mill/news/nfl-week-6-early-inactives-nick-bosa-out-for-49ers
2022,2022-10-16 11:32:00,2022-10-16 13:00:00,NE,NFL Week 6 early inactives: Nick Bosa out for 49ers,https://www.nbcsports.com/nfl/profootballtalk/rumor-mill/news/nfl-week-6-early-inactives-nick-bosa-out-for-49ers
2022,2022-10-16 11:32:00,2022-10-16 13:00:00,CLE,NFL Week 6 early inactives: Nick Bosa out for 49ers,https://www.nbcsports.com/nfl/profootballtalk/rumor-mill/news/nfl-week-6-early-inactives-nick-bosa-out-for-49ers
2022,2022-10-23 11:35:00,2022-10-23 13:00:00,CLE,"NFL 2022 Week 7 early inactives: Ronnie Stanley, Jadeveon Clowney active in Baltimore",https://www.nbcsports.com/nfl/profootballtalk/rumor-mill/news/nfl-2022-week-7-early-inactives-ronnie-stanley-jadeveon-clowney-active-in-baltimore
2022,2022-10-09 15:21:00,2022-10-09 20:20:00,CIN,"On day of second London game, the Sunday Times targeted NFL concussions",https://www.nbcsports.com/nfl/profootballtalk/rumor-mill/news/on-day-of-second-london-game-the-sunday-times-targeted-nfl-concussions
2022,2022-10-16 14:45:00,2022-10-16 16:05:00,ARI,Rodney Hudson inactive for Cardinals,https://www.nbcsports.com/nfl/profootballtalk/rumor-mill/news/rodney-hudson-inactive-for-cardinals
2022,2022-10-30 08:50:00,2022-10-30 09:30:00,DEN,"Russell Wilson officially active for Broncos, Jamal Agnew out for Jaguars",https://www.nbcsports.com/nfl/profootballtalk/rumor-mill/news/russell-wilson-officially-active-for-broncos-jamal-agnew-out-for-jaguars
2022,2022-10-23 09:36:00,2022-10-23 16:05:00,DEN,Report: Russell Wilson has a partial hamstring tear,https://www.nbcsports.com/nfl/profootballtalk/rumor-mill/news/report-russell-wilson-has-a-partial-hamstring-tear
2022,2022-10-16 11:47:00,2022-10-16 13:00:00,IND,"Sam Ehlinger active, Nick Foles inactive for Colts",https://www.nbcsports.com/nfl/profootballtalk/rumor-mill/news/sam-ehlinger-active-nick-foles-inactive-for-colts
2022,2022-10-16 11:47:00,2022-10-16 13:00:00,IND,"Sam Ehlinger active, Nick Foles inactive for Colts",https://www.nbcsports.com/nfl/profootballtalk/rumor-mill/news/sam-ehlinger-active-nick-foles-inactive-for-colts
2022,2022-10-16 11:47:00,2022-10-16 13:00:00,IND,"Sam Ehlinger active, Nick Foles inactive for Colts",https://www.nbcsports.com/nfl/profootballtalk/rumor-mill/news/sam-ehlinger-active-nick-foles-inactive-for-colts
2022,2022-10-23 19:04:00,2022-10-23 20:20:00,MIA,"Sunday Night Football: Emmanuel Ogbah inactive, but Jaylen Waddle, Terron Armstead will play",https://www.nbcsports.com/nfl/profootballtalk/rumor-mill/news/sunday-night-football-emmanuel-ogbah-inactive-but-jaylen-waddle-terron-armstead-will-play
2022,2022-10-23 19:04:00,2022-10-23 20:20:00,PIT,"Sunday Night Football: Emmanuel Ogbah inactive, but Jaylen Waddle, Terron Armstead will play",https://www.nbcsports.com/nfl/profootballtalk/rumor-mill/news/sunday-night-football-emmanuel-ogbah-inactive-but-jaylen-waddle-terron-armstead-will-play
2021,2021-11-14 04:48:00,2021-11-14 16:25:00,PHI,"Denzel Perryman fined $55,000 for hit on Jalen Hurts",https://www.nbcsports.com/nfl/profootballtalk/rumor-mill/news/denzel-perryman-fined-55000-for-hit-on-jalen-hurts
2022,2022-10-30 11:31:00,2022-10-30 13:00:00,NYJ,NFL 2022 Week 8 early inactives: Darren Waller out for Raiders,https://www.nbcsports.com/nfl/profootballtalk/rumor-mill/news/nfl-2022-week-8-early-inactives-darren-waller-out-for-raiders
2022,2022-10-30 11:31:00,2022-10-30 13:00:00,NYJ,NFL 2022 Week 8 early inactives: Darren Waller out for Raiders,https://www.nbcsports.com/nfl/profootballtalk/rumor-mill/news/nfl-2022-week-8-early-inactives-darren-waller-out-for-raiders
2022,2022-10-30 11:31:00,2022-10-30 13:00:00,ARI,NFL 2022 Week 8 early inactives: Darren Waller out for Raiders,https://www.nbcsports.com/nfl/profootballtalk/rumor-mill/news/nfl-2022-week-8-early-inactives-darren-waller-out-for-raiders
2022,2022-10-30 11:31:00,2022-10-30 13:00:00,MIA,NFL 2022 Week 8 early inactives: Darren Waller out for Raiders,https://www.nbcsports.com/nfl/profootballtalk/rumor-mill/news/nfl-2022-week-8-early-inactives-darren-waller-out-for-raiders
2022,2022-10-30 11:31:00,2022-10-30 13:00:00,PIT,NFL 2022 Week 8 early inactives: Darren Waller out for Raiders,https://www.nbcsports.com/nfl/profootballtalk/rumor-mill/news/nfl-2022-week-8-early-inactives-darren-waller-out-for-raiders
2022,2022-10-30 11:31:00,2022-10-30 13:00:00,PHI,NFL 2022 Week 8 early inactives: Darren Waller out for Raiders,https://www.nbcsports.com/nfl/profootballtalk/rumor-mill/news/nfl-2022-week-8-early-inactives-darren-waller-out-for-raiders
2022,2022-10-09 08:39:00,2022-10-09 13:00:00,MIA,"Tyreek Hill, Jaylen Waddle are expected to play against Jets",https://www.nbcsports.com/nfl/profootballtalk/rumor-mill/news/tyreek-hill-jaylen-waddle-are-expected-to-play-against-jets
2022,2022-11-27 15:14:00,2022-11-27 16:05:00,ARI,Greg Dortch is inactive for Cardinals vs. Chargers,https://www.nbcsports.com/nfl/profootballtalk/rumor-mill/news/greg-dortch-is-inactive-for-cardinals-vs-chargers
2022,2022-11-27 15:14:00,2022-11-27 16:05:00,ARI,Greg Dortch is inactive for Cardinals vs. Chargers,https://www.nbcsports.com/nfl/profootballtalk/rumor-mill/news/greg-dortch-is-inactive-for-cardinals-vs-chargers
2022,2022-11-27 15:14:00,2022-11-27 16:05:00,LAC,Greg Dortch is inactive for Cardinals vs. Chargers,https://www.nbcsports.com/nfl/profootballtalk/rumor-mill/news/greg-dortch-is-inactive-for-cardinals-vs-chargers
2022,2022-11-27 15:13:00,2022-11-27 16:25:00,LA,"Joe Thuney, Juan Thornhill inactive for Chiefs-Rams",https://www.nbcsports.com/nfl/profootballtalk/rumor-mill/news/joe-thuney-juan-thornhill-inactive-for-chiefs-rams
2022,2022-11-27 15:13:00,2022-11-27 16:25:00,LA,"Joe Thuney, Juan Thornhill inactive for Chiefs-Rams",https://www.nbcsports.com/nfl/profootballtalk/rumor-mill/news/joe-thuney-juan-thornhill-inactive-for-chiefs-rams
2022,2022-11-27 15:13:00,2022-11-27 16:25:00,LA,"Joe Thuney, Juan Thornhill inactive for Chiefs-Rams",https://www.nbcsports.com/nfl/profootballtalk/rumor-mill/news/joe-thuney-juan-thornhill-inactive-for-chiefs-rams
2022,2022-11-27 15:13:00,2022-11-27 16:25:00,KC,"Joe Thuney, Juan Thornhill inactive for Chiefs-Rams",https://www.nbcsports.com/nfl/profootballtalk/rumor-mill/news/joe-thuney-juan-thornhill-inactive-for-chiefs-rams
2022,2022-11-27 11:29:00,2022-11-27 13:00:00,CHI,Justin Fields inactive for Bears Sunday,https://www.nbcsports.com/nfl/profootballtalk/rumor-mill/news/justin-fields-inactive-for-bears-sunday
2022,2022-11-27 11:29:00,2022-11-27 13:00:00,CHI,Justin Fields inactive for Bears Sunday,https://www.nbcsports.com/nfl/profootballtalk/rumor-mill/news/justin-fields-inactive-for-bears-sunday
2022,2022-11-27 11:29:00,2022-11-27 13:00:00,CHI,Justin Fields inactive for Bears Sunday,https://www.nbcsports.com/nfl/profootballtalk/rumor-mill/news/justin-fields-inactive-for-bears-sunday
2022,2022-11-27 11:29:00,2022-11-27 13:00:00,NYJ,Justin Fields inactive for Bears Sunday,https://www.nbcsports.com/nfl/profootballtalk/rumor-mill/news/justin-fields-inactive-for-bears-sunday
2022,2022-11-27 11:29:00,2022-11-27 13:00:00,NYJ,Justin Fields inactive for Bears Sunday,https://www.nbcsports.com/nfl/profootballtalk/rumor-mill/news/justin-fields-inactive-for-bears-sunday
2022,2022-11-13 14:41:00,2022-11-13 16:05:00,IND,"Kwity Paye active for Colts, Denzel Perryman inactive for Raiders",https://www.nbcsports.com/nfl/profootballtalk/rumor-mill/news/kwity-paye-active-for-colts-denzel-perryman-inactive-for-raiders
2022,2022-11-13 14:41:00,2022-11-13 16:05:00,IND,"Kwity Paye active for Colts, Denzel Perryman inactive for Raiders",https://www.nbcsports.com/nfl/profootballtalk/rumor-mill/news/kwity-paye-active-for-colts-denzel-perryman-inactive-for-raiders
2022,2022-11-13 14:41:00,2022-11-13 16:05:00,IND,"Kwity Paye active for Colts, Denzel Perryman inactive for Raiders",https://www.nbcsports.com/nfl/profootballtalk/rumor-mill/news/kwity-paye-active-for-colts-denzel-perryman-inactive-for-raiders
2022,2022-11-13 11:53:00,2022-11-13 16:25:00,ARI,Matt Prater ruled out for Sunday’s game,https://www.nbcsports.com/nfl/profootballtalk/rumor-mill/news/matt-prater-ruled-out-for-sundays-game
2022,2022-11-13 15:04:00,2022-11-13 16:25:00,ARI,"Kyler Murray, Matthew Stafford both inactive for Cardinals-Rams",https://www.nbcsports.com/nfl/profootballtalk/rumor-mill/news/kyler-murray-matthew-stafford-both-inactive-for-cardinals-rams
2022,2022-11-13 15:04:00,2022-11-13 16:25:00,LA,"Kyler Murray, Matthew Stafford both inactive for Cardinals-Rams",https://www.nbcsports.com/nfl/profootballtalk/rumor-mill/news/kyler-murray-matthew-stafford-both-inactive-for-cardinals-rams
2022,2022-11-13 15:04:00,2022-11-13 16:25:00,ARI,"Kyler Murray, Matthew Stafford both inactive for Cardinals-Rams",https://www.nbcsports.com/nfl/profootballtalk/rumor-mill/news/kyler-murray-matthew-stafford-both-inactive-for-cardinals-rams
2022,2022-11-13 15:04:00,2022-11-13 16:25:00,LA,"Kyler Murray, Matthew Stafford both inactive for Cardinals-Rams",https://www.nbcsports.com/nfl/profootballtalk/rumor-mill/news/kyler-murray-matthew-stafford-both-inactive-for-cardinals-rams
2022,2022-11-06 18:55:00,2022-11-06 20:20:00,TEN,Malik Willis to start for Titans with Ryan Tannehill inactive,https://www.nbcsports.com/nfl/profootballtalk/rumor-mill/news/malik-willis-to-start-for-titans-with-ryan-tannehill-inactive
2022,2022-11-06 18:55:00,2022-11-06 20:20:00,TEN,Malik Willis to start for Titans with Ryan Tannehill inactive,https://www.nbcsports.com/nfl/profootballtalk/rumor-mill/news/malik-willis-to-start-for-titans-with-ryan-tannehill-inactive
2022,2022-11-06 18:55:00,2022-11-06 20:20:00,TEN,Malik Willis to start for Titans with Ryan Tannehill inactive,https://www.nbcsports.com/nfl/profootballtalk/rumor-mill/news/malik-willis-to-start-for-titans-with-ryan-tannehill-inactive
2022,2022-11-06 18:55:00,2022-11-06 20:20:00,KC,Malik Willis to start for Titans with Ryan Tannehill inactive,https://www.nbcsports.com/nfl/profootballtalk/rumor-mill/news/malik-willis-to-start-for-titans-with-ryan-tannehill-inactive
2022,2022-11-06 11:34:00,2022-11-06 13:00:00,IND,"NFL 2022 Week 9 early inactives: Allen Lazard, Christian Watson active for Packers",https://www.nbcsports.com/nfl/profootballtalk/rumor-mill/news/nfl-2022-week-9-early-inactives-allen-lazard-christian-watson-active-for-packers
2022,2022-11-06 11:34:00,2022-11-06 13:00:00,LAC,"NFL 2022 Week 9 early inactives: Allen Lazard, Christian Watson active for Packers",https://www.nbcsports.com/nfl/profootballtalk/rumor-mill/news/nfl-2022-week-9-early-inactives-allen-lazard-christian-watson-active-for-packers
2022,2022-11-27 12:17:00,2022-11-27 13:00:00,CHI,Nathan Peterman to start for Bears after Trevor Siemian injured in pregame warmups,https://www.nbcsports.com/nfl/profootballtalk/rumor-mill/news/nathan-peterman-to-start-for-bears-after-trevor-siemian-injured-in-pregame-warmups
2022,2022-11-27 12:17:00,2022-11-27 13:00:00,CHI,Nathan Peterman to start for Bears after Trevor Siemian injured in pregame warmups,https://www.nbcsports.com/nfl/profootballtalk/rumor-mill/news/nathan-peterman-to-start-for-bears-after-trevor-siemian-injured-in-pregame-warmups
2022,2022-11-27 12:17:00,2022-11-27 13:00:00,CHI,Nathan Peterman to start for Bears after Trevor Siemian injured in pregame warmups,https://www.nbcsports.com/nfl/profootballtalk/rumor-mill/news/nathan-peterman-to-start-for-bears-after-trevor-siemian-injured-in-pregame-warmups
2022,2022-11-13 11:33:00,2022-11-13 13:00:00,TEN,"NFL 2022 Week 10 early inactives: Josh Allen, Ryan Tannehill officially active",https://www.nbcsports.com/nfl/profootballtalk/rumor-mill/news/nfl-2022-week-10-early-inactives-josh-allen-ryan-tannehill-officially-active
2022,2022-11-13 11:33:00,2022-11-13 16:25:00,ARI,"NFL 2022 Week 10 early inactives: Josh Allen, Ryan Tannehill officially active",https://www.nbcsports.com/nfl/profootballtalk/rumor-mill/news/nfl-2022-week-10-early-inactives-josh-allen-ryan-tannehill-officially-active
2022,2022-11-13 11:33:00,2022-11-13 16:25:00,LA,"NFL 2022 Week 10 early inactives: Josh Allen, Ryan Tannehill officially active",https://www.nbcsports.com/nfl/profootballtalk/rumor-mill/news/nfl-2022-week-10-early-inactives-josh-allen-ryan-tannehill-officially-active
2022,2022-11-13 11:33:00,2022-11-13 13:00:00,KC,"NFL 2022 Week 10 early inactives: Josh Allen, Ryan Tannehill officially active",https://www.nbcsports.com/nfl/profootballtalk/rumor-mill/news/nfl-2022-week-10-early-inactives-josh-allen-ryan-tannehill-officially-active
2022,2022-11-13 11:33:00,2022-11-13 13:00:00,CLE,"NFL 2022 Week 10 early inactives: Josh Allen, Ryan Tannehill officially active",https://www.nbcsports.com/nfl/profootballtalk/rumor-mill/news/nfl-2022-week-10-early-inactives-josh-allen-ryan-tannehill-officially-active
2022,2022-11-13 11:33:00,2022-11-13 13:00:00,MIA,"NFL 2022 Week 10 early inactives: Josh Allen, Ryan Tannehill officially active",https://www.nbcsports.com/nfl/profootballtalk/rumor-mill/news/nfl-2022-week-10-early-inactives-josh-allen-ryan-tannehill-officially-active
2022,2022-11-13 11:33:00,2022-11-13 13:00:00,PIT,"NFL 2022 Week 10 early inactives: Josh Allen, Ryan Tannehill officially active",https://www.nbcsports.com/nfl/profootballtalk/rumor-mill/news/nfl-2022-week-10-early-inactives-josh-allen-ryan-tannehill-officially-active
2022,2022-11-20 11:35:00,2022-11-20 13:00:00,NYJ,NFL 2022 Week 11 early inactives: Lamar Jackson is officially active,https://www.nbcsports.com/nfl/profootballtalk/rumor-mill/news/nfl-2022-week-11-early-inactives-lamar-jackson-is-officially-active
2022,2022-11-20 11:35:00,2022-11-20 13:00:00,CLE,NFL 2022 Week 11 early inactives: Lamar Jackson is officially active,https://www.nbcsports.com/nfl/profootballtalk/rumor-mill/news/nfl-2022-week-11-early-inactives-lamar-jackson-is-officially-active
2022,2022-11-20 11:35:00,2022-11-20 13:00:00,PHI,NFL 2022 Week 11 early inactives: Lamar Jackson is officially active,https://www.nbcsports.com/nfl/profootballtalk/rumor-mill/news/nfl-2022-week-11-early-inactives-lamar-jackson-is-officially-active
2022,2022-11-27 11:31:00,2022-11-27 13:00:00,CHI,NFL 2022 Week 12 early inactives: Ja’Marr Chase officially out,https://www.nbcsports.com/nfl/profootballtalk/rumor-mill/news/nfl-2022-week-12-early-inactives-jamarr-chase-officially-out
2022,2022-11-27 11:31:00,2022-11-27 13:00:00,NYJ,NFL 2022 Week 12 early inactives: Ja’Marr Chase officially out,https://www.nbcsports.com/nfl/profootballtalk/rumor-mill/news/nfl-2022-week-12-early-inactives-jamarr-chase-officially-out
2022,2022-11-27 08:10:00,2022-11-27 20:20:00,GB,Report: Aaron Rodgers has avulsion fracture in thumb,https://www.nbcsports.com/nfl/profootballtalk/rumor-mill/news/report-aaron-rodgers-has-avulsion-fracture-in-thumb
2022,2022-11-27 08:10:00,2022-11-27 20:20:00,GB,Report: Aaron Rodgers has avulsion fracture in thumb,https://www.nbcsports.com/nfl/profootballtalk/rumor-mill/news/report-aaron-rodgers-has-avulsion-fracture-in-thumb
2022,2022-11-20 11:50:00,2022-11-20 13:00:00,IND,"Matt Pryor out for Colts, reportedly went to hospital with illness",https://www.nbcsports.com/nfl/profootballtalk/rumor-mill/news/report-matt-pryor-out-after-going-to-hospital-with-illness
2022,2022-11-13 11:45:00,2022-11-13 13:00:00,MIA,Teddy Bridgewater inactive for Dolphins,https://www.nbcsports.com/nfl/profootballtalk/rumor-mill/news/teddy-bridgewater-inactive-for-dolphins
2022,2022-11-13 11:45:00,2022-11-13 13:00:00,MIA,Teddy Bridgewater inactive for Dolphins,https://www.nbcsports.com/nfl/profootballtalk/rumor-mill/news/teddy-bridgewater-inactive-for-dolphins
2022,2022-11-13 11:45:00,2022-11-13 13:00:00,MIA,Teddy Bridgewater inactive for Dolphins,https://www.nbcsports.com/nfl/profootballtalk/rumor-mill/news/teddy-bridgewater-inactive-for-dolphins
2022,2022-11-13 19:25:00,2022-11-13 20:20:00,LAC,"Sunday Night Football: Samson Ebukam, Trey Pipkins among the inactives",https://www.nbcsports.com/nfl/profootballtalk/rumor-mill/news/sunday-night-football-samson-ebukam-trey-pipkins-among-the-inactives
2022,2022-12-04 14:56:00,2022-12-04 16:05:00,MIA,Deebo Samuel officially active for 49ers-Dolphins; Terron Armstead inactive,https://www.nbcsports.com/nfl/profootballtalk/rumor-mill/news/deebo-samuel-officially-active-for-49ers-dolphins-terron-armstead-inactive
2022,2022-12-04 14:56:00,2022-12-04 16:05:00,MIA,Deebo Samuel officially active for 49ers-Dolphins; Terron Armstead inactive,https://www.nbcsports.com/nfl/profootballtalk/rumor-mill/news/deebo-samuel-officially-active-for-49ers-dolphins-terron-armstead-inactive
2022,2022-12-04 14:56:00,2022-12-04 16:05:00,MIA,Deebo Samuel officially active for 49ers-Dolphins; Terron Armstead inactive,https://www.nbcsports.com/nfl/profootballtalk/rumor-mill/news/deebo-samuel-officially-active-for-49ers-dolphins-terron-armstead-inactive
2022,2022-12-18 15:14:00,2022-12-18 16:25:00,LAC,"Derwin James inactive, Bryce Callahan and Sebastian Joseph-Day active for Chargers",https://www.nbcsports.com/nfl/profootballtalk/rumor-mill/news/derwin-james-inactive-bryce-callahan-and-sebastian-joseph-day-active-for-chargers
2022,2022-12-04 08:44:00,2022-12-04 16:05:00,LA,"Matthew Stafford to IR underscores disaster scenario for Rams, NFL",https://www.nbcsports.com/nfl/profootballtalk/rumor-mill/news/matthew-stafford-to-ir-underscores-disaster-scenario-for-rams-nfl
2022,2022-12-11 18:25:00,2022-12-11 20:20:00,MIA,"Mike Tomlin doesn’t know details of Kenny Pickett being cleared of head injury, then leaving with one",https://www.nbcsports.com/nfl/profootballtalk/rumor-mill/news/mike-tomlin-doesnt-know-details-of-kenny-pickett-being-cleared-of-head-injury-then-leaving-with-one
2022,2022-12-11 11:34:00,2022-12-11 13:00:00,JAX,NFL 2022 Week 14 early inactives: Trevor Lawrence officially active for Jaguars,https://www.nbcsports.com/nfl/profootballtalk/rumor-mill/news/nfl-2022-week-14-early-inactives-trevor-lawrence-officially-active-for-jaguars
2022,2022-12-11 11:34:00,2022-12-11 13:00:00,CLE,NFL 2022 Week 14 early inactives: Trevor Lawrence officially active for Jaguars,https://www.nbcsports.com/nfl/profootballtalk/rumor-mill/news/nfl-2022-week-14-early-inactives-trevor-lawrence-officially-active-for-jaguars
2022,2022-12-11 11:34:00,2022-12-11 13:00:00,PHI,NFL 2022 Week 14 early inactives: Trevor Lawrence officially active for Jaguars,https://www.nbcsports.com/nfl/profootballtalk/rumor-mill/news/nfl-2022-week-14-early-inactives-trevor-lawrence-officially-active-for-jaguars
2022,2022-12-11 11:34:00,2022-12-11 13:00:00,PIT,NFL 2022 Week 14 early inactives: Trevor Lawrence officially active for Jaguars,https://www.nbcsports.com/nfl/profootballtalk/rumor-mill/news/nfl-2022-week-14-early-inactives-trevor-lawrence-officially-active-for-jaguars
2022,2022-12-11 11:34:00,2022-12-11 13:00:00,HOU,NFL 2022 Week 14 early inactives: Trevor Lawrence officially active for Jaguars,https://www.nbcsports.com/nfl/profootballtalk/rumor-mill/news/nfl-2022-week-14-early-inactives-trevor-lawrence-officially-active-for-jaguars
2022,2022-12-11 11:34:00,2022-12-11 13:00:00,DAL,NFL 2022 Week 14 early inactives: Trevor Lawrence officially active for Jaguars,https://www.nbcsports.com/nfl/profootballtalk/rumor-mill/news/nfl-2022-week-14-early-inactives-trevor-lawrence-officially-active-for-jaguars
2022,2022-12-11 11:34:00,2022-12-11 13:00:00,NYJ,NFL 2022 Week 14 early inactives: Trevor Lawrence officially active for Jaguars,https://www.nbcsports.com/nfl/profootballtalk/rumor-mill/news/nfl-2022-week-14-early-inactives-trevor-lawrence-officially-active-for-jaguars
2022,2022-12-04 11:33:00,2022-12-04 13:00:00,ATL,NFL 2022 Week 13 early inactives: T.J. Watt is active for Steelers,https://www.nbcsports.com/nfl/profootballtalk/rumor-mill/news/nfl-2022-week-13-early-inactives-t-j-watt-is-active-for-steelers
2022,2022-12-04 11:33:00,2022-12-04 13:00:00,PIT,NFL 2022 Week 13 early inactives: T.J. Watt is active for Steelers,https://www.nbcsports.com/nfl/profootballtalk/rumor-mill/news/nfl-2022-week-13-early-inactives-t-j-watt-is-active-for-steelers
2022,2022-12-04 11:33:00,2022-12-04 13:00:00,CLE,NFL 2022 Week 13 early inactives: T.J. Watt is active for Steelers,https://www.nbcsports.com/nfl/profootballtalk/rumor-mill/news/nfl-2022-week-13-early-inactives-t-j-watt-is-active-for-steelers
2022,2022-12-04 11:33:00,2022-12-04 13:00:00,NYJ,NFL 2022 Week 13 early inactives: T.J. Watt is active for Steelers,https://www.nbcsports.com/nfl/profootballtalk/rumor-mill/news/nfl-2022-week-13-early-inactives-t-j-watt-is-active-for-steelers
2022,2022-12-04 11:33:00,2022-12-04 13:00:00,PHI,NFL 2022 Week 13 early inactives: T.J. Watt is active for Steelers,https://www.nbcsports.com/nfl/profootballtalk/rumor-mill/news/nfl-2022-week-13-early-inactives-t-j-watt-is-active-for-steelers
2022,2022-12-04 11:33:00,2022-12-04 13:00:00,CHI,NFL 2022 Week 13 early inactives: T.J. Watt is active for Steelers,https://www.nbcsports.com/nfl/profootballtalk/rumor-mill/news/nfl-2022-week-13-early-inactives-t-j-watt-is-active-for-steelers
2022,2022-12-18 11:36:00,2022-12-18 13:00:00,KC,NFL 2022 Week 15 early inactives: Chris Jones active for Chiefs,https://www.nbcsports.com/nfl/profootballtalk/rumor-mill/news/nfl-2022-week-15-early-inactives-chris-jones-active-for-chiefs
2022,2022-12-18 11:36:00,2022-12-18 13:00:00,HOU,NFL 2022 Week 15 early inactives: Chris Jones active for Chiefs,https://www.nbcsports.com/nfl/profootballtalk/rumor-mill/news/nfl-2022-week-15-early-inactives-chris-jones-active-for-chiefs
2022,2022-12-18 11:36:00,2022-12-18 13:00:00,NYJ,NFL 2022 Week 15 early inactives: Chris Jones active for Chiefs,https://www.nbcsports.com/nfl/profootballtalk/rumor-mill/news/nfl-2022-week-15-early-inactives-chris-jones-active-for-chiefs
2022,2022-12-18 11:36:00,2022-12-18 13:00:00,PIT,NFL 2022 Week 15 early inactives: Chris Jones active for Chiefs,https://www.nbcsports.com/nfl/profootballtalk/rumor-mill/news/nfl-2022-week-15-early-inactives-chris-jones-active-for-chiefs
2022,2022-12-18 11:36:00,2022-12-18 13:00:00,PHI,NFL 2022 Week 15 early inactives: Chris Jones active for Chiefs,https://www.nbcsports.com/nfl/profootballtalk/rumor-mill/news/nfl-2022-week-15-early-inactives-chris-jones-active-for-chiefs
2022,2022-12-18 11:36:00,2022-12-18 13:00:00,CHI,NFL 2022 Week 15 early inactives: Chris Jones active for Chiefs,https://www.nbcsports.com/nfl/profootballtalk/rumor-mill/news/nfl-2022-week-15-early-inactives-chris-jones-active-for-chiefs
2022,2022-12-18 11:36:00,2022-12-18 13:00:00,DAL,NFL 2022 Week 15 early inactives: Chris Jones active for Chiefs,https://www.nbcsports.com/nfl/profootballtalk/rumor-mill/news/nfl-2022-week-15-early-inactives-chris-jones-active-for-chiefs
2022,2022-12-11 04:35:00,2022-12-11 13:00:00,BAL,"Report: Lamar Jackson likely to miss next week, return Christmas Eve",https://www.nbcsports.com/nfl/profootballtalk/rumor-mill/news/report-lamar-jackson-likely-to-miss-next-week-return-christmas-eve
2022,2022-12-18 19:17:00,2022-12-18 20:20:00,WAS,Sunday Night Football: Chase Young officially inactive; Leonard Williams will play,https://www.nbcsports.com/nfl/profootballtalk/rumor-mill/news/sunday-night-football-chase-young-officially-inactive-leonard-williams-will-play
2022,2022-12-18 19:17:00,2022-12-18 20:20:00,NYG,Sunday Night Football: Chase Young officially inactive; Leonard Williams will play,https://www.nbcsports.com/nfl/profootballtalk/rumor-mill/news/sunday-night-football-chase-young-officially-inactive-leonard-williams-will-play
2022,2022-12-11 19:05:00,2022-12-11 20:20:00,LAC,"Sunday Night Football: Derwin James inactive for Chargers, Terron Armstead active for Dolphins",https://www.nbcsports.com/nfl/profootballtalk/rumor-mill/news/sunday-night-football-derwin-james-inactive-for-chargers-terron-armstead-active-for-dolphins
2022,2022-12-11 19:05:00,2022-12-11 20:20:00,MIA,"Sunday Night Football: Derwin James inactive for Chargers, Terron Armstead active for Dolphins",https://www.nbcsports.com/nfl/profootballtalk/rumor-mill/news/sunday-night-football-derwin-james-inactive-for-chargers-terron-armstead-active-for-dolphins
2022,2022-12-18 11:50:00,2022-12-18 13:00:00,JAX,"Travon Walker inactive, Trevor Lawrence active for Jags",https://www.nbcsports.com/nfl/profootballtalk/rumor-mill/news/travon-walker-inactive-trevor-lawrence-active-for-jags
2021,2021-10-03 14:08:34,2021-10-03 16:25:00,DEN,Teddy Bridgewater in locker room being evaluated for a concussion,https://www.nbcsports.com/nfl/profootballtalk/rumor-mill/news/teddy-bridgewater-in-locker-room-being-evaluated-for-a-concussion
2021,2021-10-03 14:08:34,2021-10-03 16:25:00,DEN,Teddy Bridgewater in locker room being evaluated for a concussion,https://www.nbcsports.com/nfl/profootballtalk/rumor-mill/news/teddy-bridgewater-in-locker-room-being-evaluated-for-a-concussion
2021,2021-11-28 15:52:45,2021-11-28 16:25:00,GB,Aaron Rodgers to decide on possible toe surgery in the morning,https://www.nbcsports.com/nfl/profootballtalk/rumor-mill/news/aaron-rodgers-to-decide-on-possible-toe-surgery-in-the-morning
